date,T2M,PRECTOTCORR,RH2M,WS2M,ALLSKY_SFC_SW_DWN
1996-11-01,2.57,0.0,68.83,1.88,9.82
1996-11-02,4.73,0.0,67.39,1.42,9.53
1996-11-03,4.84,0.01,72.07,2.12,7.05
1996-11-04,3.85,0.38,78.76,3.07,8.13
1996-11-05,1.46,0.02,80.03,1.75,8.54
1996-11-06,4.74,0.52,81.55,4.53,8.3
1996-11-07,3.11,0.33,74.76,1.6,5.3
1996-11-08,7.23,0.03,84.16,2.45,6.44
1996-11-09,6.87,0.01,77.75,1.14,7.21
1996-11-10,4.96,0.01,83.63,1.46,7.06
1996-11-11,7.12,0.08,78.81,1.9,6.97
1996-11-12,6.56,0.69,81.39,1.18,5.68
1996-11-13,7.08,5.7,82.16,2.42,6.12
1996-11-14,4.45,0.27,86.28,1.05,7.76
1996-11-15,3.08,0.2,77.67,1.7,4.45
1996-11-16,2.92,2.0,84.49,4.1,3.74
1996-11-17,4.37,7.5,86.89,3.77,5.33
1996-11-18,2.5,5.16,93.95,1.48,5.42
1996-11-19,-2.82,13.4,90.0,3.28,2.57
1996-11-20,-3.66,0.82,89.62,1.8,4.29
1996-11-21,-3.15,2.51,87.46,3.09,6.19
1996-11-22,-2.96,1.34,86.63,1.3,7.44
1996-11-23,-5.36,2.0,86.55,3.06,4.11
1996-11-24,-2.74,7.28,94.13,1.58,5.49
1996-11-25,-2.23,0.28,97.17,0.84,6.57
1996-11-26,-0.61,1.52,93.49,0.83,3.24
1996-11-27,0.89,10.5,97.27,2.48,2.57
1996-11-28,1.66,1.22,94.88,3.69,4.06
1996-11-29,-1.08,0.05,90.61,0.97,4.96
1996-11-30,2.07,3.38,98.47,2.55,1.54
1996-12-01,1.88,1.99,86.29,4.86,2.68
1996-12-02,-0.6,2.64,94.76,3.42,3.03
1996-12-03,-3.01,5.2,85.79,1.46,6.27
1996-12-04,-1.95,5.63,92.17,3.41,2.12
1996-12-05,0.91,0.3,97.51,3.36,4.19
1996-12-06,0.08,3.54,96.27,2.86,3.44
1996-12-07,0.49,4.07,93.78,3.47,2.53
1996-12-08,2.42,8.38,99.65,1.16,2.44
1996-12-09,1.44,3.88,96.34,2.47,3.28
1996-12-10,4.23,3.72,88.6,4.63,2.72
1996-12-11,1.93,4.57,84.84,3.71,4.25
1996-12-12,0.63,0.23,91.92,2.23,3.35
1996-12-13,1.42,3.4,88.46,3.9,1.49
1996-12-14,-0.67,0.01,85.92,1.68,4.8
1996-12-15,-0.65,0.1,84.37,1.78,3.39
1996-12-16,-3.28,0.0,76.67,3.62,4.04
1996-12-17,-6.59,0.0,73.87,3.99,3.69
1996-12-18,-5.64,0.07,83.17,1.57,2.47
1996-12-19,-4.52,1.8,85.18,1.08,2.2
1996-12-20,-1.06,2.83,96.24,0.83,2.29
1996-12-21,-0.44,1.91,96.48,1.41,3.55
1996-12-22,-3.78,0.02,88.2,2.96,4.88
1996-12-23,-6.01,4.85,84.47,1.2,3.48
1996-12-24,-5.72,7.06,88.11,3.31,2.1
1996-12-25,-10.39,7.26,89.38,4.32,5.27
1996-12-26,-14.89,6.0,96.29,2.71,2.33
1996-12-27,-5.68,2.46,96.04,2.77,3.92
1996-12-28,-8.92,1.71,97.88,2.4,2.17
1996-12-29,-4.25,12.5,97.14,3.44,2.14
1996-12-30,1.69,10.5,96.95,2.74,2.25
1996-12-31,4.06,7.51,96.87,4.65,3.04
1997-01-01,6.24,2.9,94.72,5.27,3.78
1997-01-02,4.89,1.69,95.5,3.51,2.42
1997-01-03,1.48,0.43,88.65,3.82,4.11
1997-01-04,-0.63,0.18,88.9,1.58,3.01
1997-01-05,-0.96,0.18,82.56,1.6,6.0
1997-01-06,-0.38,0.78,90.78,4.17,2.43
1997-01-07,1.81,0.17,96.54,3.82,3.84
1997-01-08,1.28,0.11,93.89,1.46,3.84
1997-01-09,1.84,0.11,94.83,0.9,3.17
1997-01-10,1.15,0.23,91.76,1.06,2.96
1997-01-11,-3.84,0.01,58.18,6.71,6.1
1997-01-12,-9.37,0.01,58.0,5.8,5.73
1997-01-13,-9.04,0.0,65.14,3.75,5.38
1997-01-14,-7.97,0.03,71.02,2.02,5.41
1997-01-15,-7.14,0.08,82.06,3.72,6.06
1997-01-16,-5.78,2.95,78.76,3.28,5.42
1997-01-17,0.13,6.57,97.22,1.73,1.85
1997-01-18,1.28,1.91,97.88,1.31,2.99
1997-01-19,1.29,0.73,95.76,1.22,3.12
1997-01-20,0.85,2.36,97.1,2.07,3.62
1997-01-21,1.03,1.49,88.36,1.75,5.77
1997-01-22,-1.09,5.94,95.61,1.97,4.82
1997-01-23,-0.76,0.11,88.73,4.75,5.3
1997-01-24,-2.46,0.02,83.46,3.36,6.24
1997-01-25,-10.49,0.07,74.32,5.3,3.75
1997-01-26,-12.92,0.0,74.02,3.53,4.28
1997-01-27,-7.55,4.13,85.8,3.43,4.63
1997-01-28,-3.68,0.86,96.63,0.83,8.01
1997-01-29,-0.48,1.61,97.76,1.13,2.95
1997-01-30,1.89,7.71,98.48,2.84,5.28
1997-01-31,1.76,7.95,98.72,1.22,7.85
1997-02-01,1.24,1.76,95.8,1.62,7.81
1997-02-02,0.42,0.19,85.85,1.3,8.27
1997-02-03,0.16,0.21,84.82,3.43,9.48
1997-02-04,-2.94,0.0,78.9,4.21,9.85
1997-02-05,-3.19,0.0,79.59,2.38,7.45
1997-02-06,-4.7,0.01,84.71,3.39,8.4
1997-02-07,-5.21,0.0,83.13,3.17,8.75
1997-02-08,-3.71,0.0,81.78,2.07,9.17
1997-02-09,-1.96,0.0,84.23,3.09,8.72
1997-02-10,0.09,1.45,85.02,1.05,8.06
1997-02-11,-0.52,5.79,93.18,2.57,6.06
1997-02-12,1.19,0.93,89.12,4.53,8.47
1997-02-13,2.0,0.91,89.35,3.5,10.53
1997-02-14,3.35,2.24,96.35,3.58,8.33
1997-02-15,4.81,0.65,88.39,2.27,5.23
1997-02-16,5.32,0.23,80.32,1.94,8.41
1997-02-17,4.85,1.62,80.59,4.25,9.99
1997-02-18,1.59,3.66,93.11,2.37,6.47
1997-02-19,3.71,2.84,83.93,4.77,6.3
1997-02-20,2.33,0.31,78.13,3.34,12.72
1997-02-21,1.01,0.1,85.29,1.13,9.08
1997-02-22,0.8,0.0,79.22,2.04,12.46
1997-02-23,2.45,0.01,77.12,2.11,10.85
1997-02-24,4.07,0.01,69.7,1.44,12.95
1997-02-25,4.83,0.02,74.93,1.66,10.52
1997-02-26,3.47,0.33,77.65,3.27,8.58
1997-02-27,0.27,0.08,77.34,2.6,13.1
1997-02-28,0.75,0.2,75.95,1.69,12.29
1997-03-01,1.92,7.63,96.48,4.41,2.9
1997-03-02,2.22,0.6,86.3,3.82,9.22
1997-03-03,1.48,0.12,80.02,2.06,13.66
1997-03-04,0.49,0.08,77.09,2.67,13.96
1997-03-05,1.96,0.54,83.04,1.83,8.82
1997-03-06,4.45,1.35,85.52,3.83,5.71
1997-03-07,5.52,1.38,70.27,4.9,14.74
1997-03-08,3.39,0.2,67.2,2.05,15.06
1997-03-09,6.15,3.4,79.36,5.59,9.89
1997-03-10,4.01,0.66,77.18,1.82,9.84
1997-03-11,3.86,0.49,78.38,2.1,9.37
1997-03-12,2.91,0.76,74.09,2.84,12.5
1997-03-13,-0.96,0.6,64.38,4.03,13.57
1997-03-14,-0.84,0.94,62.22,3.69,15.61
1997-03-15,0.49,6.89,91.18,3.39,5.74
1997-03-16,7.15,6.28,84.8,2.27,11.94
1997-03-17,7.79,3.23,74.23,3.03,12.46
1997-03-18,9.19,5.34,83.12,1.92,5.95
1997-03-19,12.03,2.82,84.97,2.77,6.59
1997-03-20,8.27,0.53,70.69,3.48,16.88
1997-03-21,5.12,0.04,69.04,1.51,15.17
1997-03-22,7.05,0.08,65.39,1.63,13.75
1997-03-23,6.26,0.03,67.82,3.57,18.02
1997-03-24,4.54,0.0,65.81,1.69,13.53
1997-03-25,9.86,0.0,59.98,1.79,19.49
1997-03-26,9.58,0.33,68.45,3.45,14.54
1997-03-27,6.23,1.05,62.69,3.28,17.66
1997-03-28,5.31,0.63,63.79,4.71,19.53
1997-03-29,5.19,0.0,69.5,2.14,18.39
1997-03-30,8.4,0.29,59.08,4.3,14.28
1997-03-31,4.64,0.05,63.18,4.22,15.52
1997-04-01,4.08,0.05,57.94,3.4,20.25
1997-04-02,4.8,0.0,60.93,1.62,18.48
1997-04-03,5.4,0.28,58.84,4.5,16.2
1997-04-04,3.58,0.02,55.3,4.34,18.73
1997-04-05,3.51,0.0,54.04,3.84,22.14
1997-04-06,6.84,0.02,49.81,1.84,22.5
1997-04-07,8.04,0.0,57.5,2.02,22.7
1997-04-08,6.72,0.26,64.94,2.26,19.93
1997-04-09,6.73,0.57,72.24,2.59,18.72
1997-04-10,3.05,0.03,54.7,5.14,21.91
1997-04-11,3.66,0.0,55.69,3.44,23.49
1997-04-12,7.08,0.03,57.61,2.17,22.16
1997-04-13,6.51,1.22,77.06,3.88,10.51
1997-04-14,6.94,1.33,83.87,2.25,13.75
1997-04-15,11.35,0.23,73.92,1.88,16.05
1997-04-16,12.27,0.37,72.53,3.15,13.3
1997-04-17,10.11,0.01,55.68,1.96,21.31
1997-04-18,9.25,0.68,70.86,1.6,9.6
1997-04-19,11.56,5.32,81.38,3.7,11.38
1997-04-20,11.16,2.3,60.43,5.77,25.38
1997-04-21,9.46,0.94,56.84,0.82,23.14
1997-04-22,10.37,5.57,63.13,1.63,22.57
1997-04-23,9.6,2.94,68.22,3.03,14.22
1997-04-24,9.12,0.25,70.75,1.6,14.12
1997-04-25,11.82,0.27,65.04,1.14,16.03
1997-04-26,15.69,0.72,63.53,2.61,19.82
1997-04-27,11.69,4.31,56.0,4.2,22.71
1997-04-28,8.03,0.22,73.14,2.45,18.95
1997-04-29,10.17,0.65,65.94,2.67,22.69
1997-04-30,8.44,1.47,65.91,3.76,18.35
1997-05-01,7.12,0.44,65.69,2.99,20.66
1997-05-02,9.3,0.4,57.87,2.69,22.73
1997-05-03,9.17,1.39,73.82,2.5,11.61
1997-05-04,11.45,0.22,68.62,2.56,24.12
1997-05-05,14.23,0.1,61.1,1.88,19.3
1997-05-06,12.03,0.14,60.59,3.1,25.51
1997-05-07,11.85,0.0,55.84,1.23,27.57
1997-05-08,14.75,0.0,48.22,2.24,27.77
1997-05-09,17.23,0.03,50.44,1.95,25.18
1997-05-10,17.85,0.01,51.5,2.6,28.02
1997-05-11,19.16,0.01,54.8,3.28,25.95
1997-05-12,21.08,0.0,56.8,1.97,26.53
1997-05-13,21.71,0.01,56.13,1.91,28.54
1997-05-14,22.85,0.02,52.03,1.13,25.19
1997-05-15,21.85,0.08,60.01,2.05,24.79
1997-05-16,21.54,0.0,52.85,2.77,28.38
1997-05-17,17.3,0.02,47.42,3.23,28.35
1997-05-18,16.18,0.04,43.59,2.72,29.29
1997-05-19,18.76,0.0,42.62,3.28,23.26
1997-05-20,14.34,0.04,46.85,3.65,25.56
1997-05-21,14.99,0.0,49.73,1.79,26.31
1997-05-22,15.44,0.15,54.41,2.88,28.36
1997-05-23,13.77,3.0,70.1,1.97,12.43
1997-05-24,14.19,5.15,63.6,1.19,19.07
1997-05-25,12.42,5.45,78.48,1.62,11.85
1997-05-26,11.87,2.69,86.29,1.72,14.46
1997-05-27,16.94,0.1,64.88,1.41,20.73
1997-05-28,17.84,1.75,71.87,1.65,19.94
1997-05-29,19.01,1.38,72.65,1.52,25.02
1997-05-30,18.99,6.08,74.84,1.43,15.05
1997-05-31,19.41,3.11,70.33,2.97,17.4
1997-06-01,15.64,0.05,59.59,2.81,23.86
1997-06-02,16.33,0.01,57.43,1.92,31.32
1997-06-03,16.28,2.66,74.06,3.49,12.0
1997-06-04,16.22,4.35,66.24,2.75,14.8
1997-06-05,16.96,0.05,55.86,1.44,28.28
1997-06-06,18.13,0.01,50.68,1.76,30.06
1997-06-07,18.71,0.04,51.32,2.03,27.61
1997-06-08,17.7,0.0,46.29,1.44,31.75
1997-06-09,21.15,0.0,40.46,0.99,31.65
1997-06-10,21.71,0.08,44.38,1.76,24.47
1997-06-11,19.56,0.83,56.87,3.23,17.85
1997-06-12,17.24,6.44,65.96,2.22,17.9
1997-06-13,20.77,0.02,59.1,2.08,31.5
1997-06-14,21.95,0.02,58.53,1.51,30.73
1997-06-15,23.47,0.0,56.17,2.83,30.72
1997-06-16,21.34,0.1,55.03,2.9,24.92
1997-06-17,20.87,0.36,59.44,3.23,15.42
1997-06-18,18.0,0.0,49.85,3.78,26.66
1997-06-19,16.07,0.01,51.41,2.95,29.03
1997-06-20,16.25,0.12,52.04,2.25,31.0
1997-06-21,15.47,0.48,54.89,3.97,20.69
1997-06-22,14.15,0.19,57.67,3.46,29.42
1997-06-23,14.46,0.17,61.75,2.67,21.6
1997-06-24,16.94,0.06,57.05,1.73,29.94
1997-06-25,21.12,0.14,49.61,3.05,24.38
1997-06-26,17.24,0.05,48.19,3.23,31.67
1997-06-27,17.65,0.0,46.93,2.03,31.07
1997-06-28,19.55,0.49,48.45,1.13,27.82
1997-06-29,18.47,0.7,57.47,2.42,24.75
1997-06-30,17.58,2.15,59.59,1.73,27.95
1997-07-01,18.16,0.65,57.86,2.18,26.18
1997-07-02,19.23,0.05,53.22,1.3,27.75
1997-07-03,21.37,0.0,48.88,2.01,31.18
1997-07-04,24.02,0.0,47.14,3.17,30.82
1997-07-05,23.34,0.09,51.08,4.1,24.62
1997-07-06,21.12,0.03,51.67,3.44,25.09
1997-07-07,20.31,0.08,52.64,2.4,29.43
1997-07-08,20.95,1.36,61.1,3.08,14.8
1997-07-09,20.2,2.67,56.85,3.82,23.94
1997-07-10,14.8,0.17,57.77,3.26,28.31
1997-07-11,17.02,0.02,55.13,1.81,25.27
1997-07-12,19.1,0.0,52.84,2.29,30.52
1997-07-13,20.31,0.0,54.93,1.58,29.3
1997-07-14,21.98,0.07,51.39,1.46,25.3
1997-07-15,22.97,0.0,54.02,2.6,29.61
1997-07-16,22.05,0.13,49.03,1.29,29.04
1997-07-17,24.31,0.24,43.98,2.36,21.07
1997-07-18,22.96,0.0,46.94,1.83,29.66
1997-07-19,24.53,0.0,46.01,1.23,29.29
1997-07-20,25.96,0.13,49.18,1.88,28.82
1997-07-21,25.32,0.07,49.82,3.95,23.48
1997-07-22,21.01,0.0,49.22,2.46,29.03
1997-07-23,21.36,0.04,46.8,2.51,29.54
1997-07-24,21.0,0.04,45.59,2.58,29.3
1997-07-25,20.26,0.0,46.64,2.29,29.12
1997-07-26,21.22,0.01,43.44,1.57,28.75
1997-07-27,23.39,0.03,41.89,1.71,28.73
1997-07-28,24.65,0.64,52.45,2.76,28.48
1997-07-29,23.08,8.72,64.36,1.99,8.37
1997-07-30,21.97,3.66,62.49,2.52,25.15
1997-07-31,23.55,0.04,51.69,1.69,25.92
1997-08-01,24.12,0.04,51.98,1.4,28.59
1997-08-02,25.39,0.13,49.13,2.17,28.14
1997-08-03,26.66,0.04,45.27,2.43,28.17
1997-08-04,27.16,0.0,47.54,1.4,28.14
1997-08-05,27.73,0.04,51.07,1.55,27.35
1997-08-06,28.2,0.06,50.56,2.6,26.97
1997-08-07,24.66,0.0,48.77,3.42,25.94
1997-08-08,20.38,0.05,47.11,2.88,26.21
1997-08-09,20.49,0.04,45.09,4.7,26.53
1997-08-10,20.98,0.0,43.38,3.4,26.97
1997-08-11,23.52,0.02,41.4,2.18,26.6
1997-08-12,25.46,0.0,41.11,1.22,23.58
1997-08-13,24.72,0.05,51.47,1.31,23.02
1997-08-14,25.42,0.0,53.33,3.61,26.09
1997-08-15,23.01,0.01,45.18,4.32,21.39
1997-08-16,22.22,0.08,48.63,3.32,21.4
1997-08-17,23.51,0.01,43.39,2.0,23.61
1997-08-18,23.01,0.06,47.61,2.09,23.57
1997-08-19,22.16,0.0,48.9,1.55,24.52
1997-08-20,23.22,0.02,50.67,4.03,12.06
1997-08-21,22.56,0.0,52.0,1.88,23.74
1997-08-22,25.17,0.0,41.88,1.18,24.35
1997-08-23,22.54,0.11,53.74,2.73,22.82
1997-08-24,19.06,3.21,64.13,2.44,12.04
1997-08-25,20.02,0.06,57.7,1.79,17.99
1997-08-26,21.46,0.04,53.3,3.13,19.64
1997-08-27,19.06,0.08,52.16,2.14,18.52
1997-08-28,18.14,1.08,60.51,1.81,13.19
1997-08-29,19.76,0.0,55.28,1.79,21.18
1997-08-30,21.33,0.0,50.34,1.43,21.79
1997-08-31,21.83,0.03,51.42,1.2,20.52
1997-09-01,23.52,0.08,49.83,2.07,21.56
1997-09-02,21.72,3.24,60.8,1.25,11.08
1997-09-03,18.91,4.04,70.33,2.41,5.34
1997-09-04,19.72,0.04,59.42,1.28,21.7
1997-09-05,19.96,0.06,55.6,2.8,18.99
1997-09-06,16.88,0.0,51.09,1.23,21.02
1997-09-07,18.72,0.0,44.05,1.87,21.03
1997-09-08,19.75,0.02,46.36,2.81,21.62
1997-09-09,21.57,0.02,45.85,2.23,19.45
1997-09-10,20.43,0.1,48.16,1.77,12.11
1997-09-11,18.04,0.24,62.75,2.95,14.86
1997-09-12,15.13,0.04,60.74,3.09,18.11
1997-09-13,16.4,0.2,56.32,2.39,14.73
1997-09-14,16.36,2.48,68.93,2.37,9.9
1997-09-15,13.16,1.9,75.99,4.98,14.53
1997-09-16,12.66,3.94,74.93,4.48,12.06
1997-09-17,15.01,3.99,64.62,5.91,11.17
1997-09-18,13.02,1.69,73.3,2.33,10.9
1997-09-19,13.3,0.0,64.72,2.37,18.23
1997-09-20,14.59,0.01,55.28,2.39,18.95
1997-09-21,17.28,0.01,50.29,2.31,18.67
1997-09-22,17.29,0.03,46.6,1.7,18.39
1997-09-23,18.4,0.02,51.68,1.63,18.06
1997-09-24,20.33,0.0,49.77,2.38,17.89
1997-09-25,20.66,0.25,52.08,2.57,16.97
1997-09-26,16.36,1.18,61.3,5.65,14.45
1997-09-27,13.28,0.01,61.48,4.24,14.1
1997-09-28,14.93,0.0,67.66,2.31,15.89
1997-09-29,17.83,0.0,57.57,1.56,16.79
1997-09-30,17.44,0.17,63.0,3.1,5.22
1997-10-01,17.13,1.78,62.56,3.92,3.76
1997-10-02,12.26,0.89,64.17,5.07,10.79
1997-10-03,12.0,1.53,76.68,4.67,9.42
1997-10-04,12.57,0.68,74.11,6.36,10.5
1997-10-05,10.24,0.31,67.13,3.08,12.19
1997-10-06,8.48,0.0,60.9,1.6,11.66
1997-10-07,8.0,1.38,64.4,2.04,14.25
1997-10-08,7.96,6.75,75.56,3.39,6.15
1997-10-09,9.41,1.23,70.74,4.29,7.09
1997-10-10,7.8,0.1,65.94,1.79,13.14
1997-10-11,7.49,0.09,64.1,2.87,12.96
1997-10-12,6.98,0.01,67.56,2.33,11.35
1997-10-13,9.55,0.04,76.38,2.08,13.68
1997-10-14,11.05,0.01,69.1,1.14,12.87
1997-10-15,12.34,0.01,61.59,1.92,12.15
1997-10-16,12.76,0.0,52.16,1.13,13.59
1997-10-17,12.75,0.03,63.0,2.06,13.04
1997-10-18,9.04,0.0,72.84,1.14,11.25
1997-10-19,9.28,0.0,59.97,2.76,13.05
1997-10-20,8.25,0.0,59.84,1.92,12.15
1997-10-21,7.99,0.01,63.27,1.14,11.96
1997-10-22,7.78,0.03,75.03,1.99,10.08
1997-10-23,5.4,0.17,71.24,2.65,9.16
1997-10-24,4.65,0.0,67.14,1.41,10.51
1997-10-25,5.24,0.02,62.14,1.52,9.12
1997-10-26,5.37,1.0,64.85,1.68,5.47
1997-10-27,6.09,0.68,85.07,1.24,8.26
1997-10-28,7.84,1.42,79.67,3.11,5.85
1997-10-29,9.34,13.14,80.71,4.87,9.08
1997-10-30,10.98,7.97,83.31,6.27,4.55
1997-10-31,8.3,0.15,78.04,4.01,9.94
1997-11-01,5.88,0.04,85.5,1.77,10.71
1997-11-02,5.65,0.01,75.86,2.38,8.35
1997-11-03,6.79,0.39,82.33,2.18,4.15
1997-11-04,8.07,0.08,86.94,1.4,6.48
1997-11-05,8.87,0.01,82.3,1.32,6.57
1997-11-06,7.92,2.96,86.76,1.25,4.6
1997-11-07,6.84,8.32,90.63,2.59,4.1
1997-11-08,6.06,0.21,71.95,3.79,5.22
1997-11-09,4.72,0.0,70.33,3.88,9.27
1997-11-10,3.67,0.03,67.35,4.2,8.61
1997-11-11,1.99,0.0,64.15,3.25,8.96
1997-11-12,0.7,0.0,74.57,1.29,6.58
1997-11-13,1.72,0.0,65.48,3.18,8.65
1997-11-14,0.68,0.01,63.77,2.76,7.88
1997-11-15,1.29,0.0,65.99,2.12,6.8
1997-11-16,1.77,0.57,69.61,1.64,4.14
1997-11-17,3.9,2.17,92.47,3.15,2.87
1997-11-18,3.93,0.43,85.2,2.25,3.97
1997-11-19,4.88,8.49,89.17,3.55,2.01
1997-11-20,7.09,2.3,83.44,5.33,6.62
1997-11-21,3.41,0.23,86.8,1.76,7.6
1997-11-22,2.39,0.16,81.16,2.73,3.77
1997-11-23,6.92,7.37,83.71,3.86,2.3
1997-11-24,5.83,0.33,85.41,2.53,6.49
1997-11-25,3.45,2.38,89.65,1.9,3.67
1997-11-26,1.38,0.03,83.03,2.57,4.82
1997-11-27,1.14,0.02,93.18,2.47,2.6
1997-11-28,4.4,0.23,91.04,2.61,2.88
1997-11-29,4.75,0.42,82.56,2.72,3.89
1997-11-30,3.41,0.02,87.7,1.95,5.69
1997-12-01,0.73,0.06,92.69,1.25,4.06
1997-12-02,0.05,0.1,81.59,3.53,6.28
1997-12-03,-0.44,0.0,76.2,2.51,4.85
1997-12-04,-1.0,0.0,78.26,1.92,4.88
1997-12-05,-1.4,0.0,80.21,2.98,5.67
1997-12-06,-1.91,0.08,82.19,2.57,5.11
1997-12-07,0.88,4.0,84.61,2.09,3.14
1997-12-08,-1.2,1.24,95.81,1.79,2.52
1997-12-09,-1.64,0.07,90.58,1.31,4.84
1997-12-10,0.09,1.96,95.11,1.14,3.21
1997-12-11,-0.44,0.2,93.45,1.36,2.23
1997-12-12,-2.1,0.01,82.39,2.09,2.4
1997-12-13,-3.33,0.0,85.15,2.57,1.39
1997-12-14,-0.36,0.95,84.12,2.06,5.06
1997-12-15,0.25,1.85,91.95,2.36,3.11
1997-12-16,3.81,9.57,98.68,4.98,1.39
1997-12-17,2.31,0.18,94.11,4.41,4.71
1997-12-18,-0.68,0.04,83.79,1.87,5.69
1997-12-19,-0.8,0.04,79.76,1.84,2.47
1997-12-20,-0.48,0.22,79.16,2.25,2.04
1997-12-21,-1.17,0.18,87.93,1.54,4.56
1997-12-22,-2.43,0.0,81.46,1.59,3.25
1997-12-23,-2.15,0.62,87.49,1.04,3.24
1997-12-24,-2.95,0.03,89.93,1.18,5.61
1997-12-25,-4.35,0.11,90.06,1.17,2.59
1997-12-26,-3.94,0.12,87.35,2.21,1.34
1997-12-27,-1.37,0.27,95.1,2.05,3.2
1997-12-28,1.52,2.0,98.15,3.41,3.04
1997-12-29,1.21,0.13,98.6,2.36,5.49
1997-12-30,0.5,0.09,97.1,1.35,3.45
1997-12-31,0.21,0.19,93.57,1.87,2.62
1998-01-01,4.14,1.07,89.92,4.68,2.11
1998-01-02,-0.17,0.29,73.62,2.14,5.61
1998-01-03,-1.22,1.23,83.75,2.43,2.31
1998-01-04,0.17,0.67,91.51,2.74,2.8
1998-01-05,2.0,0.71,82.75,6.08,2.75
1998-01-06,1.62,0.42,79.01,4.62,3.42
1998-01-07,0.77,1.9,84.97,2.93,5.42
1998-01-08,-2.18,0.06,74.89,2.67,5.53
1998-01-09,-6.49,0.01,70.87,3.49,2.97
1998-01-10,-11.07,0.43,63.56,5.37,2.39
1998-01-11,-14.67,1.2,60.55,4.81,5.14
1998-01-12,-11.57,2.14,76.36,3.9,2.41
1998-01-13,-6.01,3.07,95.44,1.19,3.0
1998-01-14,1.0,6.04,96.99,4.65,1.94
1998-01-15,-0.02,0.07,94.29,3.31,5.23
1998-01-16,0.21,2.84,91.78,1.94,4.2
1998-01-17,2.83,2.33,95.63,3.83,5.18
1998-01-18,3.03,0.77,90.9,3.75,2.21
1998-01-19,1.67,3.61,96.65,3.14,2.95
1998-01-20,0.85,0.29,91.69,1.62,7.22
1998-01-21,1.14,1.66,90.64,1.89,3.52
1998-01-22,0.75,7.56,95.22,1.17,3.61
1998-01-23,4.22,6.82,91.19,3.78,3.11
1998-01-24,3.57,1.08,91.88,3.75,3.03
1998-01-25,4.17,1.37,87.44,2.78,6.34
1998-01-26,4.34,1.67,92.59,1.79,7.94
1998-01-27,3.98,2.17,88.85,1.49,6.03
1998-01-28,3.16,0.12,89.21,3.45,5.5
1998-01-29,3.17,0.27,87.98,2.8,2.72
1998-01-30,2.19,0.1,89.64,1.76,5.8
1998-01-31,1.48,0.07,82.4,3.17,8.51
1998-02-01,2.65,2.9,79.97,3.16,7.94
1998-02-02,2.63,0.49,88.68,2.26,3.91
1998-02-03,4.26,3.18,86.0,4.52,2.24
1998-02-04,4.02,0.8,92.45,2.09,5.11
1998-02-05,3.21,0.19,86.29,1.73,5.4
1998-02-06,5.34,0.43,76.7,4.04,2.45
1998-02-07,5.85,0.09,78.86,2.13,7.69
1998-02-08,6.05,0.36,78.2,4.21,5.65
1998-02-09,3.12,0.18,78.0,2.5,9.87
1998-02-10,1.36,0.69,89.15,3.35,2.91
1998-02-11,3.13,1.55,85.36,1.5,7.26
1998-02-12,4.32,6.69,87.91,3.79,1.96
1998-02-13,3.83,2.43,81.12,3.71,9.32
1998-02-14,2.74,3.03,85.64,3.04,3.79
1998-02-15,1.78,1.05,92.93,1.08,7.51
1998-02-16,2.7,0.01,74.19,2.77,10.67
1998-02-17,3.83,0.36,70.21,2.07,9.03
1998-02-18,4.67,0.07,73.02,2.67,9.92
1998-02-19,5.63,2.02,79.6,2.42,4.33
1998-02-20,5.04,2.33,78.77,3.28,5.61
1998-02-21,5.32,1.54,74.8,5.65,5.43
1998-02-22,2.91,0.16,76.4,3.09,11.32
1998-02-23,3.17,0.25,73.71,2.59,9.33
1998-02-24,1.41,0.42,67.81,3.13,13.77
1998-02-25,0.63,1.47,88.68,1.81,5.5
1998-02-26,0.25,0.3,77.65,0.97,12.0
1998-02-27,0.06,0.11,73.06,1.46,13.04
1998-02-28,1.2,0.87,82.1,2.38,6.52
1998-03-01,3.88,4.67,90.8,1.19,4.74
1998-03-02,2.87,3.56,92.97,2.34,5.94
1998-03-03,2.09,0.28,78.07,2.53,12.77
1998-03-04,1.79,0.25,74.66,0.65,12.22
1998-03-05,1.85,0.03,68.57,2.02,11.29
1998-03-06,-0.13,0.0,61.19,3.29,12.59
1998-03-07,1.56,0.09,60.95,2.16,10.72
1998-03-08,1.94,1.25,78.04,1.68,10.38
1998-03-09,3.31,1.48,92.14,3.34,5.82
1998-03-10,6.04,0.18,84.74,1.98,8.0
1998-03-11,7.71,0.0,74.62,1.89,14.11
1998-03-12,9.7,0.0,69.96,3.53,16.55
1998-03-13,10.05,0.0,71.29,1.93,16.65
1998-03-14,8.83,0.03,73.7,1.8,15.63
1998-03-15,9.18,0.05,73.27,1.55,14.62
1998-03-16,6.86,0.07,66.85,3.53,13.43
1998-03-17,5.21,0.0,67.7,2.06,14.26
1998-03-18,5.97,0.0,59.97,2.32,14.26
1998-03-19,6.17,0.01,60.51,2.48,14.83
1998-03-20,8.2,0.09,62.34,2.02,17.89
1998-03-21,9.01,0.95,74.7,2.56,9.08
1998-03-22,10.11,4.63,85.98,3.21,9.98
1998-03-23,8.06,4.67,90.03,3.06,4.42
1998-03-24,10.0,0.13,66.85,1.6,17.57
1998-03-25,8.53,0.36,71.09,1.9,17.14
1998-03-26,6.49,0.15,67.17,4.3,15.17
1998-03-27,3.76,0.04,65.18,2.44,18.03
1998-03-28,3.55,0.01,57.29,3.17,19.29
1998-03-29,4.3,0.0,51.89,3.17,21.16
1998-03-30,5.42,0.14,61.53,1.62,13.82
1998-03-31,6.27,1.11,78.47,1.51,8.54
1998-04-01,7.59,0.02,67.53,1.36,12.95
1998-04-02,8.02,0.69,67.6,1.4,12.69
1998-04-03,8.57,1.82,76.06,1.74,11.9
1998-04-04,7.08,0.63,83.28,1.38,12.28
1998-04-05,8.14,0.06,67.23,2.04,15.35
1998-04-06,7.2,0.16,68.51,2.0,18.55
1998-04-07,7.59,0.09,62.11,2.64,19.73
1998-04-08,5.72,0.08,60.41,1.58,20.22
1998-04-09,8.45,0.33,61.41,1.88,17.28
1998-04-10,9.38,1.94,69.34,3.94,14.08
1998-04-11,7.51,0.36,68.91,3.44,16.38
1998-04-12,5.31,0.02,60.5,2.59,20.13
1998-04-13,6.9,0.17,54.17,2.36,18.39
1998-04-14,6.01,0.35,67.9,1.72,19.24
1998-04-15,8.13,0.06,56.14,2.86,21.52
1998-04-16,7.32,0.0,62.88,2.69,18.45
1998-04-17,8.37,0.01,57.88,1.07,22.52
1998-04-18,9.53,0.0,52.62,1.75,14.77
1998-04-19,10.53,0.0,53.49,1.82,23.21
1998-04-20,12.89,0.0,45.18,1.78,24.11
1998-04-21,15.91,0.0,50.84,1.21,24.04
1998-04-22,17.9,0.51,54.85,3.04,18.61
1998-04-23,16.88,0.76,60.43,3.96,15.8
1998-04-24,10.06,0.05,51.66,4.49,22.61
1998-04-25,8.45,0.0,59.09,2.08,25.05
1998-04-26,10.97,0.0,52.73,1.14,26.24
1998-04-27,14.86,0.0,44.49,1.02,26.37
1998-04-28,17.34,0.0,42.01,1.36,26.03
1998-04-29,18.69,0.0,44.19,1.37,26.85
1998-04-30,20.02,0.0,42.8,3.19,25.82
1998-05-01,20.54,0.0,50.72,3.58,26.55
1998-05-02,18.52,0.12,63.36,3.09,22.99
1998-05-03,17.75,0.01,62.23,2.62,27.13
1998-05-04,19.24,0.01,57.99,1.3,27.48
1998-05-05,19.8,0.0,55.66,1.74,27.05
1998-05-06,19.9,0.0,57.52,2.49,27.71
1998-05-07,17.78,0.0,55.21,2.19,27.96
1998-05-08,14.14,2.17,65.28,3.26,18.65
1998-05-09,11.78,4.04,72.72,1.23,15.76
1998-05-10,16.65,0.02,57.37,1.11,25.42
1998-05-11,13.71,0.71,65.91,2.44,22.22
1998-05-12,16.98,4.48,59.67,2.68,20.14
1998-05-13,14.63,0.84,65.59,2.77,19.12
1998-05-14,8.64,1.17,67.87,4.45,12.82
1998-05-15,9.7,0.7,59.96,3.18,23.32
1998-05-16,12.58,0.67,50.85,2.51,23.0
1998-05-17,9.9,9.06,76.94,3.49,10.22
1998-05-18,11.87,0.03,58.49,2.99,21.13
1998-05-19,15.48,0.17,49.48,2.61,27.77
1998-05-20,15.48,0.35,56.07,3.07,20.21
1998-05-21,13.34,0.09,62.99,2.66,19.31
1998-05-22,15.0,0.63,59.31,2.65,24.97
1998-05-23,13.76,0.56,63.99,2.34,13.48
1998-05-24,15.45,0.98,65.08,2.35,16.15
1998-05-25,9.7,8.14,76.32,3.01,8.72
1998-05-26,7.68,9.22,83.56,1.81,9.73
1998-05-27,9.08,1.9,73.4,2.74,13.39
1998-05-28,14.38,0.0,48.36,3.18,28.0
1998-05-29,13.12,0.63,66.06,4.11,15.3
1998-05-30,13.65,0.08,64.02,1.91,20.26
1998-05-31,17.04,0.0,55.84,2.33,29.67
1998-06-01,18.52,0.0,58.84,2.16,28.01
1998-06-02,18.15,0.13,54.26,2.87,28.37
1998-06-03,17.17,0.03,43.57,3.52,29.85
1998-06-04,17.28,1.55,49.94,2.39,19.97
1998-06-05,16.55,2.57,62.49,1.44,19.99
1998-06-06,18.0,1.46,58.59,1.09,26.32
1998-06-07,16.94,1.55,64.34,1.64,18.86
1998-06-08,19.59,0.01,51.29,2.15,27.21
1998-06-09,21.1,0.03,56.49,2.66,29.46
1998-06-10,19.28,0.01,56.92,3.4,26.26
1998-06-11,19.77,0.07,56.12,1.94,29.83
1998-06-12,21.7,0.21,55.76,1.44,27.44
1998-06-13,19.78,0.23,49.1,4.19,25.92
1998-06-14,17.97,0.03,52.57,3.54,26.85
1998-06-15,16.49,1.6,51.37,5.08,25.99
1998-06-16,15.9,0.04,52.22,2.79,24.94
1998-06-17,18.55,0.36,53.26,2.72,21.32
1998-06-18,17.94,0.24,53.58,2.77,24.04
1998-06-19,16.95,1.09,61.62,1.99,23.01
1998-06-20,19.45,1.45,53.26,1.63,24.68
1998-06-21,21.96,0.23,47.48,1.87,26.01
1998-06-22,22.99,0.08,44.64,2.22,28.72
1998-06-23,20.74,0.09,52.73,3.37,27.42
1998-06-24,15.65,0.61,66.66,3.79,13.14
1998-06-25,15.99,0.08,57.51,3.39,20.44
1998-06-26,15.34,0.26,55.73,3.5,22.49
1998-06-27,17.63,0.0,50.33,2.0,27.92
1998-06-28,21.5,0.0,41.33,0.94,28.23
1998-06-29,23.57,0.01,45.11,2.7,29.22
1998-06-30,25.29,0.02,41.64,2.51,29.06
1998-07-01,23.97,0.41,52.77,1.54,26.02
1998-07-02,24.04,1.56,57.11,1.19,24.95
1998-07-03,22.76,3.68,63.38,1.47,18.46
1998-07-04,21.53,0.0,53.52,2.6,24.1
1998-07-05,21.86,0.0,52.01,2.57,26.76
1998-07-06,24.23,0.0,51.0,1.86,29.81
1998-07-07,26.45,0.18,46.72,1.8,29.6
1998-07-08,25.09,0.02,49.35,2.2,28.82
1998-07-09,26.38,1.32,51.75,1.32,28.88
1998-07-10,24.47,5.86,64.98,1.98,18.7
1998-07-11,21.86,0.68,54.35,3.33,26.55
1998-07-12,20.73,0.0,50.2,3.1,28.42
1998-07-13,20.53,0.0,47.21,2.46,27.64
1998-07-14,22.93,0.0,48.53,2.36,24.57
1998-07-15,25.34,0.0,48.39,1.86,22.7
1998-07-16,27.37,0.0,43.45,1.18,29.56
1998-07-17,28.4,0.0,36.99,2.44,29.28
1998-07-18,25.65,0.0,47.24,2.62,29.35
1998-07-19,23.25,0.0,44.4,3.53,29.22
1998-07-20,24.55,0.0,37.92,1.24,29.15
1998-07-21,26.78,0.0,37.2,2.14,28.78
1998-07-22,28.58,0.0,41.08,2.27,26.96
1998-07-23,27.62,0.04,45.6,2.38,25.93
1998-07-24,27.51,0.0,46.47,1.83,28.43
1998-07-25,29.58,0.0,37.88,0.96,28.19
1998-07-26,31.72,0.0,30.35,1.15,27.37
1998-07-27,32.26,0.0,34.02,1.3,25.63
1998-07-28,29.61,0.63,48.98,2.23,21.93
1998-07-29,27.31,1.75,58.18,2.65,24.85
1998-07-30,24.13,5.01,71.05,1.48,16.39
1998-07-31,21.56,2.59,75.56,1.9,13.0
1998-08-01,22.82,0.09,58.73,1.87,24.55
1998-08-02,25.6,0.0,50.68,1.37,27.03
1998-08-03,28.94,0.0,42.61,2.27,28.15
1998-08-04,30.8,0.0,37.01,2.62,27.41
1998-08-05,28.28,0.0,40.5,4.22,26.56
1998-08-06,23.09,0.0,45.78,2.07,27.7
1998-08-07,21.53,0.0,47.61,2.09,26.71
1998-08-08,23.16,0.0,43.96,1.13,26.69
1998-08-09,26.35,0.0,33.57,1.16,26.66
1998-08-10,24.73,0.0,45.25,2.27,26.49
1998-08-11,25.95,0.0,46.92,2.06,26.53
1998-08-12,28.0,0.0,40.04,1.26,26.44
1998-08-13,30.1,0.0,32.96,0.94,25.92
1998-08-14,28.64,0.0,40.26,2.8,26.19
1998-08-15,22.43,0.01,48.4,3.99,25.48
1998-08-16,18.57,0.01,48.19,3.27,22.05
1998-08-17,17.25,0.0,48.26,2.03,24.1
1998-08-18,18.11,0.0,47.98,1.78,24.93
1998-08-19,20.59,0.0,41.34,1.4,24.79
1998-08-20,23.56,0.08,39.02,3.34,22.16
1998-08-21,22.79,0.05,53.36,2.98,18.14
1998-08-22,23.07,0.08,46.63,1.72,24.13
1998-08-23,18.37,2.7,58.99,2.53,12.66
1998-08-24,19.09,0.0,54.44,1.46,23.2
1998-08-25,21.11,0.0,44.08,1.97,22.78
1998-08-26,19.22,0.0,51.63,1.94,21.49
1998-08-27,22.26,0.0,44.18,1.38,21.74
1998-08-28,25.44,0.01,32.44,2.12,21.75
1998-08-29,24.75,0.0,39.78,2.08,21.18
1998-08-30,24.45,0.0,42.6,1.19,21.48
1998-08-31,25.94,0.0,33.1,1.32,21.16
1998-09-01,26.29,0.0,32.36,1.54,19.3
1998-09-02,24.2,0.0,45.22,1.56,22.64
1998-09-03,26.36,0.0,39.09,1.43,22.49
1998-09-04,26.44,0.0,39.14,1.32,22.4
1998-09-05,26.36,0.0,32.63,1.54,21.78
1998-09-06,25.49,0.0,34.7,0.95,21.68
1998-09-07,23.05,0.35,43.72,1.58,11.98
1998-09-08,21.13,0.88,54.77,2.38,18.12
1998-09-09,17.06,2.65,55.08,2.47,14.52
1998-09-10,17.54,0.0,50.64,1.02,20.09
1998-09-11,20.07,0.0,43.89,1.13,20.9
1998-09-12,21.72,0.0,44.53,1.26,20.8
1998-09-13,20.46,0.0,52.47,1.35,20.11
1998-09-14,22.68,0.0,45.12,1.3,19.94
1998-09-15,24.1,0.04,37.77,1.58,19.71
1998-09-16,23.96,0.03,42.79,1.68,17.99
1998-09-17,20.75,0.16,48.91,3.3,15.78
1998-09-18,15.58,0.58,62.63,3.5,13.55
1998-09-19,14.48,1.57,64.3,2.1,11.18
1998-09-20,15.27,0.46,57.78,2.17,13.72
1998-09-21,15.26,0.0,51.23,1.25,18.47
1998-09-22,17.25,0.01,43.58,1.02,17.23
1998-09-23,18.68,0.0,38.05,1.42,17.99
1998-09-24,16.24,1.05,61.24,2.61,11.84
1998-09-25,15.66,1.34,65.9,2.2,9.59
1998-09-26,16.19,0.0,55.31,2.38,17.48
1998-09-27,17.21,0.0,44.03,0.91,17.18
1998-09-28,17.87,0.0,46.4,1.52,17.08
1998-09-29,18.02,0.0,51.49,1.05,16.52
1998-09-30,17.65,0.0,45.63,2.17,16.41
1998-10-01,16.19,0.05,54.15,3.19,14.24
1998-10-02,12.78,0.22,58.71,4.55,13.39
1998-10-03,9.06,0.16,73.63,2.07,11.9
1998-10-04,9.45,0.03,70.15,1.3,13.55
1998-10-05,10.9,0.0,61.15,2.05,15.45
1998-10-06,13.71,0.0,50.02,2.12,15.51
1998-10-07,16.18,0.03,48.5,1.66,10.51
1998-10-08,13.08,0.74,58.22,4.15,7.24
1998-10-09,10.05,0.28,72.29,2.34,10.98
1998-10-10,9.07,0.07,65.82,1.82,10.87
1998-10-11,8.91,0.0,60.51,3.61,9.56
1998-10-12,10.28,0.02,52.01,2.5,7.3
1998-10-13,11.91,1.24,68.52,3.22,9.49
1998-10-14,9.26,0.27,72.4,3.41,8.11
1998-10-15,7.34,0.11,66.39,1.26,10.38
1998-10-16,6.33,0.01,63.13,1.35,12.47
1998-10-17,7.57,0.23,68.64,2.73,8.79
1998-10-18,7.42,0.0,56.2,1.96,12.97
1998-10-19,7.06,0.01,60.48,1.81,13.05
1998-10-20,7.8,0.0,56.16,2.72,12.12
1998-10-21,9.14,0.0,52.05,2.32,12.58
1998-10-22,9.98,0.0,50.05,1.42,12.51
1998-10-23,10.71,0.01,56.84,1.7,11.88
1998-10-24,10.34,0.1,65.18,3.34,8.88
1998-10-25,8.28,0.04,83.22,1.56,9.78
1998-10-26,9.39,0.32,80.71,1.44,11.33
1998-10-27,10.59,2.05,73.79,3.03,10.57
1998-10-28,7.4,0.28,66.89,3.06,8.66
1998-10-29,4.93,0.0,68.58,0.98,10.16
1998-10-30,3.95,0.66,67.55,1.49,7.47
1998-10-31,5.13,1.41,66.08,1.34,4.68
1998-11-01,4.11,3.6,87.43,0.8,4.55
1998-11-02,5.94,0.22,76.49,0.67,5.74
1998-11-03,5.02,0.42,76.31,2.29,7.13
1998-11-04,5.64,2.37,80.54,1.22,3.23
1998-11-05,3.6,8.09,94.95,1.36,2.8
1998-11-06,3.28,1.09,82.83,1.7,5.86
1998-11-07,4.55,0.43,71.02,3.1,5.3
1998-11-08,3.42,0.43,68.93,2.13,7.21
1998-11-09,3.41,0.2,75.6,0.88,5.84
1998-11-10,2.69,0.18,69.7,1.62,6.72
1998-11-11,2.42,0.17,82.24,1.36,6.5
1998-11-12,3.73,0.33,82.97,3.58,2.79
1998-11-13,7.92,7.99,85.51,5.41,3.05
1998-11-14,7.16,1.69,87.98,1.76,2.57
1998-11-15,8.93,0.1,78.97,5.06,5.24
1998-11-16,5.13,0.05,78.65,2.76,3.92
1998-11-17,3.89,0.22,83.55,2.9,5.52
1998-11-18,2.9,0.62,85.24,1.66,7.01
1998-11-19,1.98,5.06,90.35,1.82,4.03
1998-11-20,6.97,8.28,85.12,6.46,2.62
1998-11-21,7.17,3.2,85.25,6.72,1.51
1998-11-22,4.46,1.45,83.25,4.65,5.8
1998-11-23,5.15,2.91,84.46,3.9,1.49
1998-11-24,6.13,1.77,70.91,6.06,6.26
1998-11-25,9.52,5.52,70.27,7.83,2.67
1998-11-26,8.57,0.51,72.88,3.94,3.15
1998-11-27,5.19,1.33,90.2,1.05,2.75
1998-11-28,3.07,1.62,90.19,1.01,3.67
1998-11-29,1.92,3.49,87.97,3.22,2.33
1998-11-30,2.39,5.77,94.38,3.19,1.9
1998-12-01,3.57,5.27,90.01,5.66,1.32
1998-12-02,6.04,2.89,84.88,6.02,4.91
1998-12-03,1.23,0.11,78.83,1.46,6.22
1998-12-04,-0.42,0.58,78.34,1.26,6.07
1998-12-05,-1.39,1.66,86.42,3.13,1.46
1998-12-06,-1.56,0.48,92.07,1.39,4.01
1998-12-07,0.42,2.14,87.5,4.45,1.55
1998-12-08,-0.06,1.17,90.01,2.38,6.26
1998-12-09,-1.57,0.1,83.58,1.94,2.0
1998-12-10,0.24,3.22,78.28,2.14,3.36
1998-12-11,2.32,7.07,97.5,2.69,1.68
1998-12-12,4.87,2.47,90.07,3.12,0.98
1998-12-13,5.48,3.15,87.44,2.69,1.39
1998-12-14,0.36,0.04,78.14,1.8,4.15
1998-12-15,0.76,0.1,72.31,1.53,3.88
1998-12-16,2.04,0.01,82.87,0.86,1.78
1998-12-17,0.99,0.03,84.07,3.39,5.38
1998-12-18,-4.52,0.01,52.42,6.24,3.89
1998-12-19,-10.61,0.0,43.08,6.63,3.59
1998-12-20,-13.79,0.0,44.74,4.65,1.54
1998-12-21,-11.8,0.08,50.57,1.94,4.15
1998-12-22,-10.98,0.02,61.11,1.67,4.32
1998-12-23,-9.4,1.19,72.19,1.55,2.46
1998-12-24,-5.22,5.57,92.36,2.63,1.35
1998-12-25,0.09,6.63,98.34,3.03,0.68
1998-12-26,0.18,2.15,96.36,3.37,2.16
1998-12-27,1.19,9.7,97.45,4.98,0.96
1998-12-28,3.66,1.59,95.54,5.05,3.31
1998-12-29,5.41,6.06,96.9,4.85,2.24
1998-12-30,2.77,0.05,98.41,1.99,3.99
1998-12-31,2.15,0.19,92.48,2.71,3.17
1999-01-01,-0.17,0.01,86.66,0.86,2.13
1999-01-02,-0.65,0.0,77.36,1.76,5.63
1999-01-03,-1.27,0.01,75.6,1.53,3.1
1999-01-04,-2.19,0.28,86.91,1.25,1.4
1999-01-05,0.14,0.15,78.99,0.63,2.19
1999-01-06,1.04,0.42,88.15,1.23,2.6
1999-01-07,0.54,0.14,91.74,1.94,3.45
1999-01-08,-0.39,0.3,94.87,1.66,2.86
1999-01-09,0.29,0.55,89.21,0.99,2.36
1999-01-10,1.01,1.31,96.49,1.65,2.58
1999-01-11,0.79,0.02,93.82,1.78,1.31
1999-01-12,0.7,0.47,98.02,3.03,2.41
1999-01-13,0.41,0.89,96.67,1.51,2.06
1999-01-14,4.69,3.34,94.61,5.16,4.01
1999-01-15,1.85,0.82,90.93,2.39,5.63
1999-01-16,1.46,2.9,91.84,4.77,4.14
1999-01-17,0.9,5.4,95.6,3.56,1.57
1999-01-18,3.49,0.79,87.5,5.01,3.35
1999-01-19,2.28,0.69,95.62,1.75,2.73
1999-01-20,2.32,1.71,94.67,1.59,5.36
1999-01-21,2.54,2.72,93.62,2.77,3.37
1999-01-22,1.35,5.17,93.95,3.16,2.82
1999-01-23,-3.45,2.99,72.46,4.49,4.25
1999-01-24,-5.26,0.02,58.26,1.84,5.72
1999-01-25,-2.77,0.6,76.55,2.06,2.88
1999-01-26,-1.99,0.01,76.98,1.39,6.45
1999-01-27,-1.66,0.09,83.11,3.65,2.08
1999-01-28,3.01,0.98,81.7,6.72,6.59
1999-01-29,3.69,0.04,69.19,4.7,3.35
1999-01-30,2.87,0.01,69.95,2.38,3.07
1999-01-31,0.78,0.21,86.36,2.72,4.85
1999-02-01,0.54,0.97,86.12,5.53,3.09
1999-02-02,3.3,4.39,79.2,7.57,6.49
1999-02-03,1.35,0.61,87.61,3.49,2.34
1999-02-04,2.91,0.35,80.67,5.34,7.13
1999-02-05,1.85,4.12,83.95,4.18,2.76
1999-02-06,4.55,7.38,82.81,7.42,1.45
1999-02-07,3.89,1.27,76.56,6.56,4.23
1999-02-08,0.33,1.21,82.96,4.14,2.32
1999-02-09,-1.94,0.08,84.05,2.28,4.37
1999-02-10,-1.75,0.33,79.81,2.73,10.31
1999-02-11,-0.84,0.01,71.69,2.53,5.75
1999-02-12,0.48,0.0,69.2,3.19,8.28
1999-02-13,1.21,0.09,80.17,1.87,8.34
1999-02-14,1.68,0.11,77.71,1.93,10.71
1999-02-15,1.63,0.69,79.24,2.41,8.72
1999-02-16,3.51,4.46,81.52,3.06,5.59
1999-02-17,2.07,2.96,86.46,3.51,9.33
1999-02-18,2.38,4.15,87.02,3.39,2.28
1999-02-19,3.78,0.61,70.57,3.65,9.9
1999-02-20,2.41,0.87,73.05,3.97,7.99
1999-02-21,3.21,3.08,80.33,4.06,7.72
1999-02-22,3.29,5.75,87.0,5.64,4.72
1999-02-23,4.83,3.53,89.96,3.6,9.61
1999-02-24,7.46,6.12,86.91,5.4,3.38
1999-02-25,5.35,1.11,79.9,3.99,10.53
1999-02-26,2.04,0.28,72.9,2.65,13.76
1999-02-27,4.42,11.1,87.34,3.85,2.39
1999-02-28,6.32,0.35,79.49,3.5,10.71
1999-03-01,3.73,0.23,78.9,3.2,12.12
1999-03-02,3.33,0.49,75.13,4.13,5.52
1999-03-03,3.89,0.36,74.21,6.13,7.62
1999-03-04,1.07,0.39,81.47,3.01,10.01
1999-03-05,0.37,0.03,74.69,1.92,14.54
1999-03-06,2.15,0.0,66.67,3.01,12.47
1999-03-07,1.74,0.28,71.07,1.83,13.89
1999-03-08,2.23,1.97,77.15,3.43,6.93
1999-03-09,2.08,2.47,77.09,2.54,7.56
1999-03-10,2.19,0.03,71.28,1.54,12.81
1999-03-11,3.64,0.03,63.56,1.87,15.47
1999-03-12,4.49,0.11,58.54,1.79,7.28
1999-03-13,8.18,0.81,76.05,2.8,6.76
1999-03-14,7.46,0.14,74.81,2.17,10.48
1999-03-15,4.93,0.7,73.17,2.12,9.41
1999-03-16,3.64,0.23,61.07,3.22,15.49
1999-03-17,5.73,0.03,55.14,2.46,11.38
1999-03-18,6.73,0.01,67.89,2.61,13.24
1999-03-19,9.87,0.0,68.77,3.57,17.95
1999-03-20,11.72,0.03,68.26,3.45,17.63
1999-03-21,7.58,0.47,76.41,2.23,9.7
1999-03-22,9.61,0.01,58.46,2.7,16.0
1999-03-23,9.08,0.02,67.86,2.45,15.65
1999-03-24,9.2,0.09,68.97,2.69,10.88
1999-03-25,9.01,0.98,73.43,3.26,8.0
1999-03-26,5.33,0.25,61.8,5.16,18.01
1999-03-27,3.26,0.14,62.13,3.84,14.99
1999-03-28,3.13,1.2,66.09,2.99,13.66
1999-03-29,5.42,1.09,69.4,4.51,14.39
1999-03-30,3.64,0.41,71.67,1.88,14.99
1999-03-31,4.44,0.02,62.03,3.64,19.32
1999-04-01,5.41,0.51,62.19,3.67,21.35
1999-04-02,6.52,1.58,57.67,2.28,19.93
1999-04-03,4.73,2.51,68.84,2.6,11.79
1999-04-04,4.4,0.08,61.06,2.49,13.09
1999-04-05,4.73,0.07,64.5,1.47,14.42
1999-04-06,6.28,0.01,57.38,1.85,21.28
1999-04-07,8.16,0.51,66.57,2.55,19.36
1999-04-08,5.71,1.8,77.95,2.98,12.79
1999-04-09,4.01,0.01,55.62,3.05,19.2
1999-04-10,4.81,0.0,55.67,2.8,19.05
1999-04-11,8.72,0.0,51.88,2.16,23.08
1999-04-12,8.66,0.02,61.48,3.16,14.23
1999-04-13,7.15,0.0,56.74,3.23,23.1
1999-04-14,7.28,0.0,50.48,2.29,23.9
1999-04-15,8.98,0.0,48.9,3.19,23.99
1999-04-16,11.94,0.0,49.09,3.0,24.0
1999-04-17,15.24,0.03,49.9,1.82,21.46
1999-04-18,13.4,1.37,72.79,1.55,9.59
1999-04-19,9.47,0.18,72.26,2.06,15.83
1999-04-20,7.66,0.02,60.08,3.61,20.0
1999-04-21,7.39,0.02,58.64,1.82,23.4
1999-04-22,10.62,0.04,57.4,3.82,20.85
1999-04-23,12.48,0.0,56.07,3.25,25.01
1999-04-24,15.4,0.0,51.08,2.09,25.82
1999-04-25,12.98,0.21,56.95,2.89,15.61
1999-04-26,7.54,0.0,52.51,2.87,26.32
1999-04-27,6.6,0.05,54.52,1.25,22.8
1999-04-28,8.76,0.04,57.39,2.93,19.22
1999-04-29,11.55,0.01,53.48,4.36,25.53
1999-04-30,13.04,0.0,54.39,2.09,25.04
1999-05-01,11.83,0.85,58.21,4.4,13.26
1999-05-02,7.43,2.19,73.59,3.38,12.86
1999-05-03,8.34,1.24,65.31,3.34,19.76
1999-05-04,6.77,0.22,54.51,3.6,21.41
1999-05-05,7.61,1.46,55.3,1.84,28.32
1999-05-06,13.36,4.83,54.2,3.92,24.59
1999-05-07,6.93,0.51,54.7,4.12,21.52
1999-05-08,6.14,0.21,55.66,1.96,22.46
1999-05-09,6.15,0.27,55.55,1.34,21.5
1999-05-10,8.66,0.04,50.57,1.26,25.44
1999-05-11,11.23,0.11,49.69,2.31,23.83
1999-05-12,11.15,0.01,53.5,3.72,26.0
1999-05-13,8.75,0.04,56.86,2.35,22.25
1999-05-14,8.73,0.09,58.25,1.65,23.31
1999-05-15,10.27,0.4,61.37,1.9,18.01
1999-05-16,10.67,1.11,63.73,2.33,20.28
1999-05-17,10.19,2.7,77.83,2.14,12.5
1999-05-18,13.21,0.06,60.79,3.42,19.86
1999-05-19,12.61,0.03,53.05,1.29,26.42
1999-05-20,14.97,0.02,44.67,1.52,21.73
1999-05-21,13.9,0.0,52.71,2.52,25.52
1999-05-22,17.43,0.0,45.94,0.94,29.4
1999-05-23,20.79,0.0,47.16,2.55,29.45
1999-05-24,23.23,0.0,46.85,2.3,29.71
1999-05-25,17.43,0.0,47.99,4.0,30.38
1999-05-26,14.61,0.0,43.12,1.21,31.47
1999-05-27,18.69,0.0,40.01,2.29,29.2
1999-05-28,17.32,0.0,42.88,3.02,23.3
1999-05-29,17.73,0.0,33.8,3.75,27.06
1999-05-30,17.24,0.02,41.97,3.37,28.91
1999-05-31,17.14,0.25,53.92,4.13,13.38
1999-06-01,13.77,0.14,46.01,3.28,25.31
1999-06-02,11.92,1.73,62.07,1.35,12.17
1999-06-03,18.2,0.28,49.05,2.6,29.68
1999-06-04,17.52,0.03,53.82,3.28,27.95
1999-06-05,16.05,0.09,50.17,4.85,25.95
1999-06-06,11.47,0.01,46.17,3.08,20.97
1999-06-07,11.88,0.34,51.0,2.02,23.32
1999-06-08,12.12,0.37,52.57,2.23,17.85
1999-06-09,13.37,0.0,48.44,2.09,29.05
1999-06-10,16.43,0.0,42.0,2.4,27.04
1999-06-11,16.97,0.0,44.38,1.75,31.47
1999-06-12,21.25,0.0,39.09,3.44,30.57
1999-06-13,22.42,0.0,46.57,3.56,21.58
1999-06-14,24.39,0.0,49.68,2.34,27.2
1999-06-15,26.76,0.61,50.43,3.84,28.76
1999-06-16,23.28,0.09,48.64,3.67,28.32
1999-06-17,21.48,0.01,47.98,2.19,27.52
1999-06-18,21.19,0.05,46.32,3.56,28.67
1999-06-19,17.78,0.04,43.66,2.43,28.68
1999-06-20,18.11,0.57,53.78,2.21,16.56
1999-06-21,19.0,0.52,58.69,3.72,21.04
1999-06-22,18.35,0.02,50.51,3.88,28.9
1999-06-23,19.47,0.7,54.22,2.14,23.93
1999-06-24,18.97,3.89,60.26,2.93,21.59
1999-06-25,16.04,2.52,52.87,4.21,22.07
1999-06-26,15.99,0.03,48.51,2.13,26.48
1999-06-27,16.83,0.01,48.38,2.45,27.87
1999-06-28,16.86,0.09,54.32,2.4,19.68
1999-06-29,18.86,0.0,51.9,2.79,23.22
1999-06-30,19.52,0.04,51.69,2.98,24.77
1999-07-01,17.74,0.06,47.82,4.14,28.47
1999-07-02,13.71,0.03,48.06,3.42,20.33
1999-07-03,14.58,0.21,49.19,1.82,23.71
1999-07-04,16.01,0.14,46.3,2.3,19.72
1999-07-05,19.05,0.0,43.78,1.72,31.31
1999-07-06,24.01,0.0,41.95,2.68,30.77
1999-07-07,18.99,0.0,46.56,5.06,26.83
1999-07-08,18.35,0.0,45.57,1.21,30.18
1999-07-09,22.68,0.0,39.31,2.32,29.64
1999-07-10,25.72,0.0,36.13,1.48,28.52
1999-07-11,26.16,0.0,42.59,1.87,30.23
1999-07-12,25.21,0.0,42.62,1.92,30.87
1999-07-13,24.2,0.0,41.48,2.89,30.38
1999-07-14,18.09,0.09,43.31,4.09,24.95
1999-07-15,18.38,0.38,48.13,1.74,22.47
1999-07-16,19.39,0.84,47.0,4.02,29.02
1999-07-17,18.73,1.09,49.8,3.07,16.68
1999-07-18,19.01,0.0,50.44,1.71,29.14
1999-07-19,22.36,0.03,40.85,2.29,28.84
1999-07-20,24.56,2.89,40.1,2.45,24.26
1999-07-21,22.81,0.07,49.33,2.62,26.83
1999-07-22,22.77,0.0,46.54,2.11,29.08
1999-07-23,23.81,0.02,43.79,2.1,28.72
1999-07-24,21.18,0.01,48.1,4.14,22.93
1999-07-25,19.5,0.0,45.97,1.94,28.57
1999-07-26,23.66,0.0,33.95,1.64,28.7
1999-07-27,27.55,0.0,30.44,1.99,28.63
1999-07-28,28.34,0.0,38.01,2.35,28.56
1999-07-29,25.01,0.0,42.51,3.34,27.65
1999-07-30,23.59,0.0,43.79,1.84,27.24
1999-07-31,23.54,0.0,38.49,1.95,25.14
1999-08-01,24.38,0.0,43.07,1.96,28.44
1999-08-02,28.33,0.04,35.53,1.16,26.73
1999-08-03,26.11,0.74,50.07,2.45,24.22
1999-08-04,26.75,0.59,52.47,3.43,25.52
1999-08-05,26.83,0.9,47.11,2.77,25.45
1999-08-06,25.69,3.36,54.16,1.62,20.51
1999-08-07,21.12,2.7,62.4,3.32,16.86
1999-08-08,21.52,0.0,51.61,2.37,26.5
1999-08-09,25.14,0.01,39.83,1.03,26.98
1999-08-10,26.61,0.04,38.59,1.44,26.29
1999-08-11,23.0,0.7,49.6,3.14,24.11
1999-08-12,20.22,0.18,51.67,2.7,24.48
1999-08-13,19.03,0.81,54.64,2.43,18.36
1999-08-14,17.95,0.27,52.83,2.74,17.46
1999-08-15,17.44,0.0,55.67,2.69,17.32
1999-08-16,21.66,0.0,50.78,1.71,22.22
1999-08-17,24.47,0.0,42.32,2.51,25.27
1999-08-18,23.74,0.09,45.78,3.2,17.93
1999-08-19,24.63,0.0,46.04,1.92,24.38
1999-08-20,25.22,0.04,41.73,1.41,22.17
1999-08-21,21.55,0.0,48.55,3.4,23.88
1999-08-22,21.44,0.0,42.02,0.93,24.12
1999-08-23,26.24,0.0,33.21,1.6,22.83
1999-08-24,25.67,0.0,46.81,2.79,17.6
1999-08-25,23.9,0.0,50.05,3.4,21.79
1999-08-26,23.31,0.0,41.19,1.21,22.75
1999-08-27,25.64,0.0,31.94,1.88,20.74
1999-08-28,26.05,0.0,37.88,1.38,22.09
1999-08-29,23.87,1.08,51.12,3.34,18.48
1999-08-30,15.02,1.55,55.94,4.07,6.03
1999-08-31,13.49,0.12,50.65,3.09,19.07
1999-09-01,14.61,0.0,42.65,1.72,19.5
1999-09-02,15.72,0.0,40.57,2.36,20.47
1999-09-03,17.78,0.0,40.46,2.01,22.43
1999-09-04,17.43,0.0,37.76,1.96,14.85
1999-09-05,19.72,0.0,44.67,3.54,13.5
1999-09-06,15.48,0.0,50.66,4.0,19.45
1999-09-07,14.93,0.0,46.91,1.39,21.92
1999-09-08,17.68,0.0,35.48,2.93,21.64
1999-09-09,18.88,0.0,37.7,2.31,21.13
1999-09-10,16.06,0.0,46.87,2.07,21.43
1999-09-11,15.83,0.0,37.39,2.53,21.21
1999-09-12,17.32,0.0,34.36,3.16,20.8
1999-09-13,19.53,0.01,35.36,2.63,20.65
1999-09-14,21.42,0.0,33.36,1.32,20.29
1999-09-15,21.8,0.0,34.79,1.34,19.06
1999-09-16,18.78,0.0,50.85,1.32,17.35
1999-09-17,19.34,0.0,47.03,0.95,19.22
1999-09-18,20.33,0.0,39.03,2.84,18.75
1999-09-19,19.05,0.0,38.23,3.5,18.28
1999-09-20,19.95,0.0,26.26,1.35,18.17
1999-09-21,21.32,0.0,27.52,1.55,18.11
1999-09-22,22.21,0.0,32.78,1.65,18.23
1999-09-23,18.73,0.02,47.77,3.38,12.11
1999-09-24,14.08,0.02,44.18,3.38,14.04
1999-09-25,13.45,0.01,49.12,6.39,15.34
1999-09-26,10.33,0.02,53.95,2.57,12.71
1999-09-27,9.71,0.0,46.43,1.83,15.27
1999-09-28,10.76,0.0,32.52,1.83,15.48
1999-09-29,13.79,0.0,39.92,1.37,15.19
1999-09-30,13.72,0.0,42.75,2.82,14.6
1999-10-01,11.53,0.0,37.63,2.77,16.96
1999-10-02,10.07,0.0,37.21,3.14,16.84
1999-10-03,12.3,0.0,34.14,1.66,17.11
1999-10-04,13.25,0.0,38.45,1.71,16.87
1999-10-05,13.7,0.0,47.93,2.08,13.66
1999-10-06,13.85,0.02,55.39,2.06,14.27
1999-10-07,13.3,0.19,67.79,4.09,9.16
1999-10-08,13.53,2.48,74.9,4.46,7.04
1999-10-09,10.13,0.04,58.92,1.46,13.3
1999-10-10,9.68,0.0,50.98,2.68,11.04
1999-10-11,11.03,0.04,48.8,1.61,7.57
1999-10-12,12.82,0.0,54.48,1.32,9.5
1999-10-13,14.26,0.02,65.73,3.44,10.96
1999-10-14,8.94,0.0,56.71,3.04,13.05
1999-10-15,5.8,0.01,51.87,2.5,11.46
1999-10-16,6.15,0.0,38.25,1.36,11.99
1999-10-17,8.23,0.0,36.22,1.11,11.28
1999-10-18,8.43,0.0,56.97,2.61,13.26
1999-10-19,9.41,0.0,49.74,1.51,13.24
1999-10-20,10.32,0.01,44.48,1.16,13.05
1999-10-21,10.93,0.01,48.32,1.57,12.37
1999-10-22,11.08,0.0,47.66,1.51,12.08
1999-10-23,11.56,0.0,49.34,2.6,11.14
1999-10-24,10.15,0.94,62.36,1.55,9.38
1999-10-25,10.64,5.59,80.98,2.97,3.52
1999-10-26,6.75,2.34,77.31,1.91,4.37
1999-10-27,5.0,5.97,84.44,3.85,3.28
1999-10-28,9.06,1.67,76.04,6.08,4.42
1999-10-29,6.39,0.41,73.45,3.06,5.56
1999-10-30,8.59,0.0,62.36,2.39,4.93
1999-10-31,7.75,1.2,60.6,5.16,9.05
1999-11-01,3.54,0.0,49.93,3.73,9.88
1999-11-02,4.84,0.36,51.84,1.34,8.54
1999-11-03,5.93,0.72,69.1,3.39,5.42
1999-11-04,5.16,1.03,60.09,2.23,9.83
1999-11-05,4.32,3.15,71.86,2.24,7.22
1999-11-06,9.39,2.17,85.86,1.14,3.24
1999-11-07,8.07,0.03,76.98,0.98,4.37
1999-11-08,8.47,1.04,75.89,3.37,4.65
1999-11-09,8.25,0.69,65.9,2.39,1.93
1999-11-10,9.74,3.01,77.72,3.2,3.99
1999-11-11,11.13,1.77,79.09,2.69,2.53
1999-11-12,14.19,2.61,75.24,4.26,2.21
1999-11-13,12.93,0.41,86.65,2.09,3.0
1999-11-14,10.34,0.01,62.72,1.53,7.48
1999-11-15,5.91,0.11,74.18,2.63,3.75
1999-11-16,7.54,0.01,80.78,2.18,4.77
1999-11-17,6.25,0.72,76.89,3.21,3.57
1999-11-18,4.24,0.3,78.89,2.0,6.22
1999-11-19,5.7,1.26,72.22,3.66,2.44
1999-11-20,6.09,0.76,73.94,4.3,7.01
1999-11-21,2.54,0.79,77.39,2.35,4.38
1999-11-22,1.43,0.68,87.5,2.1,3.64
1999-11-23,2.94,1.59,75.7,1.79,3.9
1999-11-24,4.04,3.57,91.38,4.7,2.08
1999-11-25,5.74,7.08,95.8,1.45,2.37
1999-11-26,4.38,1.19,77.8,2.5,6.78
1999-11-27,2.07,0.1,76.84,1.2,3.41
1999-11-28,3.99,0.11,85.4,3.22,5.29
1999-11-29,5.87,1.03,77.6,2.66,4.5
1999-11-30,5.96,3.31,81.68,2.34,5.46
1999-12-01,4.14,3.18,86.06,3.2,3.66
1999-12-02,4.01,8.28,81.54,5.6,4.26
1999-12-03,-0.88,0.01,87.17,1.28,5.62
1999-12-04,-0.72,0.0,75.89,2.06,5.65
1999-12-05,0.47,1.23,85.66,2.36,2.24
1999-12-06,3.0,1.61,86.59,4.86,4.06
1999-12-07,0.98,0.35,88.82,1.46,5.49
1999-12-08,0.78,0.44,85.26,2.5,1.55
1999-12-09,0.24,1.9,87.63,2.82,2.04
1999-12-10,0.85,0.62,90.89,3.18,2.2
1999-12-11,3.94,1.55,92.86,4.45,3.35
1999-12-12,4.8,2.57,86.19,4.89,2.44
1999-12-13,0.07,0.51,84.14,3.93,5.15
1999-12-14,2.11,3.06,91.99,5.36,3.7
1999-12-15,4.97,5.39,92.39,6.58,1.46
1999-12-16,6.12,1.61,88.28,3.31,4.94
1999-12-17,5.26,4.1,92.42,4.13,1.35
1999-12-18,5.61,0.15,69.22,5.06,4.67
1999-12-19,1.76,0.15,59.77,1.74,2.9
1999-12-20,0.07,0.03,93.26,1.14,4.02
1999-12-21,0.27,0.01,85.43,1.87,4.58
1999-12-22,0.09,0.02,91.76,1.39,2.65
1999-12-23,-0.93,0.05,87.41,2.59,2.47
1999-12-24,-1.24,0.23,87.02,1.99,2.29
1999-12-25,-1.52,0.05,83.47,2.1,2.18
1999-12-26,-2.79,0.06,83.76,2.29,3.51
1999-12-27,-3.53,0.11,86.04,2.0,2.81
1999-12-28,-3.35,0.07,87.13,1.48,2.71
1999-12-29,-2.38,0.19,81.0,0.7,3.23
1999-12-30,-3.06,0.22,87.31,0.85,2.57
1999-12-31,-1.92,2.8,90.37,1.95,2.7
2000-01-01,-0.56,0.84,97.88,3.33,1.54
2000-01-02,-1.69,2.75,89.63,2.15,2.79
2000-01-03,-1.45,4.14,95.88,2.53,1.77
2000-01-04,1.67,4.82,95.23,5.0,3.68
2000-01-05,-0.42,0.04,89.8,2.17,4.31
2000-01-06,-0.75,0.63,82.33,1.75,2.07
2000-01-07,-0.02,0.26,97.98,2.13,1.68
2000-01-08,1.74,2.49,88.04,4.71,3.48
2000-01-09,1.19,1.5,81.03,5.89,4.26
2000-01-10,-0.56,2.03,93.62,2.76,2.43
2000-01-11,-0.73,1.53,90.48,2.21,1.99
2000-01-12,-0.72,1.28,85.69,3.99,3.18
2000-01-13,0.46,3.53,93.82,2.67,1.88
2000-01-14,1.84,1.92,95.41,3.06,2.73
2000-01-15,-0.77,1.24,89.61,3.32,4.2
2000-01-16,2.33,3.58,84.48,4.6,1.9
2000-01-17,0.0,0.02,84.35,1.58,7.06
2000-01-18,-1.41,0.08,83.76,2.21,6.03
2000-01-19,-3.46,0.14,79.43,3.7,6.2
2000-01-20,-3.42,1.75,83.78,1.98,4.73
2000-01-21,-1.06,0.47,91.35,1.16,3.46
2000-01-22,-0.62,0.97,89.24,1.12,5.85
2000-01-23,-0.84,1.54,88.0,2.97,5.01
2000-01-24,-0.79,0.3,85.27,3.85,6.85
2000-01-25,-0.95,2.93,90.91,1.97,5.94
2000-01-26,-1.21,0.14,90.25,1.74,7.65
2000-01-27,-1.74,0.02,83.69,1.11,7.85
2000-01-28,-1.84,0.14,83.48,1.86,7.69
2000-01-29,-3.93,1.04,82.21,3.74,8.56
2000-01-30,-2.95,0.93,74.07,3.28,8.76
2000-01-31,-0.01,3.77,87.11,2.12,5.42
2000-02-01,3.91,10.96,96.78,4.22,1.05
2000-02-02,2.07,0.27,97.28,2.29,4.32
2000-02-03,1.5,0.03,80.28,5.65,7.73
2000-02-04,-0.27,0.21,74.81,2.4,4.71
2000-02-05,0.21,0.52,90.48,2.55,5.57
2000-02-06,2.46,0.46,92.49,1.61,6.21
2000-02-07,2.67,0.92,88.3,2.1,4.17
2000-02-08,3.68,0.47,87.36,1.71,3.57
2000-02-09,2.18,0.43,74.78,1.47,9.24
2000-02-10,0.85,0.02,79.31,2.69,10.35
2000-02-11,0.74,1.75,69.34,2.14,8.58
2000-02-12,-0.68,3.68,85.92,2.83,5.24
2000-02-13,0.51,2.53,85.24,2.74,7.4
2000-02-14,0.6,4.21,91.37,2.9,2.87
2000-02-15,2.17,0.15,75.94,3.15,8.74
2000-02-16,0.54,0.1,80.14,2.93,11.2
2000-02-17,-1.77,0.12,72.9,2.29,11.37
2000-02-18,0.44,0.0,67.28,1.21,8.74
2000-02-19,0.17,0.0,72.21,2.42,12.12
2000-02-20,3.5,0.02,69.37,2.87,9.37
2000-02-21,3.57,1.39,86.8,1.47,5.65
2000-02-22,5.53,2.31,90.31,2.64,3.92
2000-02-23,3.53,1.08,80.65,1.62,8.08
2000-02-24,1.34,0.51,68.95,1.67,12.66
2000-02-25,2.7,2.92,69.09,1.67,11.43
2000-02-26,4.25,3.39,85.55,2.22,9.17
2000-02-27,5.94,3.52,84.97,1.54,5.93
2000-02-28,3.28,0.58,82.95,2.65,10.58
2000-02-29,4.01,0.85,83.33,2.6,6.48
2000-03-01,3.71,0.37,70.55,2.47,11.34
2000-03-02,4.27,0.4,80.32,1.49,8.23
2000-03-03,4.42,2.12,84.33,2.12,7.57
2000-03-04,4.54,6.24,92.71,1.44,5.31
2000-03-05,4.81,0.45,73.16,2.37,10.17
2000-03-06,2.22,5.96,76.73,1.82,10.37
2000-03-07,3.03,0.04,64.9,1.42,12.98
2000-03-08,4.75,0.15,73.45,2.3,9.43
2000-03-09,3.79,0.21,79.28,1.63,11.38
2000-03-10,4.47,2.5,75.86,2.39,11.9
2000-03-11,4.75,0.4,70.93,3.36,14.74
2000-03-12,2.93,0.71,79.68,1.08,7.8
2000-03-13,6.4,2.24,70.96,1.71,13.32
2000-03-14,6.17,1.74,65.28,4.83,14.86
2000-03-15,4.15,0.22,70.2,2.01,16.7
2000-03-16,4.89,5.38,74.12,3.86,9.75
2000-03-17,2.84,1.43,81.99,3.75,13.46
2000-03-18,3.96,2.05,90.05,4.39,5.96
2000-03-19,2.45,0.13,73.84,2.92,12.09
2000-03-20,3.19,0.0,64.35,1.45,15.61
2000-03-21,6.7,0.01,63.04,1.94,18.47
2000-03-22,9.18,4.89,72.87,3.44,6.32
2000-03-23,5.39,0.63,65.8,3.28,17.22
2000-03-24,5.89,0.0,59.89,1.77,19.25
2000-03-25,6.66,0.0,66.37,1.67,13.75
2000-03-26,8.26,0.0,60.84,1.45,17.9
2000-03-27,7.38,0.07,65.94,3.31,16.19
2000-03-28,7.17,0.11,59.21,3.88,16.06
2000-03-29,5.81,0.01,55.44,2.54,19.01
2000-03-30,6.84,0.0,54.72,1.43,18.79
2000-03-31,9.45,0.0,49.04,1.2,20.08
2000-04-01,10.71,0.0,62.14,2.0,19.74
2000-04-02,11.94,0.0,58.74,2.98,20.86
2000-04-03,12.98,0.0,57.49,2.23,19.94
2000-04-04,10.09,0.02,65.35,4.61,11.77
2000-04-05,5.86,0.03,60.12,2.18,13.46
2000-04-06,6.91,0.63,59.55,4.01,18.11
2000-04-07,7.01,0.0,53.01,1.54,22.22
2000-04-08,10.96,0.0,54.07,3.07,20.38
2000-04-09,11.11,0.0,61.1,2.38,22.39
2000-04-10,11.15,0.01,62.66,0.99,22.69
2000-04-11,15.38,0.0,46.41,1.22,20.88
2000-04-12,15.74,3.25,49.5,1.54,16.31
2000-04-13,12.61,10.44,71.53,3.07,6.48
2000-04-14,10.06,3.78,75.19,4.1,9.54
2000-04-15,9.11,0.7,78.37,2.24,13.68
2000-04-16,10.81,0.48,70.43,1.82,12.6
2000-04-17,14.28,0.01,57.47,1.49,19.36
2000-04-18,14.67,0.02,53.17,3.73,23.45
2000-04-19,11.9,0.0,53.63,2.27,24.32
2000-04-20,12.97,0.02,59.05,1.46,18.93
2000-04-21,15.68,0.18,59.73,2.22,22.2
2000-04-22,11.77,0.21,53.54,4.05,24.02
2000-04-23,8.3,0.08,59.12,3.25,20.93
2000-04-24,7.01,0.02,49.69,2.29,25.35
2000-04-25,8.71,0.13,57.87,3.39,14.66
2000-04-26,10.96,0.13,56.92,2.51,23.95
2000-04-27,15.1,0.48,55.04,4.33,15.98
2000-04-28,9.8,0.14,50.53,3.59,22.63
2000-04-29,9.64,0.0,51.86,2.11,26.44
2000-04-30,15.32,0.05,42.87,2.3,20.43
2000-05-01,15.72,2.14,55.06,2.27,22.24
2000-05-02,14.51,2.01,60.75,2.53,21.7
2000-05-03,12.5,0.65,59.46,3.51,13.22
2000-05-04,10.45,0.29,54.19,2.36,22.28
2000-05-05,10.31,0.48,54.41,2.98,18.81
2000-05-06,10.05,0.0,44.65,1.88,26.33
2000-05-07,11.57,0.02,39.04,1.2,26.87
2000-05-08,12.54,0.83,50.65,2.97,20.12
2000-05-09,10.76,1.93,65.24,4.62,16.84
2000-05-10,7.97,0.73,60.42,4.32,19.97
2000-05-11,8.45,0.49,64.63,2.56,16.31
2000-05-12,10.47,0.01,51.4,2.44,26.06
2000-05-13,14.34,0.0,48.68,3.05,23.59
2000-05-14,16.69,0.47,52.21,1.78,23.61
2000-05-15,18.09,0.08,48.61,1.61,25.63
2000-05-16,19.6,0.02,45.06,3.55,28.28
2000-05-17,16.7,0.07,47.0,3.96,28.07
2000-05-18,14.91,0.23,54.51,2.05,26.9
2000-05-19,16.79,1.28,59.38,2.85,23.32
2000-05-20,16.75,0.2,55.64,2.15,20.62
2000-05-21,19.97,0.39,53.77,3.21,15.3
2000-05-22,17.55,0.01,48.8,3.03,21.56
2000-05-23,16.58,0.0,41.22,2.05,30.15
2000-05-24,17.42,0.0,45.03,2.6,28.25
2000-05-25,14.69,0.02,40.58,2.57,23.98
2000-05-26,15.36,0.41,54.61,3.54,21.65
2000-05-27,16.19,0.4,57.26,4.62,21.86
2000-05-28,14.39,0.01,51.05,2.79,25.69
2000-05-29,14.58,2.33,49.8,1.34,25.72
2000-05-30,13.94,4.78,57.81,1.77,17.91
2000-05-31,12.62,4.14,64.33,2.29,12.86
2000-06-01,15.44,0.0,51.35,3.01,23.49
2000-06-02,17.78,0.0,47.23,3.22,26.07
2000-06-03,18.45,0.0,47.58,1.22,30.85
2000-06-04,22.2,0.14,44.91,3.59,26.92
2000-06-05,20.33,0.1,51.28,3.63,22.68
2000-06-06,18.47,0.16,47.46,1.86,18.25
2000-06-07,19.83,0.08,46.84,2.32,23.85
2000-06-08,14.87,8.86,71.93,2.27,12.38
2000-06-09,14.59,0.1,52.28,3.7,22.48
2000-06-10,13.26,0.32,47.58,3.87,22.44
2000-06-11,11.56,4.14,64.75,2.86,18.95
2000-06-12,16.63,7.89,65.63,5.28,18.29
2000-06-13,17.18,0.01,57.92,2.79,25.43
2000-06-14,19.74,0.62,58.3,4.23,17.4
2000-06-15,17.84,0.0,43.76,3.4,29.23
2000-06-16,19.48,0.0,37.31,1.64,31.03
2000-06-17,21.34,0.0,39.17,1.78,29.71
2000-06-18,20.15,0.02,47.18,3.46,20.29
2000-06-19,17.91,0.02,47.67,3.32,29.65
2000-06-20,19.5,0.0,46.86,1.91,30.33
2000-06-21,22.55,0.0,44.61,3.04,28.23
2000-06-22,20.17,0.0,39.2,2.84,30.93
2000-06-23,18.6,0.0,44.46,2.25,26.42
2000-06-24,19.58,0.0,46.97,3.3,24.92
2000-06-25,20.83,0.0,39.74,2.86,31.4
2000-06-26,23.5,0.0,37.91,2.19,30.49
2000-06-27,24.93,0.0,38.89,2.41,29.98
2000-06-28,26.47,0.0,33.87,2.24,27.03
2000-06-29,24.56,0.0,40.77,1.75,27.62
2000-06-30,22.96,0.0,45.17,3.29,23.23
2000-07-01,19.55,0.0,43.16,3.86,30.4
2000-07-02,16.72,0.08,44.37,2.4,30.58
2000-07-03,14.27,3.57,57.34,3.34,13.64
2000-07-04,16.24,1.2,48.73,2.11,21.48
2000-07-05,19.02,1.29,41.74,1.23,25.23
2000-07-06,19.13,4.99,55.73,1.82,20.99
2000-07-07,21.83,0.01,45.76,1.76,29.94
2000-07-08,22.74,0.14,40.67,2.39,26.12
2000-07-09,19.8,0.06,50.66,2.53,24.48
2000-07-10,20.98,0.0,47.03,1.55,30.06
2000-07-11,22.65,0.0,42.12,1.92,30.67
2000-07-12,23.56,0.0,42.25,1.83,30.53
2000-07-13,23.3,0.0,43.87,3.3,29.61
2000-07-14,20.08,0.01,42.03,3.74,29.29
2000-07-15,19.71,0.0,38.93,1.09,30.77
2000-07-16,23.19,0.0,33.87,2.05,29.58
2000-07-17,25.92,0.0,31.57,1.86,29.05
2000-07-18,24.73,0.02,44.16,2.86,29.77
2000-07-19,22.83,0.0,42.01,2.28,30.07
2000-07-20,25.0,0.0,41.64,1.65,29.66
2000-07-21,27.09,0.0,36.32,1.85,27.53
2000-07-22,24.65,0.0,46.04,4.45,27.5
2000-07-23,21.6,0.0,46.35,2.75,29.11
2000-07-24,23.05,0.0,40.73,1.58,29.16
2000-07-25,23.61,0.0,41.9,3.45,28.56
2000-07-26,21.16,0.0,43.45,2.43,28.75
2000-07-27,23.31,0.0,45.44,2.66,27.17
2000-07-28,26.11,0.0,42.9,1.99,26.71
2000-07-29,27.06,0.0,39.62,1.48,28.68
2000-07-30,29.0,0.0,34.68,1.6,23.27
2000-07-31,29.62,0.0,38.86,2.96,26.23
2000-08-01,25.26,0.0,42.17,2.29,28.65
2000-08-02,24.53,0.0,39.95,1.53,28.51
2000-08-03,25.34,0.0,41.28,1.71,28.46
2000-08-04,25.38,0.0,45.32,2.13,26.77
2000-08-05,26.15,0.0,44.06,1.78,26.63
2000-08-06,25.8,0.0,44.58,3.0,26.25
2000-08-07,23.93,0.0,45.83,2.13,26.63
2000-08-08,24.81,0.0,44.88,1.95,26.57
2000-08-09,26.09,0.0,45.01,2.21,26.09
2000-08-10,24.19,0.24,42.22,2.5,20.75
2000-08-11,20.15,0.0,39.77,3.25,25.93
2000-08-12,20.44,0.0,42.07,2.13,25.81
2000-08-13,19.66,0.0,43.19,3.2,24.52
2000-08-14,19.87,0.0,40.59,1.81,24.92
2000-08-15,21.12,0.0,35.18,2.39,24.82
2000-08-16,21.55,0.0,38.22,0.97,24.93
2000-08-17,22.85,0.0,30.46,1.69,24.38
2000-08-18,18.92,0.0,49.84,3.93,20.36
2000-08-19,16.27,0.02,54.37,2.79,18.89
2000-08-20,16.66,0.0,48.65,1.53,22.87
2000-08-21,19.24,0.0,37.47,1.22,23.96
2000-08-22,21.89,0.0,31.13,1.59,23.68
2000-08-23,24.87,0.0,29.51,2.22,23.35
2000-08-24,24.01,0.08,43.38,2.67,21.35
2000-08-25,21.96,0.0,49.32,2.71,22.67
2000-08-26,19.08,0.0,48.37,3.75,21.89
2000-08-27,16.23,0.0,44.86,2.58,21.17
2000-08-28,18.41,0.0,35.71,1.82,22.49
2000-08-29,20.06,0.0,43.91,2.58,17.2
2000-08-30,20.21,0.01,45.34,2.21,21.69
2000-08-31,19.28,0.02,39.06,3.2,19.24
2000-09-01,14.36,1.72,49.42,1.73,16.59
2000-09-02,13.81,1.34,61.3,3.17,7.68
2000-09-03,14.98,1.09,53.96,1.03,18.0
2000-09-04,15.22,0.21,49.24,0.86,16.48
2000-09-05,15.79,0.01,49.06,2.5,18.45
2000-09-06,16.36,0.0,57.76,2.02,20.28
2000-09-07,16.87,0.01,51.6,2.74,18.24
2000-09-08,15.57,0.94,54.28,5.48,13.45
2000-09-09,13.45,0.3,55.83,3.53,12.56
2000-09-10,13.73,11.28,79.31,1.88,9.75
2000-09-11,16.13,0.03,65.41,1.62,17.46
2000-09-12,19.43,0.0,57.95,1.84,19.71
2000-09-13,20.77,0.0,52.37,1.76,18.92
2000-09-14,23.02,0.0,42.04,3.31,19.59
2000-09-15,20.89,0.0,57.0,2.5,17.04
2000-09-16,20.0,0.0,56.3,1.06,19.06
2000-09-17,19.73,0.0,57.64,2.14,18.8
2000-09-18,20.65,0.0,60.34,3.3,9.73
2000-09-19,18.36,0.01,46.44,3.4,17.81
2000-09-20,14.34,2.61,53.99,2.21,6.64
2000-09-21,9.97,0.89,60.07,5.71,9.62
2000-09-22,7.4,0.0,33.97,5.79,17.07
2000-09-23,8.88,0.0,33.88,2.21,17.93
2000-09-24,11.3,0.0,31.65,2.0,17.39
2000-09-25,13.5,0.0,33.7,1.46,17.41
2000-09-26,15.13,0.06,33.64,1.41,17.03
2000-09-27,17.13,0.0,32.74,1.79,16.76
2000-09-28,16.69,0.02,41.66,1.39,13.22
2000-09-29,16.99,0.52,63.51,3.77,10.78
2000-09-30,16.81,6.36,81.68,4.9,4.37
2000-10-01,14.47,0.61,60.23,3.42,16.39
2000-10-02,10.34,0.0,57.45,1.52,14.91
2000-10-03,11.03,0.0,54.32,1.15,14.82
2000-10-04,10.77,0.0,46.42,1.47,15.62
2000-10-05,8.18,0.0,38.34,3.66,15.36
2000-10-06,9.49,0.0,37.98,4.19,15.4
2000-10-07,10.22,0.0,41.41,3.13,15.24
2000-10-08,13.19,0.01,40.57,1.29,14.82
2000-10-09,10.8,0.06,53.02,1.44,5.95
2000-10-10,10.83,1.33,67.32,1.34,5.52
2000-10-11,11.45,0.11,74.6,1.57,13.64
2000-10-12,10.62,0.02,73.34,1.45,11.67
2000-10-13,11.34,0.01,70.48,2.25,13.23
2000-10-14,9.82,0.03,68.79,2.09,12.0
2000-10-15,7.55,0.0,69.33,1.87,10.25
2000-10-16,9.63,0.26,72.42,2.1,5.43
2000-10-17,13.45,0.0,63.41,1.69,10.38
2000-10-18,13.33,0.56,63.24,3.15,10.09
2000-10-19,10.72,4.61,68.06,1.52,10.08
2000-10-20,10.4,4.99,75.3,3.05,3.55
2000-10-21,6.98,0.07,60.41,2.82,10.7
2000-10-22,5.63,0.0,53.25,1.28,11.14
2000-10-23,5.62,0.0,56.14,2.2,11.86
2000-10-24,8.21,0.0,59.81,1.29,10.76
2000-10-25,7.67,0.01,65.18,1.97,9.17
2000-10-26,6.23,2.22,83.01,1.1,5.11
2000-10-27,8.72,1.06,79.64,2.72,3.35
2000-10-28,8.05,0.85,67.15,3.21,4.65
2000-10-29,6.79,0.12,77.48,1.42,7.17
2000-10-30,6.6,0.02,71.6,1.52,8.93
2000-10-31,5.78,0.02,77.17,2.03,5.07
2000-11-01,3.88,0.04,72.01,1.11,9.96
2000-11-02,4.18,0.01,63.91,1.81,7.37
2000-11-03,4.25,0.02,67.52,1.32,7.95
2000-11-04,5.89,1.85,73.27,4.94,7.49
2000-11-05,5.05,0.03,69.78,1.63,7.23
2000-11-06,3.8,0.76,69.74,1.1,6.33
2000-11-07,2.94,2.71,61.81,1.58,5.64
2000-11-08,1.47,8.49,88.23,2.05,2.75
2000-11-09,0.7,0.55,76.12,3.17,3.13
2000-11-10,-2.84,0.03,56.35,3.62,6.91
2000-11-11,-3.22,0.03,61.36,1.67,8.06
2000-11-12,-2.04,0.01,69.39,1.44,6.71
2000-11-13,-1.54,0.0,68.95,3.48,5.54
2000-11-14,-1.25,0.01,69.56,2.08,7.86
2000-11-15,-1.54,0.0,74.72,0.91,6.92
2000-11-16,-2.12,0.01,78.69,0.91,3.96
2000-11-17,-3.11,0.0,74.44,1.33,7.71
2000-11-18,-3.09,0.0,68.61,0.9,6.7
2000-11-19,-2.35,0.0,78.06,1.97,6.77
2000-11-20,-1.11,0.0,80.23,2.92,7.77
2000-11-21,-0.24,0.03,80.21,2.32,7.42
2000-11-22,-2.88,0.69,93.2,1.23,5.3
2000-11-23,-3.63,2.57,92.34,1.65,1.81
2000-11-24,-1.4,0.71,95.12,1.02,2.94
2000-11-25,0.07,4.25,92.59,1.81,2.75
2000-11-26,0.65,1.74,95.46,2.13,3.54
2000-11-27,1.23,1.27,91.25,2.03,6.71
2000-11-28,0.19,1.75,87.01,3.49,5.32
2000-11-29,-1.05,2.23,86.39,3.55,2.26
2000-11-30,0.75,0.4,94.85,1.54,3.05
2000-12-01,0.51,0.04,90.33,2.56,5.65
2000-12-02,0.55,0.3,88.2,1.26,5.85
2000-12-03,0.35,0.09,93.3,2.17,5.53
2000-12-04,-1.0,0.05,86.95,2.31,3.53
2000-12-05,-0.61,0.05,82.21,1.77,5.72
2000-12-06,-1.21,0.03,84.26,2.04,4.78
2000-12-07,-1.44,0.5,85.63,1.78,3.56
2000-12-08,-2.21,0.26,88.16,0.99,2.34
2000-12-09,-2.18,0.25,85.23,1.1,6.05
2000-12-10,-5.3,0.37,68.05,3.14,2.47
2000-12-11,-8.1,0.0,66.13,3.84,3.83
2000-12-12,-8.54,0.88,64.59,2.47,1.77
2000-12-13,-6.46,2.97,76.76,2.37,2.15
2000-12-14,-5.28,3.23,86.81,2.03,2.14
2000-12-15,-2.51,0.12,64.98,5.72,4.62
2000-12-16,-3.11,1.99,88.06,3.65,1.93
2000-12-17,-0.46,0.02,91.78,2.82,5.75
2000-12-18,-2.14,0.04,84.37,1.62,2.68
2000-12-19,-1.94,0.63,81.64,0.96,3.62
2000-12-20,-5.4,0.21,89.62,3.46,2.31
2000-12-21,-3.64,2.77,84.09,3.32,3.31
2000-12-22,-1.43,2.87,97.79,1.41,3.3
2000-12-23,0.37,3.24,97.7,1.29,3.17
2000-12-24,-0.31,0.48,95.85,0.92,5.3
2000-12-25,0.04,0.13,90.59,1.04,2.5
2000-12-26,-0.1,0.01,81.39,1.38,2.32
2000-12-27,-0.71,0.25,90.29,1.51,5.11
2000-12-28,-0.31,0.15,92.2,2.61,3.32
2000-12-29,-3.04,0.08,85.34,2.49,2.45
2000-12-30,-1.89,1.08,90.83,1.16,5.5
2000-12-31,-0.68,0.44,93.03,1.4,1.87
2001-01-01,-0.57,0.23,94.33,1.24,1.71
2001-01-02,-0.87,0.05,81.94,1.98,1.57
2001-01-03,-0.84,0.03,80.53,1.83,2.43
2001-01-04,1.04,0.33,86.81,0.94,2.91
2001-01-05,1.73,0.05,93.46,3.34,5.95
2001-01-06,-0.54,0.08,94.05,2.41,6.51
2001-01-07,-1.96,0.03,79.98,4.11,5.75
2001-01-08,-0.45,0.52,76.58,2.11,2.51
2001-01-09,-0.01,0.07,91.52,1.9,4.42
2001-01-10,0.86,0.72,92.21,1.95,3.61
2001-01-11,-0.6,1.35,85.71,3.06,3.59
2001-01-12,0.71,1.47,84.06,0.83,4.28
2001-01-13,0.55,4.27,94.57,0.95,2.96
2001-01-14,-0.28,1.12,82.1,1.19,5.75
2001-01-15,-3.76,0.03,86.4,2.19,7.11
2001-01-16,-4.81,0.06,87.84,1.12,3.15
2001-01-17,-5.24,0.43,87.02,1.14,4.8
2001-01-18,-3.98,2.28,88.89,1.44,3.37
2001-01-19,-2.33,2.69,95.43,1.14,2.13
2001-01-20,-2.74,0.25,86.09,2.77,3.49
2001-01-21,-1.3,1.07,87.97,1.87,2.4
2001-01-22,0.11,0.24,92.89,2.76,3.33
2001-01-23,-2.28,0.09,88.21,4.1,7.8
2001-01-24,-1.19,0.94,87.48,2.3,5.82
2001-01-25,-1.01,0.11,92.65,2.22,3.43
2001-01-26,-2.93,0.01,87.52,3.16,7.47
2001-01-27,-2.68,0.08,87.24,1.52,3.34
2001-01-28,-3.57,0.21,84.6,1.71,3.54
2001-01-29,-1.55,0.66,84.84,2.91,7.13
2001-01-30,-0.97,0.27,94.1,3.94,2.2
2001-01-31,0.93,0.07,91.57,2.26,4.91
2001-02-01,0.37,0.04,79.55,1.63,4.27
2001-02-02,1.89,1.58,86.06,3.39,9.0
2001-02-03,1.22,0.16,81.33,1.92,5.28
2001-02-04,2.03,7.65,97.25,1.84,3.73
2001-02-05,1.8,0.16,80.22,2.55,7.76
2001-02-06,-1.5,0.04,65.19,4.12,9.12
2001-02-07,-3.69,0.0,56.7,2.84,10.55
2001-02-08,-2.02,1.37,63.28,2.36,6.39
2001-02-09,-3.45,1.19,82.06,2.83,5.93
2001-02-10,-1.48,0.33,82.16,1.57,4.37
2001-02-11,-0.55,0.01,82.82,2.87,7.82
2001-02-12,-1.25,0.08,73.21,2.29,9.08
2001-02-13,-0.31,0.04,72.74,1.72,11.47
2001-02-14,0.41,0.12,65.32,2.02,9.37
2001-02-15,-0.26,0.94,70.59,4.26,9.47
2001-02-16,-2.62,1.49,75.74,4.2,4.85
2001-02-17,-0.83,0.05,79.35,3.61,5.72
2001-02-18,1.44,0.35,86.92,1.94,7.56
2001-02-19,1.45,0.01,81.15,3.87,11.4
2001-02-20,1.8,0.23,73.45,2.68,6.96
2001-02-21,4.67,1.16,81.44,0.96,7.36
2001-02-22,3.54,0.11,85.07,1.15,4.71
2001-02-23,1.6,0.1,82.0,1.69,6.25
2001-02-24,1.98,0.03,76.61,1.73,8.9
2001-02-25,1.8,0.0,65.43,1.58,14.03
2001-02-26,1.2,0.0,63.07,2.67,14.48
2001-02-27,0.55,0.0,58.64,2.42,14.47
2001-02-28,1.27,0.01,54.79,1.99,14.32
2001-03-01,1.77,2.43,68.69,2.33,7.72
2001-03-02,2.69,0.52,70.8,2.58,15.16
2001-03-03,1.24,0.09,72.84,1.91,9.92
2001-03-04,4.03,0.22,71.2,3.54,8.03
2001-03-05,7.91,0.02,70.62,1.3,14.28
2001-03-06,7.37,0.01,70.22,3.17,15.78
2001-03-07,8.33,0.07,62.83,2.48,15.21
2001-03-08,4.3,6.85,81.61,1.7,4.51
2001-03-09,5.15,0.01,70.12,0.99,10.45
2001-03-10,4.35,0.03,68.59,1.91,11.65
2001-03-11,3.34,0.04,72.61,2.27,12.96
2001-03-12,5.67,0.02,73.04,2.34,12.18
2001-03-13,7.68,0.12,63.81,5.69,14.95
2001-03-14,5.13,1.05,58.03,2.21,16.97
2001-03-15,2.32,4.83,82.13,1.52,8.79
2001-03-16,3.31,0.27,71.06,1.87,10.89
2001-03-17,4.54,0.62,73.4,1.96,13.36
2001-03-18,8.14,2.56,87.01,3.32,3.81
2001-03-19,7.81,0.56,59.54,3.51,19.28
2001-03-20,5.46,0.0,56.54,1.47,19.64
2001-03-21,6.82,0.0,47.71,1.4,19.78
2001-03-22,9.09,0.0,43.46,1.56,19.61
2001-03-23,10.84,0.08,47.03,2.05,18.16
2001-03-24,11.59,0.56,65.02,3.98,12.32
2001-03-25,10.33,4.08,67.94,3.69,8.8
2001-03-26,6.32,2.16,64.36,3.57,18.62
2001-03-27,3.31,4.38,78.64,2.1,8.75
2001-03-28,5.82,0.64,78.3,2.68,9.77
2001-03-29,4.77,0.05,68.98,2.28,12.5
2001-03-30,7.45,0.06,53.08,1.99,18.9
2001-03-31,6.43,3.23,79.94,2.74,6.51
2001-04-01,5.64,0.38,59.49,2.37,18.49
2001-04-02,3.66,2.8,66.93,1.95,13.36
2001-04-03,3.11,0.72,75.08,1.7,11.77
2001-04-04,4.05,0.31,63.52,1.93,20.46
2001-04-05,4.78,1.24,66.18,2.69,13.93
2001-04-06,5.45,0.4,70.8,2.81,15.17
2001-04-07,4.59,0.33,64.59,1.67,13.7
2001-04-08,4.96,0.02,57.01,2.8,16.22
2001-04-09,5.43,1.76,65.05,2.83,20.63
2001-04-10,4.15,5.07,78.45,2.53,12.32
2001-04-11,3.59,2.07,74.27,4.22,12.81
2001-04-12,4.77,0.06,62.34,2.42,17.52
2001-04-13,4.84,0.02,57.78,2.57,15.82
2001-04-14,5.4,0.0,57.5,1.6,23.2
2001-04-15,9.78,0.0,46.82,3.13,20.69
2001-04-16,13.22,0.01,49.17,3.79,21.04
2001-04-17,11.76,0.17,52.9,3.25,19.13
2001-04-18,8.57,2.09,70.07,1.64,11.09
2001-04-19,8.89,0.03,52.59,1.4,20.41
2001-04-20,10.11,0.07,49.24,3.55,18.83
2001-04-21,10.71,0.04,47.72,2.53,22.97
2001-04-22,10.04,0.11,60.25,2.85,20.6
2001-04-23,10.32,0.21,70.67,2.98,11.37
2001-04-24,13.92,0.0,61.46,1.73,24.58
2001-04-25,18.36,0.0,48.48,1.34,24.78
2001-04-26,18.33,0.81,54.52,1.52,17.36
2001-04-27,16.75,2.53,66.43,2.87,19.19
2001-04-28,11.01,2.4,61.9,4.12,18.2
2001-04-29,9.4,1.92,63.12,4.74,16.24
2001-04-30,9.56,6.69,69.73,5.24,12.18
2001-05-01,8.18,0.04,54.75,4.32,24.6
2001-05-02,9.52,0.03,48.28,2.02,26.9
2001-05-03,11.01,0.03,45.35,2.0,25.0
2001-05-04,14.85,0.0,43.45,3.36,21.81
2001-05-05,10.31,0.0,43.82,4.61,26.39
2001-05-06,10.41,0.0,40.5,1.18,27.22
2001-05-07,14.51,0.0,43.52,1.49,23.68
2001-05-08,15.61,0.0,48.15,3.09,21.29
2001-05-09,12.7,0.0,42.8,2.92,24.27
2001-05-10,13.54,0.0,46.32,1.98,28.16
2001-05-11,18.8,0.0,38.96,2.08,25.72
2001-05-12,20.2,0.08,48.06,2.7,22.13
2001-05-13,16.32,0.11,48.46,3.06,19.07
2001-05-14,10.56,9.12,81.72,4.01,9.41
2001-05-15,13.15,0.94,64.0,3.76,24.16
2001-05-16,12.1,0.01,49.85,4.13,25.44
2001-05-17,10.83,0.0,54.02,1.91,16.09
2001-05-18,12.77,0.0,52.31,1.79,28.17
2001-05-19,13.92,0.0,48.06,4.37,25.4
2001-05-20,13.06,0.0,39.11,2.42,30.52
2001-05-21,16.82,0.0,40.32,1.6,30.13
2001-05-22,21.98,0.0,37.14,2.13,30.49
2001-05-23,25.65,0.0,35.07,1.88,29.28
2001-05-24,24.0,0.01,45.21,2.33,28.87
2001-05-25,22.74,0.0,42.23,1.5,30.42
2001-05-26,23.73,0.01,35.79,1.58,30.37
2001-05-27,21.3,2.8,49.76,2.55,16.8
2001-05-28,14.73,0.04,46.77,4.75,26.34
2001-05-29,12.36,0.0,41.64,2.24,31.28
2001-05-30,17.05,0.0,42.22,2.29,24.85
2001-05-31,20.77,0.0,41.32,1.67,30.7
2001-06-01,18.28,4.12,51.05,4.38,18.72
2001-06-02,12.75,0.28,49.63,2.82,21.51
2001-06-03,13.25,0.48,47.99,2.65,21.57
2001-06-04,15.39,0.17,44.84,3.45,18.96
2001-06-05,10.96,3.26,71.55,2.34,11.91
2001-06-06,15.64,0.06,53.84,1.87,21.21
2001-06-07,19.45,0.13,42.03,1.3,24.88
2001-06-08,21.06,0.1,42.15,1.82,20.12
2001-06-09,17.55,0.72,47.94,3.31,23.32
2001-06-10,14.74,0.21,46.57,2.8,26.05
2001-06-11,13.89,2.09,62.68,3.58,13.49
2001-06-12,9.2,1.21,65.26,2.4,18.93
2001-06-13,15.28,0.0,51.96,1.93,30.05
2001-06-14,16.53,0.0,48.31,3.56,26.86
2001-06-15,16.2,0.0,45.98,1.9,31.17
2001-06-16,17.47,0.0,37.4,3.13,31.76
2001-06-17,15.62,0.0,44.57,2.11,23.35
2001-06-18,17.67,0.0,40.86,1.48,28.87
2001-06-19,20.3,0.0,36.53,1.65,31.16
2001-06-20,23.32,0.0,31.7,1.46,30.83
2001-06-21,26.07,0.04,29.84,2.34,29.55
2001-06-22,22.36,0.0,43.39,3.2,27.3
2001-06-23,17.99,0.03,40.8,2.53,22.46
2001-06-24,14.64,0.28,53.96,3.24,13.39
2001-06-25,15.53,0.02,44.41,2.2,27.76
2001-06-26,20.15,1.63,46.47,1.71,16.89
2001-06-27,19.87,3.79,62.18,2.23,12.76
2001-06-28,19.21,0.15,53.43,2.89,24.5
2001-06-29,20.96,0.0,41.57,1.33,31.5
2001-06-30,23.77,0.13,38.73,1.39,22.52
2001-07-01,21.74,0.0,40.25,2.67,30.74
2001-07-02,24.2,0.0,32.69,1.33,31.77
2001-07-03,27.3,0.0,26.34,1.49,29.35
2001-07-04,28.86,0.0,32.76,2.27,28.57
2001-07-05,22.71,0.09,34.94,3.31,30.22
2001-07-06,20.78,0.02,39.15,1.92,28.03
2001-07-07,23.33,0.25,42.17,1.93,31.58
2001-07-08,25.35,0.0,38.9,1.93,30.68
2001-07-09,27.9,0.0,32.06,1.37,30.04
2001-07-10,28.67,0.08,30.62,2.01,28.12
2001-07-11,25.45,0.14,42.1,1.82,20.41
2001-07-12,26.06,0.07,42.33,1.81,24.54
2001-07-13,25.61,0.01,37.07,2.66,28.86
2001-07-14,23.09,0.0,39.74,2.63,29.77
2001-07-15,19.91,0.1,45.91,3.77,24.39
2001-07-16,17.83,0.14,45.51,2.83,20.03
2001-07-17,17.46,0.02,47.03,2.59,22.01
2001-07-18,18.89,0.0,45.06,2.49,25.77
2001-07-19,20.31,0.0,44.05,1.72,25.35
2001-07-20,21.27,0.68,48.72,2.39,23.52
2001-07-21,20.2,0.07,55.26,2.07,22.94
2001-07-22,22.42,0.0,47.44,1.79,22.89
2001-07-23,24.35,0.0,43.67,1.74,26.67
2001-07-24,23.77,0.05,44.29,3.01,26.74
2001-07-25,23.54,0.0,38.43,1.47,29.23
2001-07-26,23.39,0.0,44.65,2.07,29.08
2001-07-27,22.37,0.01,44.48,3.19,28.32
2001-07-28,19.58,0.5,47.69,4.61,23.16
2001-07-29,17.46,0.02,49.67,2.57,23.97
2001-07-30,18.99,2.3,54.66,1.84,22.86
2001-07-31,19.12,0.02,46.35,2.61,27.83
2001-08-01,21.15,0.04,40.93,2.6,21.7
2001-08-02,23.52,0.0,45.27,2.31,27.62
2001-08-03,23.71,0.01,47.04,3.08,25.31
2001-08-04,19.5,1.62,57.58,2.4,20.48
2001-08-05,22.4,0.0,46.71,2.24,26.29
2001-08-06,25.84,0.0,46.8,1.74,27.05
2001-08-07,24.64,0.0,42.38,2.31,27.98
2001-08-08,25.21,0.0,29.25,3.08,28.02
2001-08-09,26.14,0.0,34.17,2.66,27.52
2001-08-10,28.27,0.0,28.47,1.29,27.14
2001-08-11,27.35,0.0,32.02,1.51,26.28
2001-08-12,28.48,0.0,30.06,1.37,23.71
2001-08-13,29.45,0.0,30.07,1.77,21.19
2001-08-14,28.41,0.03,31.84,1.01,21.03
2001-08-15,28.87,0.0,29.66,0.88,21.69
2001-08-16,27.43,0.0,36.42,1.46,21.3
2001-08-17,24.91,0.0,40.89,3.58,22.36
2001-08-18,19.95,0.23,45.6,3.96,24.71
2001-08-19,18.77,0.0,44.8,1.85,25.56
2001-08-20,20.39,0.0,37.77,2.35,25.13
2001-08-21,20.08,0.02,48.56,2.93,20.51
2001-08-22,19.87,5.02,63.43,2.65,11.8
2001-08-23,18.31,1.15,55.41,4.07,18.16
2001-08-24,17.75,0.0,45.31,1.56,24.59
2001-08-25,20.14,0.01,33.44,1.74,24.08
2001-08-26,23.36,0.0,30.56,1.87,24.34
2001-08-27,22.95,0.05,42.93,2.21,23.58
2001-08-28,24.09,0.0,43.25,0.81,22.11
2001-08-29,24.69,0.0,35.21,1.37,23.06
2001-08-30,25.06,0.0,35.66,2.06,21.32
2001-08-31,22.27,0.05,46.26,2.93,21.0
2001-09-01,20.13,0.03,45.61,3.62,15.98
2001-09-02,18.02,0.0,48.24,1.29,20.41
2001-09-03,20.23,0.0,45.2,2.13,19.38
2001-09-04,20.43,0.01,43.82,2.65,19.46
2001-09-05,16.29,0.08,46.57,2.92,20.45
2001-09-06,15.89,0.02,50.42,3.84,18.95
2001-09-07,16.3,0.01,39.24,3.03,22.42
2001-09-08,16.88,0.01,30.48,1.99,21.86
2001-09-09,19.07,0.0,39.6,1.11,21.55
2001-09-10,20.72,0.05,39.09,1.09,20.37
2001-09-11,22.23,0.0,35.6,1.72,20.69
2001-09-12,22.9,0.0,32.09,3.02,19.45
2001-09-13,21.78,0.0,36.99,1.79,19.54
2001-09-14,23.76,0.0,34.07,1.12,19.44
2001-09-15,23.65,0.0,32.21,1.25,19.1
2001-09-16,21.08,0.0,50.21,1.26,17.96
2001-09-17,20.72,0.0,44.75,2.27,18.07
2001-09-18,17.6,0.09,47.76,2.86,18.23
2001-09-19,15.84,0.13,49.13,2.24,18.39
2001-09-20,18.33,0.0,33.39,1.5,17.82
2001-09-21,18.05,0.0,41.25,1.41,12.16
2001-09-22,19.95,0.0,39.69,2.1,17.78
2001-09-23,21.56,0.04,36.68,2.35,17.07
2001-09-24,22.84,0.01,34.03,1.9,15.98
2001-09-25,18.05,1.92,51.23,5.15,7.08
2001-09-26,15.0,0.57,66.13,3.62,9.16
2001-09-27,11.82,0.14,57.65,1.47,12.14
2001-09-28,12.92,0.0,46.67,1.71,16.94
2001-09-29,14.08,0.0,37.53,1.6,16.93
2001-09-30,16.31,0.0,36.67,3.0,16.92
2001-10-01,16.72,0.0,37.39,1.49,16.24
2001-10-02,16.96,0.0,37.28,1.95,16.05
2001-10-03,15.01,0.0,31.02,2.45,16.12
2001-10-04,12.71,0.0,30.76,5.2,16.52
2001-10-05,11.41,0.0,30.92,2.87,16.38
2001-10-06,12.1,0.03,39.39,2.55,13.36
2001-10-07,9.45,0.28,59.96,1.68,6.86
2001-10-08,9.39,0.2,66.41,2.95,10.74
2001-10-09,8.22,0.72,64.41,1.59,13.26
2001-10-10,8.41,1.82,70.25,3.35,4.46
2001-10-11,9.52,0.15,60.33,3.7,13.68
2001-10-12,10.29,0.28,71.58,4.94,7.98
2001-10-13,10.75,0.17,62.87,2.7,12.0
2001-10-14,11.18,0.95,58.89,2.67,13.17
2001-10-15,9.64,0.01,57.96,3.09,11.93
2001-10-16,11.97,0.02,50.66,3.44,9.34
2001-10-17,7.41,0.01,62.11,2.81,13.35
2001-10-18,8.18,0.02,63.51,2.1,8.42
2001-10-19,10.26,0.29,72.67,2.51,9.22
2001-10-20,7.42,0.12,68.97,1.28,11.36
2001-10-21,6.76,3.4,80.69,2.7,3.74
2001-10-22,8.93,2.1,80.2,5.3,4.61
2001-10-23,7.91,0.1,61.64,6.8,11.21
2001-10-24,6.02,0.19,64.83,3.04,6.65
2001-10-25,8.36,0.41,66.99,2.09,7.78
2001-10-26,10.13,0.08,59.37,2.55,7.04
2001-10-27,8.12,1.86,75.44,2.6,1.74
2001-10-28,5.0,0.61,61.91,2.03,10.6
2001-10-29,6.21,3.27,89.06,1.35,3.96
2001-10-30,8.45,7.66,93.57,2.62,6.66
2001-10-31,8.78,0.63,74.95,5.39,9.25
2001-11-01,7.57,0.09,83.74,2.73,5.91
2001-11-02,10.03,0.15,84.95,1.57,7.98
2001-11-03,9.79,0.01,65.4,1.78,8.82
2001-11-04,7.93,0.0,67.71,1.45,5.98
2001-11-05,7.18,0.67,66.23,2.21,5.23
2001-11-06,2.92,0.12,67.54,1.91,4.07
2001-11-07,2.94,0.0,66.93,2.03,8.21
2001-11-08,3.51,0.2,52.73,1.72,8.11
2001-11-09,5.02,0.0,51.99,1.34,8.11
2001-11-10,4.63,0.0,59.43,1.8,6.59
2001-11-11,5.36,0.01,63.71,1.69,6.87
2001-11-12,7.32,0.1,75.07,1.43,5.44
2001-11-13,7.44,3.48,84.86,3.55,4.9
2001-11-14,11.46,4.11,79.79,5.26,3.62
2001-11-15,10.02,6.19,78.97,2.8,1.59
2001-11-16,8.15,11.73,91.5,1.27,2.39
2001-11-17,6.13,0.9,74.01,1.33,6.58
2001-11-18,4.38,1.28,82.15,2.66,6.15
2001-11-19,6.49,1.88,71.6,2.89,2.47
2001-11-20,7.77,4.9,81.1,3.18,4.88
2001-11-21,5.8,3.42,83.63,2.95,6.52
2001-11-22,6.08,3.73,89.34,3.83,2.03
2001-11-23,4.53,0.25,74.21,3.17,6.56
2001-11-24,2.52,0.37,72.6,5.2,6.18
2001-11-25,2.12,2.71,77.6,2.22,2.38
2001-11-26,1.0,0.17,84.1,1.23,3.35
2001-11-27,-0.24,0.35,86.21,2.4,2.85
2001-11-28,0.32,11.94,88.85,4.38,1.46
2001-11-29,1.96,3.9,87.31,3.99,1.79
2001-11-30,0.84,5.68,93.99,3.73,1.94
2001-12-01,5.64,4.69,74.29,7.97,2.76
2001-12-02,2.41,3.51,88.06,2.91,4.48
2001-12-03,0.8,0.75,82.88,2.72,4.52
2001-12-04,0.66,2.36,85.92,3.96,4.6
2001-12-05,0.53,3.52,83.66,2.96,3.57
2001-12-06,1.0,2.14,92.95,3.35,2.65
2001-12-07,-0.28,0.02,93.26,2.02,3.2
2001-12-08,1.23,0.56,82.62,2.29,1.46
2001-12-09,0.3,0.06,79.24,1.73,4.39
2001-12-10,-1.45,2.79,88.94,1.74,2.51
2001-12-11,-1.12,1.81,87.39,0.82,1.83
2001-12-12,-0.3,5.68,91.69,2.76,1.46
2001-12-13,4.33,8.51,94.47,6.07,0.96
2001-12-14,1.66,0.26,75.29,5.41,3.66
2001-12-15,-0.37,1.2,90.24,3.27,2.61
2001-12-16,6.39,3.46,84.7,7.24,2.25
2001-12-17,1.47,0.68,67.21,3.89,5.8
2001-12-18,-0.01,2.18,82.11,3.99,1.58
2001-12-19,0.42,0.05,91.92,2.33,3.4
2001-12-20,0.57,0.54,80.05,3.02,2.13
2001-12-21,-0.65,0.05,87.54,1.08,2.69
2001-12-22,-1.1,0.07,87.37,2.36,4.74
2001-12-23,-1.18,0.26,80.42,2.12,4.81
2001-12-24,-2.55,0.0,81.4,3.42,4.65
2001-12-25,-4.51,0.02,80.7,2.91,3.58
2001-12-26,-3.58,0.36,75.7,3.03,3.54
2001-12-27,-2.99,0.67,78.95,3.63,3.0
2001-12-28,-1.23,3.57,91.39,1.57,1.78
2001-12-29,-2.22,0.01,83.53,3.34,2.81
2001-12-30,-3.12,0.02,80.0,3.26,2.88
2001-12-31,-4.52,0.3,77.95,3.5,2.73
2002-01-01,-2.89,0.22,79.57,4.28,2.1
2002-01-02,1.39,4.77,92.78,1.77,1.02
2002-01-03,-0.21,0.15,95.64,0.94,2.73
2002-01-04,-0.13,0.2,94.38,1.58,3.12
2002-01-05,0.56,1.08,85.23,1.97,2.27
2002-01-06,2.82,4.23,97.82,2.42,1.98
2002-01-07,7.11,5.2,84.85,4.94,1.71
2002-01-08,5.54,0.57,91.66,3.96,6.05
2002-01-09,1.03,0.07,95.75,1.11,5.67
2002-01-10,1.66,0.13,87.01,1.39,3.83
2002-01-11,1.3,0.22,88.25,2.37,1.8
2002-01-12,3.17,0.23,82.36,4.91,5.43
2002-01-13,-0.35,0.01,84.45,1.48,6.0
2002-01-14,-0.06,0.0,73.66,3.1,6.11
2002-01-15,-1.89,0.13,64.22,2.16,5.2
2002-01-16,-0.65,0.39,74.39,1.65,3.22
2002-01-17,-1.73,0.31,72.79,2.05,4.86
2002-01-18,-1.67,0.8,84.79,2.26,4.19
2002-01-19,0.97,1.71,84.47,4.15,4.7
2002-01-20,1.4,1.78,90.28,5.69,5.36
2002-01-21,0.48,0.26,80.72,3.67,7.29
2002-01-22,-1.62,0.2,88.75,2.86,3.31
2002-01-23,-0.33,0.14,86.73,4.22,2.95
2002-01-24,2.62,3.83,90.95,6.55,4.76
2002-01-25,4.37,1.3,80.84,5.99,6.69
2002-01-26,-0.09,0.28,80.25,2.64,7.28
2002-01-27,-1.37,0.11,74.57,2.46,6.87
2002-01-28,-2.53,0.06,72.02,2.1,7.83
2002-01-29,-2.0,0.05,64.8,1.35,6.92
2002-01-30,-0.94,1.18,88.44,2.18,3.82
2002-01-31,0.23,1.73,90.17,3.88,2.02
2002-02-01,0.85,0.13,86.63,1.32,4.39
2002-02-02,0.52,0.41,80.28,2.02,6.7
2002-02-03,-0.11,0.89,85.11,2.35,4.23
2002-02-04,-0.41,0.02,84.58,1.9,7.0
2002-02-05,0.29,0.19,79.11,2.73,7.96
2002-02-06,2.15,1.67,82.9,2.68,3.34
2002-02-07,2.29,6.32,95.26,3.66,3.23
2002-02-08,2.04,2.38,80.97,4.48,10.67
2002-02-09,1.64,0.03,78.99,2.42,7.08
2002-02-10,2.88,0.04,67.18,3.78,7.14
2002-02-11,0.68,0.0,66.9,2.32,11.38
2002-02-12,0.88,0.0,63.27,2.36,8.78
2002-02-13,0.81,0.0,72.55,2.44,7.14
2002-02-14,0.86,0.0,63.72,1.42,9.75
2002-02-15,1.65,0.0,68.54,3.15,10.81
2002-02-16,3.05,0.0,69.65,1.6,8.6
2002-02-17,3.14,0.08,78.01,1.12,8.5
2002-02-18,4.26,0.36,78.4,1.83,11.21
2002-02-19,5.82,0.8,71.29,4.56,9.23
2002-02-20,3.66,0.01,72.84,1.94,12.59
2002-02-21,7.12,2.89,83.16,3.95,5.96
2002-02-22,9.18,1.06,86.18,3.41,6.43
2002-02-23,4.75,3.55,85.97,2.48,6.81
2002-02-24,-1.04,0.23,53.52,3.78,11.75
2002-02-25,-2.27,0.0,55.84,3.28,13.29
2002-02-26,-1.7,0.16,57.85,2.55,9.12
2002-02-27,-0.43,0.0,61.0,1.79,7.9
2002-02-28,0.8,0.01,58.6,2.64,14.63
2002-03-01,0.4,0.0,59.17,2.2,13.19
2002-03-02,0.29,0.0,60.99,2.03,12.52
2002-03-03,2.26,0.01,55.06,1.65,14.96
2002-03-04,4.55,0.01,62.87,2.58,3.94
2002-03-05,5.51,0.64,74.42,3.51,10.99
2002-03-06,-2.95,2.66,64.31,4.74,6.74
2002-03-07,-2.83,1.19,49.44,2.53,11.55
2002-03-08,-1.02,0.36,66.07,2.77,9.85
2002-03-09,1.28,0.18,68.17,2.84,8.29
2002-03-10,4.1,0.42,79.79,3.28,6.79
2002-03-11,7.45,4.03,83.63,5.77,6.69
2002-03-12,4.78,0.15,70.5,5.15,11.9
2002-03-13,3.83,0.18,71.64,2.76,12.81
2002-03-14,3.07,0.06,68.72,2.02,14.49
2002-03-15,2.33,0.25,71.56,2.46,11.72
2002-03-16,1.39,0.92,73.74,2.63,12.1
2002-03-17,0.11,0.51,57.96,2.48,11.12
2002-03-18,-0.44,1.46,75.09,3.05,6.04
2002-03-19,3.58,1.21,85.22,3.94,11.0
2002-03-20,0.29,0.52,62.83,5.63,7.42
2002-03-21,-1.12,0.01,59.4,6.0,10.67
2002-03-22,3.23,0.03,73.33,2.7,12.27
2002-03-23,5.66,0.33,75.48,1.14,14.33
2002-03-24,5.28,5.96,89.77,1.03,12.58
2002-03-25,7.38,0.17,74.27,1.99,15.47
2002-03-26,6.61,0.03,66.78,3.44,8.45
2002-03-27,6.05,0.01,55.58,4.1,17.35
2002-03-28,7.53,0.04,60.57,4.14,18.28
2002-03-29,6.68,0.0,64.15,2.27,14.86
2002-03-30,8.48,0.0,63.49,1.66,19.46
2002-03-31,8.99,0.0,58.59,2.59,14.42
2002-04-01,8.01,0.0,55.67,3.55,15.68
2002-04-02,5.28,0.0,45.86,3.49,20.16
2002-04-03,7.58,0.0,48.92,1.93,22.16
2002-04-04,10.82,0.0,51.08,2.31,22.22
2002-04-05,9.15,0.01,66.42,2.68,12.11
2002-04-06,10.81,0.01,62.68,3.8,14.74
2002-04-07,9.27,0.05,52.93,3.71,21.96
2002-04-08,8.18,0.01,52.31,1.58,22.3
2002-04-09,8.44,2.81,77.82,2.38,8.2
2002-04-10,10.64,0.44,70.3,2.91,17.52
2002-04-11,11.72,0.35,66.46,2.15,12.95
2002-04-12,12.2,0.31,66.8,3.31,15.09
2002-04-13,14.45,5.28,70.54,5.21,17.28
2002-04-14,10.01,2.99,51.22,5.49,22.2
2002-04-15,7.09,0.16,57.39,2.68,18.47
2002-04-16,4.88,0.51,69.14,2.67,13.41
2002-04-17,6.27,0.21,60.06,1.39,17.75
2002-04-18,9.1,0.08,53.85,1.69,19.93
2002-04-19,10.2,0.0,49.8,2.27,24.84
2002-04-20,10.56,0.0,54.55,1.81,22.05
2002-04-21,11.32,0.0,55.93,3.02,22.99
2002-04-22,10.29,0.0,57.24,4.65,22.25
2002-04-23,6.83,0.01,42.77,3.68,23.36
2002-04-24,8.03,0.01,41.1,1.6,25.76
2002-04-25,12.03,0.06,40.74,1.68,21.1
2002-04-26,9.66,2.35,65.12,1.66,16.02
2002-04-27,7.47,1.76,74.36,2.4,16.09
2002-04-28,10.55,0.0,59.43,2.04,25.74
2002-04-29,14.2,0.0,40.91,1.0,26.44
2002-04-30,15.45,0.12,47.06,3.2,21.8
2002-05-01,14.33,0.0,46.52,2.43,27.2
2002-05-02,13.44,0.0,52.8,4.27,23.31
2002-05-03,9.79,0.0,43.32,3.43,26.9
2002-05-04,8.61,0.02,53.11,2.58,13.07
2002-05-05,8.88,1.74,59.01,4.31,17.96
2002-05-06,5.88,1.53,54.82,2.64,20.12
2002-05-07,5.93,2.69,61.13,2.3,18.62
2002-05-08,8.01,0.05,49.27,1.47,23.82
2002-05-09,9.91,0.02,43.17,2.45,20.95
2002-05-10,11.39,0.0,46.57,2.13,27.25
2002-05-11,12.64,0.0,46.18,1.4,28.83
2002-05-12,15.56,0.0,45.84,2.5,25.15
2002-05-13,14.94,0.37,51.74,4.21,16.71
2002-05-14,11.98,0.0,46.98,3.58,25.55
2002-05-15,13.26,0.04,42.92,1.46,26.7
2002-05-16,14.71,0.06,41.78,2.0,28.57
2002-05-17,14.86,2.11,54.12,2.42,24.03
2002-05-18,14.11,0.81,66.08,2.77,14.59
2002-05-19,17.98,5.19,64.28,2.18,20.3
2002-05-20,13.37,1.09,70.14,2.38,9.77
2002-05-21,13.02,0.34,55.59,3.44,16.31
2002-05-22,11.15,1.13,65.5,3.48,11.56
2002-05-23,12.49,0.07,52.37,1.67,22.4
2002-05-24,15.78,0.03,46.53,1.49,25.92
2002-05-25,16.91,0.18,52.33,2.1,17.12
2002-05-26,18.23,0.51,54.81,1.52,21.42
2002-05-27,20.3,1.58,54.63,1.96,24.61
2002-05-28,18.05,2.54,61.89,3.83,22.58
2002-05-29,19.92,0.14,51.94,3.83,13.89
2002-05-30,18.45,0.0,45.6,2.1,31.28
2002-05-31,17.28,0.01,41.88,1.91,28.79
2002-06-01,17.06,0.02,41.79,1.86,20.1
2002-06-02,18.39,0.01,50.56,2.1,24.35
2002-06-03,18.75,0.01,49.77,1.87,26.04
2002-06-04,19.85,0.0,50.55,2.7,27.44
2002-06-05,18.98,0.01,49.15,4.68,27.38
2002-06-06,13.59,0.01,45.2,3.16,23.43
2002-06-07,10.75,0.98,51.52,2.29,21.59
2002-06-08,10.16,4.57,64.85,3.58,16.42
2002-06-09,14.71,1.27,62.48,3.12,13.64
2002-06-10,16.11,1.28,59.68,2.07,25.03
2002-06-11,18.62,0.18,46.67,1.06,29.28
2002-06-12,21.67,0.0,43.66,1.92,27.76
2002-06-13,23.67,0.06,42.28,3.4,30.74
2002-06-14,24.53,0.0,39.77,2.01,29.76
2002-06-15,25.47,0.0,43.09,1.78,29.56
2002-06-16,20.68,0.45,47.6,3.45,21.5
2002-06-17,17.02,2.89,57.61,3.9,20.38
2002-06-18,16.15,0.87,54.2,4.35,22.07
2002-06-19,16.81,0.0,49.01,1.93,31.17
2002-06-20,20.72,0.0,42.98,2.56,30.49
2002-06-21,23.77,0.0,37.9,2.12,29.19
2002-06-22,25.04,0.0,37.46,1.55,26.94
2002-06-23,21.33,0.43,53.07,2.52,16.72
2002-06-24,22.28,0.0,40.51,1.86,28.27
2002-06-25,25.6,0.0,34.04,1.1,29.58
2002-06-26,29.27,1.13,36.8,1.72,30.24
2002-06-27,26.19,0.93,45.25,3.71,21.72
2002-06-28,20.52,4.5,56.05,2.99,13.56
2002-06-29,20.12,4.37,51.83,4.39,29.17
2002-06-30,18.3,0.01,45.62,3.1,27.8
2002-07-01,18.25,0.0,44.61,2.27,30.8
2002-07-02,19.82,0.0,36.43,1.63,30.86
2002-07-03,19.82,0.0,39.22,3.27,21.48
2002-07-04,15.95,0.0,44.92,3.25,27.77
2002-07-05,17.62,0.0,39.81,1.29,30.81
2002-07-06,23.37,0.01,37.84,1.86,28.75
2002-07-07,25.48,7.43,46.42,2.68,25.45
2002-07-08,21.11,2.95,52.68,3.61,25.23
2002-07-09,22.94,0.0,39.35,2.51,30.93
2002-07-10,28.21,0.04,38.66,2.42,30.66
2002-07-11,30.73,0.0,36.38,1.44,28.85
2002-07-12,31.32,0.0,36.34,1.21,30.05
2002-07-13,30.99,0.21,41.86,2.26,23.69
2002-07-14,25.28,0.04,39.36,3.74,30.07
2002-07-15,24.34,0.0,37.22,1.5,30.42
2002-07-16,26.09,0.0,40.87,1.61,29.0
2002-07-17,26.69,0.0,43.61,2.31,28.57
2002-07-18,25.78,0.0,43.81,2.76,29.6
2002-07-19,24.36,0.0,42.48,3.37,28.78
2002-07-20,23.95,0.0,38.7,1.34,29.73
2002-07-21,26.11,0.0,30.81,1.9,29.64
2002-07-22,27.73,0.0,37.03,3.31,28.83
2002-07-23,29.53,0.0,35.84,1.8,21.11
2002-07-24,29.05,0.03,35.2,1.3,27.23
2002-07-25,26.91,0.21,43.55,2.46,24.55
2002-07-26,24.09,0.09,48.35,3.78,25.28
2002-07-27,22.7,0.0,41.9,3.03,27.95
2002-07-28,22.25,0.0,47.85,4.04,24.34
2002-07-29,22.85,0.0,47.92,3.47,26.68
2002-07-30,21.73,0.02,46.96,3.91,27.42
2002-07-31,19.2,0.02,35.88,1.83,29.21
2002-08-01,21.98,0.0,28.29,1.83,27.88
2002-08-02,19.45,0.0,40.04,2.79,28.9
2002-08-03,20.54,0.0,31.56,1.46,27.94
2002-08-04,17.76,0.01,44.89,4.02,17.48
2002-08-05,17.42,0.01,43.56,1.33,21.83
2002-08-06,17.58,0.04,44.07,2.02,22.7
2002-08-07,18.56,0.01,44.26,1.25,24.29
2002-08-08,20.61,0.0,41.19,1.87,26.54
2002-08-09,22.99,0.0,43.77,2.19,26.88
2002-08-10,23.34,0.0,45.75,3.21,26.46
2002-08-11,22.7,0.0,34.23,2.24,26.15
2002-08-12,24.16,0.0,29.31,2.87,26.88
2002-08-13,26.59,0.0,32.85,2.49,26.64
2002-08-14,25.95,0.0,34.41,2.39,26.67
2002-08-15,24.36,0.0,31.12,2.31,26.57
2002-08-16,21.73,0.0,34.24,2.72,26.92
2002-08-17,22.22,0.0,27.93,3.52,26.1
2002-08-18,21.61,0.0,33.11,1.5,25.06
2002-08-19,22.19,0.0,36.73,2.35,23.17
2002-08-20,19.87,0.97,50.23,2.67,23.75
2002-08-21,18.07,0.58,55.94,2.67,20.47
2002-08-22,19.94,0.35,50.35,2.01,21.35
2002-08-23,22.05,0.0,41.3,1.86,23.74
2002-08-24,23.01,0.18,38.08,1.67,18.57
2002-08-25,22.83,0.22,48.47,1.99,16.98
2002-08-26,22.09,0.12,54.11,1.42,19.86
2002-08-27,23.71,0.0,45.81,2.59,22.41
2002-08-28,25.78,0.0,38.69,2.39,22.75
2002-08-29,25.93,0.0,38.04,1.73,20.3
2002-08-30,21.97,0.0,44.82,2.55,22.26
2002-08-31,21.03,0.0,48.76,1.77,21.45
2002-09-01,21.43,0.0,47.41,3.97,16.9
2002-09-02,21.75,0.0,50.16,2.74,21.53
2002-09-03,18.52,0.0,42.9,2.92,19.82
2002-09-04,16.0,0.0,41.84,1.5,20.4
2002-09-05,16.78,0.01,40.45,1.94,14.8
2002-09-06,16.63,0.0,40.94,1.34,18.39
2002-09-07,15.13,0.02,46.76,2.33,20.73
2002-09-08,14.42,0.0,51.13,2.03,19.81
2002-09-09,18.31,0.0,44.64,1.46,20.47
2002-09-10,21.48,0.0,34.1,2.39,20.83
2002-09-11,23.26,0.0,31.03,1.28,20.6
2002-09-12,23.42,0.0,30.98,1.83,20.66
2002-09-13,22.57,0.0,36.7,1.01,20.57
2002-09-14,22.91,0.0,29.19,2.51,16.74
2002-09-15,20.58,0.0,48.77,2.51,14.72
2002-09-16,17.56,0.29,56.08,3.29,10.75
2002-09-17,15.52,0.44,58.26,1.84,12.38
2002-09-18,15.23,0.0,52.17,1.75,18.21
2002-09-19,17.38,0.0,54.85,3.14,18.31
2002-09-20,14.67,0.0,40.58,2.36,19.56
2002-09-21,13.59,0.0,32.09,2.41,18.56
2002-09-22,15.43,0.0,29.41,1.67,18.89
2002-09-23,18.32,0.0,29.02,1.63,18.31
2002-09-24,17.33,0.0,35.93,2.48,17.42
2002-09-25,16.84,0.01,36.24,2.42,17.08
2002-09-26,14.34,0.46,42.16,2.01,6.92
2002-09-27,14.89,0.01,52.45,3.52,14.21
2002-09-28,15.39,0.03,46.16,1.76,16.12
2002-09-29,13.87,0.2,46.89,4.09,12.12
2002-09-30,10.1,0.05,54.59,2.39,12.2
2002-10-01,10.09,0.03,52.77,0.97,14.5
2002-10-02,10.96,0.74,47.49,1.75,15.5
2002-10-03,10.33,1.32,83.18,1.29,7.26
2002-10-04,11.94,0.23,77.12,1.3,7.51
2002-10-05,12.26,0.0,68.02,1.97,13.7
2002-10-06,13.29,0.0,68.25,2.42,15.26
2002-10-07,13.87,0.0,62.04,1.76,14.2
2002-10-08,12.46,0.0,59.3,1.6,14.73
2002-10-09,11.91,0.0,66.24,2.0,14.8
2002-10-10,10.09,0.0,52.15,3.3,13.5
2002-10-11,7.47,0.0,50.64,1.57,13.21
2002-10-12,7.41,0.0,36.27,2.61,14.14
2002-10-13,8.35,0.0,35.65,1.42,14.27
2002-10-14,10.14,0.0,37.33,1.96,13.95
2002-10-15,11.82,0.0,41.87,1.74,12.95
2002-10-16,11.97,0.0,52.09,2.08,13.46
2002-10-17,12.51,0.0,46.33,1.18,12.96
2002-10-18,11.31,0.0,52.4,1.29,13.12
2002-10-19,12.43,0.0,63.22,1.13,11.03
2002-10-20,12.52,0.0,68.73,1.05,10.36
2002-10-21,12.88,0.0,60.52,1.14,11.68
2002-10-22,9.97,0.0,37.23,4.92,9.5
2002-10-23,6.01,0.0,38.75,2.77,12.41
2002-10-24,5.07,0.0,44.76,1.29,12.23
2002-10-25,4.72,0.0,43.53,1.18,11.35
2002-10-26,4.28,0.07,43.74,1.32,11.38
2002-10-27,3.5,0.26,64.06,1.81,7.71
2002-10-28,5.78,0.31,71.57,1.23,8.74
2002-10-29,0.71,0.86,41.18,7.18,9.73
2002-10-30,-2.7,0.0,34.52,3.29,11.27
2002-10-31,-1.79,0.01,39.04,1.73,10.97
2002-11-01,-0.65,0.0,45.56,2.05,10.88
2002-11-02,-0.26,0.0,50.33,1.33,10.38
2002-11-03,0.1,0.01,52.23,1.78,10.2
2002-11-04,1.35,0.01,49.87,0.92,9.71
2002-11-05,3.01,0.01,65.47,1.49,6.48
2002-11-06,4.21,0.31,59.53,1.86,5.54
2002-11-07,8.89,3.26,62.0,2.67,6.17
2002-11-08,7.66,4.0,83.38,4.12,3.44
2002-11-09,5.38,2.57,82.99,2.93,5.5
2002-11-10,5.48,1.0,82.42,2.46,6.42
2002-11-11,4.91,0.6,87.56,2.17,6.53
2002-11-12,7.37,2.37,79.38,2.82,2.68
2002-11-13,7.23,0.74,82.65,2.44,6.98
2002-11-14,6.57,1.65,73.86,2.67,7.7
2002-11-15,4.73,0.01,77.94,1.77,4.19
2002-11-16,6.24,0.02,71.4,4.16,3.72
2002-11-17,5.7,0.01,79.64,3.34,7.34
2002-11-18,5.69,1.52,79.99,3.02,4.16
2002-11-19,8.81,2.62,89.58,3.62,2.81
2002-11-20,10.2,0.03,85.65,2.15,5.38
2002-11-21,9.72,0.82,82.65,2.05,4.91
2002-11-22,7.72,0.15,92.44,1.24,1.8
2002-11-23,6.17,0.18,70.24,3.64,4.82
2002-11-24,1.29,0.0,52.34,2.37,7.65
2002-11-25,-0.97,0.0,68.86,1.02,6.31
2002-11-26,0.3,0.0,62.11,1.21,5.26
2002-11-27,0.23,0.01,64.89,1.36,6.16
2002-11-28,1.02,0.0,81.69,1.47,5.59
2002-11-29,0.92,0.0,84.95,1.68,5.4
2002-11-30,1.95,0.08,86.7,2.3,4.0
2002-12-01,-0.47,0.16,91.51,1.16,1.95
2002-12-02,-0.21,0.3,90.8,1.49,2.38
2002-12-03,0.3,0.45,89.09,1.14,2.0
2002-12-04,0.01,0.82,92.29,1.21,2.63
2002-12-05,0.66,0.11,91.61,1.7,2.78
2002-12-06,0.93,0.17,91.09,2.83,2.74
2002-12-07,0.05,0.17,92.23,0.91,2.44
2002-12-08,0.18,0.07,86.55,2.52,2.42
2002-12-09,-0.41,0.35,79.57,1.87,2.23
2002-12-10,2.19,3.18,85.42,3.38,1.49
2002-12-11,2.1,4.24,95.81,2.94,1.82
2002-12-12,7.4,2.0,80.19,3.55,3.28
2002-12-13,7.43,4.26,84.65,2.88,3.56
2002-12-14,10.26,10.25,82.3,5.28,0.85
2002-12-15,7.76,3.19,69.35,5.58,5.47
2002-12-16,6.78,4.57,73.22,6.14,2.76
2002-12-17,1.9,0.46,85.86,1.6,4.69
2002-12-18,0.1,0.2,88.87,1.98,2.42
2002-12-19,0.14,0.04,70.83,3.93,3.23
2002-12-20,1.74,0.23,67.19,3.84,3.96
2002-12-21,-0.35,0.31,78.63,2.66,3.65
2002-12-22,-0.74,0.01,91.97,1.32,2.86
2002-12-23,-0.78,0.04,86.84,1.38,3.13
2002-12-24,-0.57,0.2,67.56,1.3,3.6
2002-12-25,0.81,0.27,74.96,2.98,3.54
2002-12-26,1.63,2.66,87.46,2.56,3.84
2002-12-27,3.37,7.17,89.69,4.59,1.51
2002-12-28,1.56,6.28,93.97,2.84,2.13
2002-12-29,-0.74,2.83,78.79,2.64,4.85
2002-12-30,2.15,11.92,92.32,3.42,1.9
2002-12-31,1.61,3.26,90.79,2.57,3.93
2003-01-01,2.02,5.89,91.78,2.22,1.24
2003-01-02,5.9,5.22,83.45,3.56,4.99
2003-01-03,5.57,3.98,86.76,3.08,4.37
2003-01-04,4.76,2.42,95.06,3.32,1.28
2003-01-05,1.56,0.03,92.12,1.87,3.25
2003-01-06,1.02,0.05,87.66,3.33,5.52
2003-01-07,0.38,0.01,87.22,2.08,4.22
2003-01-08,-1.31,0.18,91.87,2.23,3.26
2003-01-09,-1.35,0.03,69.4,4.33,6.29
2003-01-10,-1.9,0.32,70.13,3.11,3.71
2003-01-11,0.25,1.89,82.43,2.2,3.11
2003-01-12,1.37,6.47,95.7,1.48,1.34
2003-01-13,1.87,0.88,98.3,1.17,2.77
2003-01-14,1.4,1.22,94.12,0.89,4.27
2003-01-15,-0.17,0.04,90.36,1.7,2.51
2003-01-16,0.16,0.0,80.22,2.31,4.63
2003-01-17,-0.82,0.0,80.01,2.85,2.45
2003-01-18,-0.15,0.2,86.62,2.26,2.71
2003-01-19,-0.64,0.17,89.97,0.67,0.94
2003-01-20,-0.22,0.26,89.93,1.35,3.04
2003-01-21,-0.89,11.28,90.31,1.83,1.59
2003-01-22,-0.02,8.09,90.45,2.43,1.36
2003-01-23,1.7,0.09,97.76,2.45,3.12
2003-01-24,2.94,2.79,92.55,1.26,3.66
2003-01-25,2.66,3.07,98.31,0.86,3.11
2003-01-26,7.91,3.34,95.0,4.17,5.92
2003-01-27,4.76,0.01,86.08,1.82,4.69
2003-01-28,3.14,1.31,85.99,0.82,5.69
2003-01-29,1.63,5.11,94.92,2.43,1.93
2003-01-30,3.95,7.13,97.03,1.54,4.19
2003-01-31,8.14,12.73,96.62,3.32,2.07
2003-02-01,4.43,0.27,82.95,2.81,8.6
2003-02-02,1.72,0.36,83.88,1.11,8.58
2003-02-03,2.63,0.22,75.23,2.55,7.15
2003-02-04,0.64,0.0,71.34,2.22,8.41
2003-02-05,0.85,0.0,75.95,1.24,8.26
2003-02-06,1.23,0.0,72.31,1.17,10.22
2003-02-07,0.68,0.0,69.92,1.11,6.54
2003-02-08,0.34,0.0,72.37,1.34,9.38
2003-02-09,0.79,0.0,72.77,1.76,7.91
2003-02-10,1.07,0.0,72.45,1.37,9.47
2003-02-11,1.71,0.01,75.32,2.26,10.92
2003-02-12,2.46,0.01,75.3,2.98,11.41
2003-02-13,2.88,1.6,80.56,2.22,7.77
2003-02-14,4.16,1.99,84.59,1.36,4.48
2003-02-15,6.31,2.86,77.53,2.57,6.75
2003-02-16,5.69,5.54,83.53,3.78,6.21
2003-02-17,4.53,1.46,78.97,3.55,10.97
2003-02-18,3.21,2.28,84.11,1.42,7.24
2003-02-19,4.25,0.04,73.18,1.77,7.55
2003-02-20,4.7,0.95,85.05,5.02,7.41
2003-02-21,6.3,0.52,76.74,3.84,10.28
2003-02-22,3.96,0.16,69.23,2.96,10.77
2003-02-23,-2.01,0.01,41.57,5.7,13.32
2003-02-24,-3.23,0.0,42.43,3.4,14.15
2003-02-25,-0.88,0.0,50.4,1.64,13.99
2003-02-26,0.45,0.02,56.89,1.99,12.67
2003-02-27,2.63,0.24,54.27,1.5,12.86
2003-02-28,1.51,0.38,73.27,1.41,8.91
2003-03-01,1.54,0.04,74.45,1.39,10.83
2003-03-02,2.91,0.35,77.48,1.86,6.11
2003-03-03,2.98,0.08,68.18,2.25,13.18
2003-03-04,3.9,0.04,59.81,1.72,12.43
2003-03-05,4.93,0.19,73.15,5.61,7.95
2003-03-06,4.14,0.13,62.11,5.49,14.01
2003-03-07,3.65,1.44,75.94,3.51,11.42
2003-03-08,2.71,1.83,80.38,2.08,11.78
2003-03-09,6.39,1.47,83.14,3.71,5.85
2003-03-10,8.49,0.04,74.83,3.4,12.39
2003-03-11,8.74,0.7,79.73,5.28,8.3
2003-03-12,9.78,1.81,81.86,3.49,5.46
2003-03-13,13.3,0.82,63.18,3.85,5.99
2003-03-14,10.89,2.18,69.92,3.23,11.3
2003-03-15,8.98,4.23,77.64,2.89,5.61
2003-03-16,7.08,0.1,69.72,2.29,14.74
2003-03-17,5.96,0.01,60.95,2.02,18.33
2003-03-18,5.61,0.23,64.68,2.14,15.77
2003-03-19,8.46,0.04,62.35,2.75,16.17
2003-03-20,8.97,0.99,63.77,4.01,14.13
2003-03-21,7.31,4.49,85.54,4.35,11.22
2003-03-22,9.53,3.22,72.01,5.09,9.14
2003-03-23,5.13,0.19,67.13,3.56,17.36
2003-03-24,3.5,0.13,60.64,1.47,19.67
2003-03-25,6.23,2.1,78.34,2.55,12.95
2003-03-26,6.45,2.48,66.91,3.89,16.29
2003-03-27,4.9,0.23,68.61,1.58,17.48
2003-03-28,6.72,0.01,61.57,1.5,17.23
2003-03-29,9.74,0.02,56.13,1.96,15.12
2003-03-30,14.42,0.01,60.0,2.6,12.53
2003-03-31,11.73,0.63,63.85,3.27,14.9
2003-04-01,7.27,0.53,61.88,2.89,15.48
2003-04-02,4.54,2.94,64.37,2.63,14.81
2003-04-03,5.07,0.18,63.69,4.2,15.49
2003-04-04,5.77,0.24,60.88,1.38,20.05
2003-04-05,4.51,0.3,60.37,2.91,14.8
2003-04-06,4.62,3.72,73.05,1.28,12.36
2003-04-07,8.35,0.03,60.42,2.73,14.99
2003-04-08,12.9,0.03,53.06,2.66,19.65
2003-04-09,11.66,0.57,47.42,2.71,22.72
2003-04-10,12.85,1.11,60.78,2.7,16.91
2003-04-11,11.21,0.77,71.96,2.31,16.33
2003-04-12,11.76,1.23,67.87,3.07,12.21
2003-04-13,12.12,3.83,60.54,3.03,18.72
2003-04-14,8.71,4.52,64.33,2.32,12.07
2003-04-15,8.51,0.21,58.96,1.71,20.0
2003-04-16,8.38,0.62,66.7,2.36,15.1
2003-04-17,6.83,0.93,72.87,1.93,14.47
2003-04-18,7.37,0.02,59.81,1.54,23.8
2003-04-19,8.39,0.0,53.68,1.61,22.56
2003-04-20,13.54,0.0,49.85,2.85,22.4
2003-04-21,14.44,0.88,60.89,2.35,18.0
2003-04-22,10.64,2.49,79.41,1.66,17.62
2003-04-23,11.75,1.18,57.44,2.48,20.13
2003-04-24,7.95,5.06,81.87,3.12,6.32
2003-04-25,7.45,1.66,66.33,2.07,21.14
2003-04-26,7.24,0.71,68.28,3.19,19.71
2003-04-27,9.62,0.14,58.24,2.03,24.59
2003-04-28,12.64,0.13,51.5,4.15,24.15
2003-04-29,10.08,2.47,71.91,1.54,16.22
2003-04-30,10.69,0.8,69.87,1.32,16.36
2003-05-01,12.04,0.52,65.47,1.51,22.09
2003-05-02,14.43,0.02,52.91,2.47,24.82
2003-05-03,11.86,0.19,54.18,2.75,18.06
2003-05-04,9.19,0.68,69.26,3.14,16.67
2003-05-05,9.5,0.12,48.39,3.53,24.85
2003-05-06,8.49,0.08,45.6,1.33,21.89
2003-05-07,8.67,0.0,50.56,1.81,20.54
2003-05-08,11.53,0.01,49.21,2.31,21.8
2003-05-09,13.92,0.01,49.86,3.02,21.83
2003-05-10,14.23,0.11,55.33,1.61,24.83
2003-05-11,13.54,0.45,58.8,2.08,22.53
2003-05-12,12.75,1.25,68.03,1.29,22.74
2003-05-13,15.0,0.0,52.04,1.8,26.26
2003-05-14,16.22,0.0,48.99,3.76,22.91
2003-05-15,11.39,0.03,44.01,3.98,23.81
2003-05-16,8.52,0.25,49.77,3.39,25.54
2003-05-17,6.79,1.05,62.78,2.61,15.58
2003-05-18,8.84,0.23,50.17,1.86,21.92
2003-05-19,11.05,0.01,45.96,2.79,24.82
2003-05-20,13.14,0.0,47.51,2.03,15.27
2003-05-21,14.57,0.32,61.05,1.08,16.25
2003-05-22,17.06,0.01,59.08,1.76,14.38
2003-05-23,20.78,0.21,49.95,1.39,25.44
2003-05-24,22.77,2.82,56.23,3.48,22.78
2003-05-25,17.09,0.22,61.38,2.1,13.74
2003-05-26,15.82,0.0,49.83,2.55,25.58
2003-05-27,19.5,0.0,51.02,1.9,28.31
2003-05-28,21.59,0.02,54.29,3.65,22.2
2003-05-29,22.23,0.05,44.91,1.41,30.02
2003-05-30,17.97,5.16,73.32,1.76,9.07
2003-05-31,17.65,0.34,58.56,2.77,22.41
2003-06-01,17.51,0.0,51.13,2.7,23.79
2003-06-02,17.31,0.0,44.39,2.39,30.04
2003-06-03,19.23,0.0,38.96,2.11,30.87
2003-06-04,20.57,0.0,35.86,2.49,31.65
2003-06-05,22.29,0.0,40.57,1.77,30.28
2003-06-06,23.62,0.0,39.3,3.38,29.73
2003-06-07,24.56,0.0,37.87,2.14,29.88
2003-06-08,24.94,0.0,39.41,2.29,28.66
2003-06-09,22.86,0.03,49.42,1.87,24.26
2003-06-10,20.45,0.02,45.55,3.16,26.02
2003-06-11,19.44,0.0,49.33,1.64,27.62
2003-06-12,21.03,0.01,44.28,2.49,29.52
2003-06-13,19.67,0.29,46.34,3.91,24.21
2003-06-14,18.33,0.0,40.41,2.08,30.41
2003-06-15,20.42,0.0,37.16,1.5,30.86
2003-06-16,23.04,0.0,32.18,1.05,30.92
2003-06-17,25.38,0.0,36.01,1.74,30.77
2003-06-18,23.87,0.0,42.91,2.74,18.05
2003-06-19,19.43,0.0,40.34,3.93,25.34
2003-06-20,15.91,0.1,46.8,3.79,15.14
2003-06-21,14.73,0.29,47.34,3.77,19.13
2003-06-22,15.56,0.01,47.4,2.95,23.39
2003-06-23,16.65,0.0,45.0,1.85,28.25
2003-06-24,19.99,0.12,40.18,1.51,26.25
2003-06-25,21.92,0.0,41.87,2.03,30.18
2003-06-26,24.3,0.0,42.86,2.24,30.9
2003-06-27,25.26,0.0,41.9,1.86,30.73
2003-06-28,26.75,0.0,37.15,1.86,31.56
2003-06-29,27.19,0.01,35.75,3.72,21.65
2003-06-30,21.65,0.0,40.36,4.28,31.4
2003-07-01,19.04,0.0,38.53,2.65,23.99
2003-07-02,18.3,0.01,36.1,2.02,31.84
2003-07-03,20.77,0.0,35.09,2.06,31.6
2003-07-04,21.29,0.0,43.04,2.83,31.0
2003-07-05,22.15,0.0,45.13,2.46,29.03
2003-07-06,23.82,0.0,37.04,1.74,30.6
2003-07-07,24.84,0.0,35.95,2.14,26.7
2003-07-08,20.91,0.01,45.01,4.18,26.36
2003-07-09,22.45,0.0,37.72,1.41,31.16
2003-07-10,26.46,0.0,30.0,2.65,30.55
2003-07-11,28.66,0.0,33.72,2.1,29.46
2003-07-12,26.44,0.0,40.56,3.92,29.02
2003-07-13,22.39,0.0,42.52,3.28,27.99
2003-07-14,22.44,0.0,39.71,1.98,30.3
2003-07-15,26.15,0.0,36.17,1.48,29.63
2003-07-16,24.24,0.04,40.16,3.47,30.08
2003-07-17,24.04,0.0,31.93,1.45,30.71
2003-07-18,28.17,0.0,24.27,1.55,30.35
2003-07-19,28.59,0.0,31.94,1.92,29.74
2003-07-20,26.28,0.0,38.79,3.28,29.45
2003-07-21,27.54,0.0,35.68,1.18,30.07
2003-07-22,30.21,0.0,26.24,1.42,29.42
2003-07-23,28.35,0.0,36.62,2.43,29.49
2003-07-24,25.72,0.0,32.42,2.1,27.77
2003-07-25,24.99,0.0,34.71,1.98,28.62
2003-07-26,25.38,0.0,36.53,2.4,29.0
2003-07-27,27.67,0.0,33.77,1.46,29.44
2003-07-28,29.02,0.0,27.37,1.92,29.18
2003-07-29,29.88,0.0,30.2,1.35,29.25
2003-07-30,29.76,0.0,26.98,2.3,28.89
2003-07-31,28.25,0.0,35.49,1.28,28.05
2003-08-01,27.1,0.01,38.06,2.37,26.51
2003-08-02,25.37,0.27,37.63,2.52,14.03
2003-08-03,21.05,1.09,53.07,2.36,7.61
2003-08-04,23.06,0.01,42.36,1.63,25.67
2003-08-05,23.28,0.4,41.78,1.68,20.16
2003-08-06,23.58,0.04,45.68,2.17,24.86
2003-08-07,22.17,1.2,48.85,2.03,21.1
2003-08-08,25.41,0.0,39.02,2.41,26.35
2003-08-09,24.84,0.0,44.41,2.22,26.65
2003-08-10,24.36,0.0,46.58,2.71,26.39
2003-08-11,22.4,0.02,45.89,2.65,25.05
2003-08-12,21.02,0.0,43.42,2.01,25.93
2003-08-13,23.41,0.0,35.63,1.58,26.8
2003-08-14,26.09,0.0,28.81,1.85,26.28
2003-08-15,26.05,0.0,29.51,3.82,21.49
2003-08-16,22.07,0.0,49.38,3.54,19.94
2003-08-17,22.87,0.0,42.57,1.34,25.41
2003-08-18,26.22,0.0,31.63,1.55,25.46
2003-08-19,25.05,0.0,37.62,3.17,23.34
2003-08-20,22.48,0.0,39.36,1.05,25.28
2003-08-21,25.17,0.02,28.46,1.48,23.87
2003-08-22,20.41,3.23,65.55,3.39,6.06
2003-08-23,19.98,0.0,51.83,1.98,22.69
2003-08-24,21.39,0.0,36.0,1.93,23.59
2003-08-25,25.3,0.0,31.23,1.05,23.35
2003-08-26,24.2,0.12,37.93,2.89,22.9
2003-08-27,20.27,0.0,45.64,2.62,23.7
2003-08-28,21.57,0.0,38.5,1.72,23.95
2003-08-29,22.63,0.0,34.06,3.13,23.51
2003-08-30,24.26,0.0,26.85,1.47,22.29
2003-08-31,24.45,0.0,27.62,1.65,22.21
2003-09-01,23.33,0.0,35.99,1.22,22.3
2003-09-02,24.87,0.0,28.68,1.97,20.94
2003-09-03,26.98,0.0,27.21,1.68,19.6
2003-09-04,27.39,0.0,30.5,1.19,16.59
2003-09-05,26.6,0.0,30.87,1.38,21.39
2003-09-06,27.1,0.51,31.28,1.8,16.85
2003-09-07,19.54,6.19,61.36,3.35,15.27
2003-09-08,15.63,2.25,58.28,2.98,6.59
2003-09-09,14.88,0.06,56.8,1.42,14.55
2003-09-10,16.16,0.04,61.28,2.98,13.51
2003-09-11,18.82,0.11,62.08,4.84,11.38
2003-09-12,15.89,0.0,46.85,3.03,20.82
2003-09-13,15.52,0.0,38.05,1.35,20.8
2003-09-14,16.8,0.01,41.32,2.44,15.03
2003-09-15,14.66,0.07,52.33,1.72,15.0
2003-09-16,11.79,0.37,58.74,2.93,13.02
2003-09-17,12.12,0.0,51.94,1.84,17.19
2003-09-18,15.64,0.0,39.65,2.27,14.4
2003-09-19,17.26,0.0,46.99,3.63,17.27
2003-09-20,15.09,0.0,50.83,1.5,18.92
2003-09-21,16.71,0.0,39.07,1.54,18.35
2003-09-22,17.87,0.0,41.84,1.82,18.56
2003-09-23,17.64,0.01,53.49,1.39,17.7
2003-09-24,18.97,0.0,42.08,2.52,18.28
2003-09-25,20.48,0.0,46.93,2.21,17.44
2003-09-26,20.96,0.0,42.17,2.41,17.51
2003-09-27,20.59,0.0,33.1,2.9,17.46
2003-09-28,20.36,0.0,37.66,3.22,17.4
2003-09-29,19.25,0.0,35.48,4.91,16.24
2003-09-30,18.1,0.0,33.62,2.89,16.52
2003-10-01,18.57,0.0,34.01,2.25,14.63
2003-10-02,17.21,0.0,43.88,1.31,14.86
2003-10-03,17.12,0.0,39.1,1.56,15.9
2003-10-04,18.3,0.0,33.4,1.18,15.11
2003-10-05,18.72,0.07,45.31,1.05,10.6
2003-10-06,18.51,0.02,60.44,2.46,13.06
2003-10-07,15.3,0.14,63.54,2.74,9.98
2003-10-08,14.56,0.1,56.61,4.0,8.97
2003-10-09,10.83,0.01,58.44,2.55,14.4
2003-10-10,9.29,0.11,65.02,2.16,14.12
2003-10-11,9.45,0.28,63.39,3.59,8.06
2003-10-12,10.42,0.32,71.36,5.7,7.86
2003-10-13,10.67,0.02,64.91,2.75,12.2
2003-10-14,10.82,1.5,61.73,2.12,10.63
2003-10-15,7.77,2.37,80.67,3.28,4.57
2003-10-16,12.1,2.75,78.55,4.2,4.28
2003-10-17,16.0,0.01,59.21,4.11,8.33
2003-10-18,15.21,0.03,54.91,1.74,11.0
2003-10-19,15.3,0.38,61.41,2.67,11.26
2003-10-20,18.1,0.79,68.46,4.16,3.44
2003-10-21,19.64,0.08,70.9,2.13,11.4
2003-10-22,17.16,0.03,56.72,3.55,9.33
2003-10-23,10.76,0.01,55.79,3.75,11.71
2003-10-24,8.06,0.0,51.03,1.5,10.53
2003-10-25,8.89,0.0,38.94,1.4,10.2
2003-10-26,10.52,0.0,42.09,1.45,10.71
2003-10-27,11.76,0.06,58.46,1.25,7.53
2003-10-28,13.71,0.64,69.12,5.65,5.94
2003-10-29,5.91,0.28,57.69,3.63,5.42
2003-10-30,1.76,0.01,30.45,7.45,9.57
2003-10-31,-2.01,0.0,35.06,3.99,11.25
2003-11-01,-0.91,0.21,44.18,1.49,6.67
2003-11-02,-0.11,0.61,74.83,3.13,5.06
2003-11-03,-0.19,0.01,51.59,2.3,9.19
2003-11-04,-1.36,0.01,43.54,2.39,9.94
2003-11-05,-2.48,0.0,45.41,2.03,9.94
2003-11-06,-1.47,0.0,51.02,2.81,9.88
2003-11-07,0.29,0.0,56.94,2.78,7.25
2003-11-08,3.06,0.01,57.85,2.57,5.81
2003-11-09,2.57,0.04,71.41,1.96,6.8
2003-11-10,4.16,1.51,90.57,4.24,4.12
2003-11-11,6.32,0.19,77.32,4.2,7.87
2003-11-12,2.25,0.04,86.83,1.45,8.54
2003-11-13,2.72,0.03,71.88,2.17,8.61
2003-11-14,2.1,0.35,80.11,1.55,6.12
2003-11-15,3.95,2.21,84.82,2.64,2.59
2003-11-16,3.68,3.24,92.87,4.66,2.42
2003-11-17,5.6,1.42,76.45,5.57,7.43
2003-11-18,11.11,1.45,75.37,8.73,6.01
2003-11-19,6.94,3.77,67.7,5.95,1.92
2003-11-20,-0.01,3.58,92.25,2.67,3.47
2003-11-21,-2.59,0.05,62.69,2.77,4.76
2003-11-22,-4.5,0.02,54.89,1.76,2.99
2003-11-23,-1.09,0.48,85.66,2.07,1.92
2003-11-24,0.19,1.14,82.37,3.27,6.02
2003-11-25,1.04,1.68,86.74,4.49,4.06
2003-11-26,0.59,0.08,88.22,2.14,5.63
2003-11-27,0.46,0.08,85.6,2.51,2.87
2003-11-28,3.91,8.15,80.68,3.29,1.33
2003-11-29,5.37,2.64,90.88,3.05,4.58
2003-11-30,1.05,2.27,85.55,4.43,6.81
2003-12-01,2.29,4.29,89.48,1.91,0.8
2003-12-02,2.67,0.51,94.65,1.14,2.24
2003-12-03,1.92,1.74,79.96,2.42,6.35
2003-12-04,0.72,1.79,74.27,4.7,2.37
2003-12-05,5.07,4.09,93.57,1.72,1.39
2003-12-06,5.77,1.72,73.0,3.18,5.5
2003-12-07,0.46,0.45,86.81,0.97,2.22
2003-12-08,0.67,0.22,90.31,1.18,2.62
2003-12-09,0.44,0.74,87.84,3.53,3.3
2003-12-10,-0.05,2.19,83.64,2.88,1.94
2003-12-11,-0.57,1.51,83.93,1.32,2.37
2003-12-12,1.1,4.74,95.96,2.72,1.78
2003-12-13,1.7,11.96,97.74,1.76,1.2
2003-12-14,0.77,1.32,89.45,3.64,3.38
2003-12-15,-0.85,0.07,92.09,2.19,3.26
2003-12-16,1.26,0.29,76.24,3.38,0.88
2003-12-17,0.83,0.03,92.49,2.4,3.94
2003-12-18,-0.39,0.07,85.92,3.66,5.72
2003-12-19,0.17,0.17,84.76,2.54,3.44
2003-12-20,0.97,3.45,93.54,1.48,2.17
2003-12-21,2.4,0.67,97.95,0.65,2.36
2003-12-22,1.47,0.29,89.87,3.1,3.13
2003-12-23,1.72,1.09,77.81,3.33,3.26
2003-12-24,3.97,1.99,84.91,3.1,3.31
2003-12-25,0.05,0.22,95.54,1.67,2.63
2003-12-26,-1.23,0.49,78.6,1.1,4.01
2003-12-27,-1.04,1.52,89.32,2.75,2.69
2003-12-28,-0.83,0.12,88.07,2.46,2.3
2003-12-29,-3.6,1.09,70.26,4.46,4.89
2003-12-30,-5.64,0.22,73.52,1.41,1.8
2003-12-31,-4.05,2.54,83.92,1.01,2.32
2004-01-01,-3.74,6.7,87.18,4.93,1.18
2004-01-02,-3.05,0.89,82.28,0.91,3.97
2004-01-03,-6.57,1.25,81.92,2.58,4.01
2004-01-04,-15.84,0.14,66.12,3.25,6.35
2004-01-05,-16.06,0.02,72.59,3.92,6.36
2004-01-06,-12.65,5.13,86.24,4.0,2.12
2004-01-07,-7.35,5.85,97.64,2.01,2.37
2004-01-08,-1.43,1.07,96.49,1.72,2.29
2004-01-09,0.77,0.88,95.31,2.85,2.62
2004-01-10,-0.19,0.34,96.67,1.21,3.9
2004-01-11,-0.93,0.03,96.61,1.89,2.8
2004-01-12,-0.97,0.13,89.98,2.06,3.56
2004-01-13,-0.04,0.09,88.17,1.06,3.58
2004-01-14,-0.56,0.22,85.31,1.31,3.11
2004-01-15,0.72,1.16,93.24,1.62,1.28
2004-01-16,1.0,0.22,97.88,1.3,2.7
2004-01-17,0.5,0.04,87.64,1.26,2.39
2004-01-18,-0.39,2.02,86.98,0.96,2.54
2004-01-19,0.77,0.69,93.53,1.29,2.23
2004-01-20,0.5,0.16,84.08,1.22,3.49
2004-01-21,-0.39,0.35,90.74,0.75,3.04
2004-01-22,-0.54,0.42,81.04,0.84,2.75
2004-01-23,0.21,8.44,94.17,1.28,3.46
2004-01-24,-0.42,2.45,94.73,1.87,6.49
2004-01-25,-1.63,0.06,78.27,1.49,5.01
2004-01-26,0.31,0.19,94.91,3.45,4.84
2004-01-27,0.68,0.04,86.63,1.66,5.27
2004-01-28,2.58,3.61,97.45,4.5,4.19
2004-01-29,5.41,3.52,98.76,4.48,5.15
2004-01-30,4.66,0.68,73.07,6.56,5.83
2004-01-31,0.3,1.51,81.04,3.05,5.49
2004-02-01,0.02,1.32,85.09,1.37,7.26
2004-02-02,-0.7,0.37,77.69,4.15,4.78
2004-02-03,-0.52,0.07,77.42,1.99,4.13
2004-02-04,0.08,1.13,90.17,1.47,4.67
2004-02-05,-0.74,0.03,78.06,1.51,5.64
2004-02-06,-0.5,3.42,85.97,2.29,5.13
2004-02-07,0.6,0.41,85.86,0.86,4.49
2004-02-08,0.36,0.0,75.39,1.11,6.02
2004-02-09,0.97,0.0,73.14,0.93,8.3
2004-02-10,0.25,0.01,80.23,1.74,7.25
2004-02-11,0.35,0.0,76.1,3.39,10.83
2004-02-12,-0.6,0.0,72.65,2.61,10.8
2004-02-13,-0.07,0.0,63.37,1.81,9.84
2004-02-14,1.23,1.03,81.04,1.84,3.89
2004-02-15,1.55,0.54,89.11,1.9,4.29
2004-02-16,1.4,7.51,88.61,3.14,1.92
2004-02-17,3.3,3.24,93.92,2.16,3.13
2004-02-18,3.78,2.4,88.3,2.34,5.84
2004-02-19,3.3,0.07,77.18,0.88,6.1
2004-02-20,3.9,0.0,73.49,1.28,7.75
2004-02-21,2.76,0.0,75.15,2.73,11.06
2004-02-22,3.6,0.01,73.41,2.84,11.97
2004-02-23,6.03,0.46,68.45,1.58,11.31
2004-02-24,4.67,0.77,79.86,2.49,5.2
2004-02-25,3.0,2.14,85.43,4.08,5.1
2004-02-26,5.64,1.12,78.99,2.74,9.37
2004-02-27,5.31,0.42,79.5,1.88,9.87
2004-02-28,5.39,0.1,72.39,0.86,9.94
2004-02-29,3.71,0.16,81.65,1.71,8.48
2004-03-01,4.5,0.0,67.13,2.87,12.94
2004-03-02,3.77,0.0,56.7,2.83,14.31
2004-03-03,0.32,4.07,84.89,2.17,3.49
2004-03-04,3.63,0.57,76.9,3.38,10.76
2004-03-05,2.78,1.39,78.13,5.54,8.42
2004-03-06,3.79,0.01,62.98,3.57,13.35
2004-03-07,8.88,0.17,71.65,3.27,8.89
2004-03-08,11.41,0.0,73.86,1.35,15.56
2004-03-09,8.7,0.02,70.48,2.89,9.2
2004-03-10,8.06,0.0,52.04,1.89,16.81
2004-03-11,9.15,0.0,46.0,1.6,15.06
2004-03-12,9.07,0.0,55.74,3.21,13.93
2004-03-13,6.11,0.0,53.18,1.76,14.42
2004-03-14,8.81,0.0,56.16,2.74,16.77
2004-03-15,5.2,0.0,71.81,2.31,7.97
2004-03-16,9.23,0.0,65.3,2.91,12.25
2004-03-17,10.21,0.0,67.85,2.67,14.26
2004-03-18,10.08,0.02,57.43,5.98,13.37
2004-03-19,5.76,0.03,54.57,2.72,18.07
2004-03-20,7.45,0.0,51.56,3.71,16.94
2004-03-21,11.1,0.0,56.97,2.44,17.16
2004-03-22,14.5,0.0,43.53,1.21,18.67
2004-03-23,12.27,0.21,56.56,2.79,16.88
2004-03-24,8.84,0.46,57.71,3.62,10.41
2004-03-25,9.55,2.96,64.05,3.0,13.17
2004-03-26,6.78,0.76,65.02,4.22,14.15
2004-03-27,8.12,0.43,64.6,4.1,17.63
2004-03-28,7.93,0.01,66.34,2.31,20.6
2004-03-29,11.96,0.0,51.86,3.53,21.14
2004-03-30,11.15,4.04,65.99,3.16,13.87
2004-03-31,5.22,0.04,58.7,1.64,17.39
2004-04-01,7.37,0.01,54.05,1.82,18.86
2004-04-02,10.58,0.0,53.76,4.67,22.1
2004-04-03,12.12,0.0,56.51,2.33,12.93
2004-04-04,14.06,0.0,54.94,1.56,21.52
2004-04-05,12.4,0.0,53.77,1.55,14.73
2004-04-06,12.78,0.0,55.83,1.27,22.02
2004-04-07,13.25,0.0,56.9,2.26,20.87
2004-04-08,11.77,0.0,55.67,2.14,21.6
2004-04-09,12.41,0.0,55.29,2.6,22.04
2004-04-10,12.89,0.0,51.4,1.95,22.65
2004-04-11,14.3,0.0,44.06,1.87,23.05
2004-04-12,16.09,0.0,47.68,2.25,21.1
2004-04-13,13.17,1.4,60.61,2.7,15.85
2004-04-14,9.24,0.79,67.97,3.91,18.8
2004-04-15,7.41,2.65,71.2,2.2,14.01
2004-04-16,9.13,0.29,63.42,2.04,18.76
2004-04-17,9.37,0.61,57.39,0.94,16.88
2004-04-18,8.96,0.23,61.3,2.55,19.27
2004-04-19,9.88,1.17,61.48,2.37,20.88
2004-04-20,8.51,4.08,66.66,4.0,18.87
2004-04-21,8.53,2.34,68.4,1.74,18.18
2004-04-22,10.85,0.0,57.05,1.4,25.88
2004-04-23,10.58,0.5,56.77,3.25,12.52
2004-04-24,9.95,0.0,52.06,1.33,25.34
2004-04-25,13.36,0.0,47.39,1.93,26.05
2004-04-26,17.26,0.0,45.38,1.78,26.14
2004-04-27,15.2,0.27,46.27,5.38,16.72
2004-04-28,13.01,0.47,42.56,3.65,24.39
2004-04-29,13.87,0.0,40.27,1.8,27.54
2004-04-30,16.45,0.0,40.9,1.56,27.08
2004-05-01,18.83,0.0,40.81,1.5,25.92
2004-05-02,18.63,0.0,54.53,2.91,23.85
2004-05-03,17.96,0.0,49.95,2.48,25.39
2004-05-04,16.67,0.0,50.35,3.8,24.62
2004-05-05,13.49,0.0,48.21,2.92,20.64
2004-05-06,15.35,0.0,45.09,1.07,21.25
2004-05-07,18.06,0.06,46.1,2.73,24.26
2004-05-08,14.48,2.04,57.9,3.51,21.66
2004-05-09,13.75,0.0,50.4,2.43,28.42
2004-05-10,12.22,0.55,55.23,1.34,15.92
2004-05-11,11.9,4.09,62.66,2.75,12.13
2004-05-12,11.64,0.88,48.17,2.45,21.09
2004-05-13,12.76,0.32,47.09,2.05,22.18
2004-05-14,15.27,0.02,44.06,1.65,26.35
2004-05-15,14.7,1.48,52.17,1.85,14.66
2004-05-16,11.74,3.57,75.92,1.53,15.8
2004-05-17,14.79,0.45,61.03,2.03,18.63
2004-05-18,16.82,0.29,56.34,2.69,21.38
2004-05-19,15.98,1.36,66.71,2.44,23.53
2004-05-20,16.62,2.86,61.93,1.0,20.93
2004-05-21,15.62,3.51,69.03,1.34,20.87
2004-05-22,13.25,3.56,59.82,2.54,16.91
2004-05-23,13.52,0.36,55.12,2.27,18.48
2004-05-24,15.42,0.02,43.8,0.8,20.3
2004-05-25,17.26,0.5,41.6,2.3,21.21
2004-05-26,16.84,0.78,61.47,3.62,17.07
2004-05-27,14.4,1.51,71.01,3.48,17.36
2004-05-28,12.37,1.4,63.47,3.38,22.06
2004-05-29,13.43,0.04,53.11,3.66,26.83
2004-05-30,15.09,0.34,57.03,3.95,23.59
2004-05-31,13.53,0.0,53.58,2.43,26.08
2004-06-01,15.31,0.0,49.57,1.86,29.35
2004-06-02,19.52,0.0,40.81,1.01,28.87
2004-06-03,22.51,0.0,42.87,2.13,27.31
2004-06-04,24.05,0.0,47.51,1.93,28.93
2004-06-05,19.99,0.7,49.8,3.97,15.98
2004-06-06,15.59,0.27,50.78,4.54,24.37
2004-06-07,15.25,2.47,56.67,2.59,24.17
2004-06-08,14.49,4.35,61.49,3.45,14.62
2004-06-09,14.17,5.06,72.51,1.73,12.37
2004-06-10,15.6,2.88,63.98,3.54,17.27
2004-06-11,14.19,0.08,51.04,3.03,22.89
2004-06-12,14.63,0.01,52.74,2.74,24.28
2004-06-13,17.25,0.12,51.24,4.46,25.27
2004-06-14,15.17,0.0,44.92,3.86,29.33
2004-06-15,16.62,0.0,38.52,1.87,32.3
2004-06-16,20.13,0.0,33.43,1.3,31.86
2004-06-17,21.47,0.0,40.44,4.21,29.65
2004-06-18,20.94,0.02,38.86,5.06,31.2
2004-06-19,20.88,0.01,41.67,3.25,26.52
2004-06-20,23.07,0.0,37.87,1.36,31.51
2004-06-21,25.08,0.0,36.1,1.84,30.67
2004-06-22,26.82,0.0,35.53,1.48,30.74
2004-06-23,27.43,0.0,36.75,1.43,27.44
2004-06-24,26.09,0.02,45.39,2.56,24.86
2004-06-25,26.35,0.0,43.98,2.32,29.56
2004-06-26,24.27,0.24,44.02,2.39,21.87
2004-06-27,23.72,0.01,44.7,1.48,27.5
2004-06-28,25.25,0.01,38.98,1.86,27.72
2004-06-29,26.46,0.18,49.18,1.72,25.3
2004-06-30,23.86,1.96,60.87,2.41,19.08
2004-07-01,24.82,0.1,49.0,2.09,29.75
2004-07-02,23.84,0.0,44.34,3.16,28.36
2004-07-03,22.81,0.0,43.39,3.4,28.3
2004-07-04,22.32,0.0,44.58,1.9,27.02
2004-07-05,24.29,0.0,41.71,2.17,27.17
2004-07-06,23.24,0.04,47.37,3.04,16.88
2004-07-07,18.69,0.01,42.51,4.29,27.96
2004-07-08,18.1,0.0,45.85,2.07,30.1
2004-07-09,20.63,0.0,41.42,3.17,29.26
2004-07-10,19.58,0.0,43.9,3.47,28.17
2004-07-11,19.57,0.0,45.55,1.86,30.39
2004-07-12,23.93,0.0,32.11,2.76,30.58
2004-07-13,26.73,0.01,33.4,3.23,25.98
2004-07-14,29.22,0.0,30.05,1.99,28.93
2004-07-15,27.61,0.0,38.99,2.38,26.75
2004-07-16,27.54,0.0,33.65,1.38,29.56
2004-07-17,29.12,0.14,31.34,1.62,23.06
2004-07-18,26.19,0.48,52.7,2.68,15.93
2004-07-19,25.29,1.02,53.5,3.01,20.86
2004-07-20,23.18,0.0,43.34,3.26,29.43
2004-07-21,23.92,0.0,37.33,1.35,29.66
2004-07-22,26.44,0.0,33.24,3.29,29.57
2004-07-23,28.19,0.0,33.95,4.03,29.15
2004-07-24,29.2,0.0,32.82,2.14,28.79
2004-07-25,28.76,0.0,32.22,3.02,28.55
2004-07-26,24.96,0.0,38.25,1.79,28.16
2004-07-27,26.15,0.0,27.23,2.64,26.81
2004-07-28,26.85,0.0,27.11,1.37,27.78
2004-07-29,27.31,0.0,34.55,1.66,24.43
2004-07-30,25.41,0.0,43.01,2.19,23.71
2004-07-31,25.53,0.0,41.41,2.14,27.68
2004-08-01,26.84,0.01,37.45,1.87,28.39
2004-08-02,26.67,0.53,37.3,2.98,26.39
2004-08-03,24.02,0.05,44.89,2.96,22.2
2004-08-04,24.76,0.33,42.62,1.49,26.53
2004-08-05,21.4,2.62,49.49,3.14,16.97
2004-08-06,19.87,3.14,51.34,2.99,9.98
2004-08-07,19.37,0.1,53.29,1.98,24.31
2004-08-08,22.37,0.0,40.27,2.21,26.86
2004-08-09,24.62,0.0,38.26,2.59,26.69
2004-08-10,26.83,0.0,33.73,2.38,26.81
2004-08-11,27.5,0.0,33.68,2.11,26.07
2004-08-12,28.12,0.0,29.09,2.01,26.44
2004-08-13,29.17,0.0,26.71,1.75,25.99
2004-08-14,28.99,0.0,29.46,2.11,22.16
2004-08-15,29.28,0.0,40.0,1.28,20.68
2004-08-16,28.76,0.02,38.74,1.34,19.79
2004-08-17,26.41,0.05,47.04,3.12,18.0
2004-08-18,26.49,0.01,47.75,1.41,22.25
2004-08-19,27.89,0.11,42.6,1.49,19.43
2004-08-20,27.31,0.15,39.45,2.51,20.37
2004-08-21,24.8,0.72,47.83,3.02,18.42
2004-08-22,18.28,4.33,67.82,4.65,11.48
2004-08-23,19.21,0.69,53.2,4.09,18.6
2004-08-24,18.68,3.59,66.02,4.7,9.27
2004-08-25,17.45,5.07,64.26,4.58,14.17
2004-08-26,18.18,0.31,59.74,2.17,18.15
2004-08-27,19.6,0.04,55.56,2.0,19.01
2004-08-28,20.07,0.0,54.85,2.25,20.87
2004-08-29,21.5,0.0,54.78,1.81,22.93
2004-08-30,23.04,0.0,46.97,1.82,22.64
2004-08-31,25.42,0.01,33.54,1.24,18.3
2004-09-01,20.6,0.05,41.69,3.89,15.0
2004-09-02,15.34,0.06,52.45,2.98,18.18
2004-09-03,16.96,0.0,51.21,2.12,16.56
2004-09-04,17.49,0.0,54.15,3.28,20.32
2004-09-05,16.91,0.0,50.81,2.0,20.33
2004-09-06,18.82,0.0,39.67,1.29,19.0
2004-09-07,20.68,0.0,36.15,1.05,20.98
2004-09-08,19.9,0.0,47.3,2.5,20.26
2004-09-09,16.88,0.0,59.21,2.59,14.55
2004-09-10,18.42,0.0,49.46,1.56,19.32
2004-09-11,19.43,2.06,54.58,3.81,14.55
2004-09-12,14.61,0.41,63.56,2.01,13.54
2004-09-13,13.41,4.09,68.89,2.28,8.69
2004-09-14,15.13,0.37,56.54,3.14,17.25
2004-09-15,15.66,3.42,64.91,3.32,11.02
2004-09-16,13.84,0.04,67.31,2.5,11.95
2004-09-17,13.63,1.38,72.1,3.1,11.72
2004-09-18,11.77,0.27,66.0,3.38,15.39
2004-09-19,12.36,0.2,57.31,1.32,14.21
2004-09-20,12.33,0.57,54.25,2.45,16.61
2004-09-21,12.55,0.03,59.34,1.91,18.24
2004-09-22,14.43,0.02,55.61,1.39,10.92
2004-09-23,16.85,0.05,57.41,1.19,16.13
2004-09-24,17.49,0.0,54.3,1.55,17.79
2004-09-25,19.14,0.0,49.05,1.48,17.19
2004-09-26,18.72,0.0,49.4,1.01,17.19
2004-09-27,18.71,0.0,55.75,3.09,17.13
2004-09-28,19.88,0.0,51.96,1.51,16.93
2004-09-29,18.58,0.0,50.77,1.51,14.44
2004-09-30,15.92,0.01,40.99,3.18,15.7
2004-10-01,16.08,0.0,43.1,3.09,16.5
2004-10-02,16.79,0.0,37.25,1.1,16.08
2004-10-03,16.41,0.0,39.84,1.35,16.11
2004-10-04,16.64,0.0,39.87,1.24,16.1
2004-10-05,16.42,0.02,43.71,2.21,14.93
2004-10-06,17.02,1.41,61.1,3.38,12.88
2004-10-07,13.77,0.0,62.89,1.61,14.74
2004-10-08,16.07,0.83,60.51,2.74,12.27
2004-10-09,12.33,3.15,66.35,3.78,11.31
2004-10-10,11.58,0.0,66.55,1.07,14.18
2004-10-11,12.86,0.0,55.54,1.41,12.09
2004-10-12,14.56,0.0,54.02,1.7,13.19
2004-10-13,14.83,0.0,55.33,1.35,13.6
2004-10-14,14.52,0.0,55.17,1.57,13.33
2004-10-15,14.87,0.0,61.51,2.28,9.1
2004-10-16,12.77,4.5,79.26,3.09,5.42
2004-10-17,12.25,9.33,78.5,3.47,4.85
2004-10-18,9.12,0.34,70.82,4.22,7.99
2004-10-19,9.44,0.64,62.94,3.47,3.66
2004-10-20,9.84,0.59,64.95,2.9,10.45
2004-10-21,9.11,0.27,70.13,1.77,8.55
2004-10-22,6.57,2.75,83.01,3.8,3.16
2004-10-23,7.04,0.07,67.14,2.8,9.66
2004-10-24,5.49,0.01,70.78,2.5,9.43
2004-10-25,5.97,0.0,60.65,2.73,8.33
2004-10-26,7.09,0.0,58.94,4.77,8.61
2004-10-27,6.27,0.0,66.09,2.2,10.73
2004-10-28,7.4,0.01,63.2,1.06,10.11
2004-10-29,7.43,0.0,66.44,2.48,9.03
2004-10-30,7.45,0.42,63.17,5.05,10.16
2004-10-31,4.34,0.01,63.62,3.06,9.98
2004-11-01,5.43,0.6,59.34,3.06,3.75
2004-11-02,9.05,6.98,77.96,4.34,2.43
2004-11-03,4.6,0.02,57.48,2.96,10.43
2004-11-04,2.48,0.2,61.41,1.18,8.68
2004-11-05,2.71,0.0,65.73,1.21,5.76
2004-11-06,5.37,0.0,72.4,1.07,3.79
2004-11-07,7.77,0.01,61.52,1.24,4.18
2004-11-08,6.49,0.01,70.35,1.18,8.55
2004-11-09,4.15,0.02,83.85,1.05,4.7
2004-11-10,5.56,0.02,81.77,2.25,7.54
2004-11-11,4.71,0.05,80.3,1.81,8.25
2004-11-12,2.52,0.07,85.95,1.12,4.23
2004-11-13,2.38,0.07,87.5,0.9,2.03
2004-11-14,3.97,0.02,80.81,1.87,2.93
2004-11-15,5.54,3.14,77.68,1.79,2.64
2004-11-16,5.66,0.44,89.55,1.85,3.96
2004-11-17,3.49,0.16,91.44,1.42,6.8
2004-11-18,4.44,2.78,79.01,3.33,6.95
2004-11-19,3.17,0.02,75.29,1.53,6.39
2004-11-20,0.65,0.0,58.13,1.76,7.7
2004-11-21,-0.08,0.0,63.97,1.51,5.67
2004-11-22,1.6,0.07,78.17,1.19,4.76
2004-11-23,1.42,1.8,97.35,1.3,5.48
2004-11-24,7.9,4.54,92.71,4.91,3.25
2004-11-25,7.25,1.93,76.28,4.44,7.0
2004-11-26,1.66,0.0,81.53,1.62,6.0
2004-11-27,0.06,1.09,79.11,1.74,3.98
2004-11-28,-1.71,0.0,63.77,1.73,6.45
2004-11-29,-1.46,0.23,62.74,1.71,4.6
2004-11-30,-0.81,0.92,83.22,1.1,5.78
2004-12-01,-0.04,0.1,88.95,1.27,4.28
2004-12-02,-1.24,0.1,94.07,1.59,1.71
2004-12-03,-0.58,0.02,87.39,2.12,1.41
2004-12-04,0.33,0.26,69.54,1.84,1.73
2004-12-05,0.77,1.12,70.99,2.61,3.42
2004-12-06,0.17,1.24,87.21,2.17,2.02
2004-12-07,1.48,5.27,88.38,3.18,1.91
2004-12-08,4.32,5.38,88.39,4.94,4.08
2004-12-09,3.74,2.68,96.98,1.82,3.47
2004-12-10,9.63,1.34,85.61,4.77,1.66
2004-12-11,6.5,0.41,65.57,4.19,6.06
2004-12-12,1.0,0.2,66.86,4.67,4.4
2004-12-13,3.51,0.27,73.75,2.32,3.09
2004-12-14,2.62,1.03,96.65,1.99,3.14
2004-12-15,2.48,0.07,94.53,1.45,3.42
2004-12-16,1.63,0.05,87.25,2.05,3.41
2004-12-17,1.87,0.12,86.68,0.98,3.26
2004-12-18,0.58,0.07,90.69,1.06,2.4
2004-12-19,1.37,0.02,86.54,2.86,2.63
2004-12-20,0.93,0.0,81.05,1.73,4.49
2004-12-21,-0.53,0.01,85.06,1.1,5.47
2004-12-22,-1.14,0.0,76.77,1.78,5.71
2004-12-23,-1.33,0.0,68.98,1.59,3.9
2004-12-24,-0.45,0.0,72.73,1.13,2.38
2004-12-25,1.34,0.19,78.87,1.72,1.86
2004-12-26,1.67,0.09,84.65,2.26,3.76
2004-12-27,-0.64,0.0,78.54,3.3,5.97
2004-12-28,0.55,0.11,90.4,2.45,4.39
2004-12-29,-0.1,4.58,95.45,2.08,1.37
2004-12-30,0.6,1.08,91.62,1.3,1.81
2004-12-31,0.02,0.12,82.41,2.97,2.63
2005-01-01,-1.72,2.27,69.92,4.31,1.85
2005-01-02,-3.69,0.17,64.22,3.8,2.88
2005-01-03,-5.88,0.07,79.91,2.75,3.38
2005-01-04,-5.79,0.0,65.76,4.72,6.6
2005-01-05,-7.0,0.0,71.66,2.0,6.34
2005-01-06,-4.11,0.83,90.6,1.74,2.39
2005-01-07,-0.27,2.39,82.77,4.27,1.85
2005-01-08,-1.37,0.69,87.9,1.86,1.86
2005-01-09,-4.6,1.8,78.25,2.99,2.28
2005-01-10,-5.62,0.11,78.13,3.03,3.49
2005-01-11,-6.24,0.07,81.15,2.83,2.26
2005-01-12,-1.03,0.03,93.29,4.66,6.58
2005-01-13,-3.44,0.02,73.12,2.49,5.39
2005-01-14,-9.52,0.0,53.72,4.52,6.76
2005-01-15,-10.83,2.76,71.11,4.16,5.06
2005-01-16,-7.11,1.65,90.5,1.37,3.42
2005-01-17,-2.03,4.89,94.65,2.65,1.59
2005-01-18,3.22,3.93,100.0,2.46,3.11
2005-01-19,3.88,0.08,94.48,2.52,1.72
2005-01-20,2.78,0.02,90.94,1.47,2.44
2005-01-21,4.71,0.06,95.77,1.22,4.21
2005-01-22,4.0,0.23,84.79,1.77,3.54
2005-01-23,3.96,0.03,78.56,1.38,5.16
2005-01-24,2.14,0.02,84.07,1.52,5.43
2005-01-25,2.0,0.0,86.41,1.64,6.11
2005-01-26,2.94,0.13,86.81,1.42,5.91
2005-01-27,3.25,0.29,88.41,1.32,3.69
2005-01-28,3.77,0.29,83.35,2.66,6.17
2005-01-29,2.5,0.13,91.85,1.36,4.16
2005-01-30,1.78,0.09,93.15,1.67,4.12
2005-01-31,2.7,0.03,87.22,2.38,5.46
2005-02-01,1.66,0.01,81.57,1.56,7.53
2005-02-02,3.23,0.01,55.81,1.75,8.63
2005-02-03,4.53,0.0,60.34,1.66,8.36
2005-02-04,3.68,0.47,79.38,3.7,5.23
2005-02-05,1.19,0.04,70.88,2.83,9.42
2005-02-06,0.13,0.2,76.17,2.7,4.28
2005-02-07,0.61,0.0,56.02,2.46,9.03
2005-02-08,1.19,0.0,57.24,0.95,10.64
2005-02-09,0.18,0.0,69.01,1.59,6.95
2005-02-10,1.1,0.0,70.92,1.63,10.06
2005-02-11,2.37,0.0,65.54,1.78,10.77
2005-02-12,3.61,0.03,76.91,2.45,7.92
2005-02-13,2.09,0.08,67.23,2.82,11.03
2005-02-14,-0.26,0.02,66.92,1.67,11.36
2005-02-15,-0.88,0.0,56.22,1.9,11.55
2005-02-16,-0.04,0.0,54.36,2.38,12.58
2005-02-17,0.13,0.0,57.87,2.31,12.81
2005-02-18,1.6,0.0,56.65,1.9,12.53
2005-02-19,1.67,0.0,63.74,1.44,12.8
2005-02-20,2.33,0.06,53.23,3.25,10.88
2005-02-21,1.44,0.0,56.16,1.63,13.41
2005-02-22,2.35,0.0,59.2,2.14,12.13
2005-02-23,3.9,0.0,57.69,2.12,12.75
2005-02-24,5.48,0.0,46.99,1.44,13.83
2005-02-25,5.21,0.0,52.23,1.1,14.11
2005-02-26,5.4,0.0,57.28,1.65,13.5
2005-02-27,6.71,0.0,55.46,2.36,14.33
2005-02-28,4.75,1.25,75.0,2.57,6.54
2005-03-01,8.5,0.0,62.98,1.56,11.65
2005-03-02,7.44,0.0,63.61,1.37,12.71
2005-03-03,7.59,0.0,67.65,1.65,14.95
2005-03-04,8.06,0.0,57.39,1.31,15.01
2005-03-05,8.21,0.0,64.37,2.28,13.01
2005-03-06,10.12,0.0,60.62,0.89,13.56
2005-03-07,11.8,0.0,63.16,2.34,10.48
2005-03-08,10.9,0.0,65.66,1.65,14.88
2005-03-09,11.26,0.03,72.87,2.31,8.85
2005-03-10,11.6,0.04,60.46,1.73,16.61
2005-03-11,12.19,0.0,49.85,2.0,15.48
2005-03-12,8.98,0.0,43.63,4.85,18.08
2005-03-13,7.03,0.0,45.41,2.89,17.95
2005-03-14,8.05,0.0,42.73,1.36,16.45
2005-03-15,9.6,0.0,50.78,2.2,15.86
2005-03-16,8.3,0.53,55.82,5.36,7.73
2005-03-17,6.11,0.02,55.38,2.15,15.91
2005-03-18,6.05,0.06,53.78,2.04,14.03
2005-03-19,6.18,3.67,81.79,2.15,4.79
2005-03-20,10.31,1.4,59.89,5.15,14.53
2005-03-21,5.83,0.12,51.04,3.22,18.12
2005-03-22,6.0,0.75,55.39,4.29,14.98
2005-03-23,4.09,0.23,50.61,6.2,11.51
2005-03-24,3.42,0.09,50.91,3.25,14.02
2005-03-25,4.75,0.1,56.4,1.86,13.61
2005-03-26,6.62,10.03,76.61,4.7,4.14
2005-03-27,9.65,11.77,91.28,4.75,5.54
2005-03-28,7.05,0.63,67.93,4.95,14.24
2005-03-29,6.6,2.41,66.84,5.18,14.61
2005-03-30,5.46,0.05,56.51,3.55,18.04
2005-03-31,6.58,0.0,53.34,2.29,15.89
2005-04-01,8.58,0.51,55.05,4.32,12.56
2005-04-02,7.04,0.06,60.67,1.61,15.46
2005-04-03,7.92,4.59,64.47,1.68,9.47
2005-04-04,6.99,1.46,59.62,3.31,18.9
2005-04-05,8.17,0.02,53.25,2.15,13.85
2005-04-06,13.66,0.0,52.98,3.4,16.24
2005-04-07,13.0,0.19,56.75,3.99,12.68
2005-04-08,8.71,0.0,53.64,1.8,21.49
2005-04-09,8.13,0.01,49.02,2.98,21.48
2005-04-10,7.65,0.08,60.84,1.94,20.41
2005-04-11,9.12,1.81,53.49,3.51,20.0
2005-04-12,6.4,1.9,62.48,2.3,12.05
2005-04-13,5.52,0.05,52.1,1.35,20.0
2005-04-14,6.47,0.05,54.1,2.72,20.69
2005-04-15,8.24,0.19,42.91,1.74,11.76
2005-04-16,9.85,2.87,66.89,2.68,7.17
2005-04-17,8.9,0.59,56.24,2.88,19.75
2005-04-18,8.92,0.17,55.45,1.92,21.7
2005-04-19,11.02,0.24,48.02,4.15,23.79
2005-04-20,13.58,0.02,47.56,3.77,20.51
2005-04-21,14.24,0.0,49.41,2.78,22.24
2005-04-22,16.26,0.0,46.48,2.77,24.1
2005-04-23,15.66,0.72,52.65,3.35,14.13
2005-04-24,16.14,0.65,61.42,1.91,21.95
2005-04-25,16.73,0.0,56.61,2.1,26.0
2005-04-26,17.14,0.05,59.72,2.28,26.0
2005-04-27,13.61,0.1,39.77,5.99,25.02
2005-04-28,10.2,0.0,33.5,3.82,27.36
2005-04-29,11.77,0.02,40.03,1.99,20.9
2005-04-30,12.77,0.03,49.95,2.02,20.01
2005-05-01,15.26,0.0,37.78,3.43,24.97
2005-05-02,15.46,0.02,41.98,2.25,13.32
2005-05-03,15.32,0.12,54.78,2.25,20.88
2005-05-04,14.99,3.02,63.21,2.0,15.83
2005-05-05,16.67,0.17,58.05,2.16,14.43
2005-05-06,17.32,0.42,52.16,1.88,18.65
2005-05-07,14.79,0.06,50.45,2.85,20.17
2005-05-08,14.97,1.65,57.43,1.98,15.27
2005-05-09,12.85,14.71,80.64,2.17,12.22
2005-05-10,12.98,1.93,68.66,1.18,13.29
2005-05-11,17.28,0.0,44.04,2.53,28.43
2005-05-12,17.41,0.03,51.36,1.86,27.97
2005-05-13,17.75,0.06,58.94,2.56,25.32
2005-05-14,18.8,2.23,64.61,2.11,18.59
2005-05-15,15.85,5.8,76.66,2.36,11.56
2005-05-16,13.59,2.11,62.66,2.52,16.09
2005-05-17,12.2,0.03,53.31,3.36,23.73
2005-05-18,13.14,2.33,63.61,3.23,13.34
2005-05-19,13.74,1.03,58.34,3.34,25.81
2005-05-20,11.14,2.75,70.3,1.95,17.5
2005-05-21,11.75,2.02,61.75,1.93,18.56
2005-05-22,13.16,3.96,56.83,3.2,27.71
2005-05-23,12.25,0.02,48.29,1.71,29.59
2005-05-24,15.91,0.0,39.5,1.11,29.29
2005-05-25,17.34,0.0,37.77,2.59,31.08
2005-05-26,19.83,0.0,36.81,3.97,31.28
2005-05-27,21.91,0.0,40.89,2.93,30.65
2005-05-28,23.85,0.0,36.16,2.89,31.21
2005-05-29,23.55,0.0,41.9,3.38,29.71
2005-05-30,21.7,0.01,49.13,2.19,29.93
2005-05-31,17.79,0.39,51.09,4.0,19.62
2005-06-01,16.6,0.05,46.69,3.13,24.29
2005-06-02,16.31,0.14,53.6,2.49,14.41
2005-06-03,17.61,0.0,48.45,3.47,27.76
2005-06-04,16.12,0.0,46.5,2.49,29.9
2005-06-05,12.46,5.83,60.25,3.2,12.28
2005-06-06,12.43,0.3,55.83,2.88,25.91
2005-06-07,13.28,0.67,54.81,3.03,17.13
2005-06-08,15.2,0.06,52.93,1.69,19.82
2005-06-09,18.52,0.0,41.12,2.15,24.51
2005-06-10,18.64,0.0,46.54,2.98,29.07
2005-06-11,17.22,0.04,48.52,3.74,26.74
2005-06-12,14.8,0.05,44.08,2.71,25.39
2005-06-13,16.45,0.12,44.57,3.3,27.79
2005-06-14,15.85,1.49,49.15,1.82,14.69
2005-06-15,16.36,0.0,42.0,2.17,30.99
2005-06-16,19.16,0.0,43.08,2.76,21.72
2005-06-17,17.9,0.61,49.56,3.26,18.16
2005-06-18,17.26,0.2,53.02,2.66,25.3
2005-06-19,20.58,0.0,40.31,1.12,29.44
2005-06-20,24.26,0.0,35.82,2.98,31.61
2005-06-21,25.84,0.04,40.75,4.35,25.85
2005-06-22,20.92,0.05,47.69,3.75,27.74
2005-06-23,20.15,0.0,39.25,1.19,30.45
2005-06-24,23.24,0.01,28.56,1.19,22.95
2005-06-25,22.48,0.0,40.1,2.2,27.28
2005-06-26,22.06,0.01,39.5,3.06,26.34
2005-06-27,16.86,3.53,64.39,2.44,10.11
2005-06-28,17.71,1.89,63.15,1.51,16.64
2005-06-29,21.43,0.0,49.52,1.96,29.45
2005-06-30,24.58,0.0,41.23,2.92,29.03
2005-07-01,21.76,0.0,42.85,3.66,31.03
2005-07-02,19.25,0.0,45.31,3.74,27.72
2005-07-03,19.53,0.0,43.31,1.51,30.29
2005-07-04,23.97,0.0,33.23,1.8,29.18
2005-07-05,25.61,0.0,37.47,2.95,27.39
2005-07-06,24.07,0.04,44.9,4.53,23.17
2005-07-07,21.49,0.0,38.82,2.21,30.55
2005-07-08,20.75,3.29,52.34,4.36,21.38
2005-07-09,18.35,0.43,61.37,2.8,21.62
2005-07-10,20.18,0.19,49.86,2.92,18.17
2005-07-11,22.94,0.0,46.65,2.47,28.23
2005-07-12,23.1,0.0,43.62,2.86,30.79
2005-07-13,21.32,0.0,43.44,2.54,30.82
2005-07-14,23.58,0.0,39.43,1.26,29.6
2005-07-15,25.92,0.01,32.83,2.96,21.15
2005-07-16,22.16,0.05,44.13,3.16,25.94
2005-07-17,23.86,0.0,35.89,1.61,30.2
2005-07-18,26.86,0.0,35.13,2.52,30.28
2005-07-19,25.36,0.0,39.95,2.45,30.34
2005-07-20,24.3,0.0,38.87,2.17,29.68
2005-07-21,27.74,0.0,30.86,1.29,29.52
2005-07-22,25.26,2.42,41.95,3.7,12.34
2005-07-23,22.64,0.0,40.59,2.09,29.84
2005-07-24,22.32,0.03,35.84,2.56,29.97
2005-07-25,23.76,0.0,27.96,3.16,29.78
2005-07-26,25.77,0.0,28.29,1.52,29.39
2005-07-27,28.41,0.0,23.35,1.46,29.24
2005-07-28,28.76,0.0,25.66,2.34,28.56
2005-07-29,26.62,0.0,36.17,2.52,28.97
2005-07-30,26.96,0.0,31.44,1.99,28.67
2005-07-31,27.21,0.0,36.74,1.75,28.64
2005-08-01,24.93,0.0,40.27,3.75,17.88
2005-08-02,22.26,0.0,30.26,1.87,28.85
2005-08-03,24.26,0.0,24.33,2.26,28.67
2005-08-04,26.82,0.0,24.0,1.73,27.99
2005-08-05,29.01,0.0,20.21,1.64,27.86
2005-08-06,26.58,0.0,36.47,1.93,27.52
2005-08-07,26.14,0.0,36.6,1.55,27.42
2005-08-08,26.87,0.0,34.1,1.57,27.1
2005-08-09,26.71,0.0,34.82,1.96,26.72
2005-08-10,23.96,0.0,43.35,2.69,26.84
2005-08-11,22.61,0.0,37.89,2.88,26.43
2005-08-12,21.13,0.0,41.61,3.41,23.37
2005-08-13,20.67,0.02,32.17,3.51,26.76
2005-08-14,23.7,0.0,27.16,1.63,25.78
2005-08-15,25.19,0.0,24.39,1.51,23.73
2005-08-16,25.09,0.0,32.48,2.54,22.77
2005-08-17,20.47,3.15,53.73,2.39,13.59
2005-08-18,21.37,0.01,35.36,1.72,25.46
2005-08-19,22.15,0.03,25.16,1.51,24.57
2005-08-20,24.54,0.0,26.98,1.53,25.03
2005-08-21,27.0,0.0,30.82,1.85,24.12
2005-08-22,23.12,0.0,41.28,2.36,17.83
2005-08-23,19.56,0.01,39.29,3.34,21.95
2005-08-24,20.64,0.0,35.41,1.52,24.85
2005-08-25,22.97,0.0,24.96,0.98,24.97
2005-08-26,24.47,0.0,25.62,1.73,24.1
2005-08-27,21.79,0.0,40.24,1.89,24.0
2005-08-28,23.59,0.0,39.76,2.05,23.76
2005-08-29,19.15,0.03,45.31,4.76,21.65
2005-08-30,17.76,0.0,50.81,2.42,22.07
2005-08-31,19.74,0.0,45.97,1.33,22.95
2005-09-01,21.89,0.0,35.4,1.36,20.62
2005-09-02,20.84,0.14,38.18,1.73,15.16
2005-09-03,18.55,0.0,47.45,2.47,18.21
2005-09-04,15.62,0.0,46.75,2.64,18.92
2005-09-05,16.89,0.0,44.75,1.24,20.91
2005-09-06,18.7,0.0,31.82,1.93,21.44
2005-09-07,21.29,0.0,28.05,1.47,21.63
2005-09-08,21.34,0.0,35.65,1.84,20.45
2005-09-09,16.64,0.6,49.47,3.9,14.93
2005-09-10,12.09,2.15,70.6,1.77,12.61
2005-09-11,13.66,0.21,60.72,1.71,12.57
2005-09-12,15.76,0.19,56.31,1.3,12.99
2005-09-13,16.54,0.01,58.56,1.54,19.42
2005-09-14,17.15,0.0,54.4,1.54,18.71
2005-09-15,16.38,0.0,53.09,2.32,18.54
2005-09-16,14.57,0.12,57.87,1.61,11.27
2005-09-17,14.98,0.07,58.61,1.58,14.05
2005-09-18,15.57,0.0,49.71,2.01,19.08
2005-09-19,16.89,0.0,44.34,2.31,18.93
2005-09-20,15.47,0.0,48.48,2.23,19.18
2005-09-21,15.51,0.0,31.43,2.31,18.99
2005-09-22,13.6,0.01,37.34,2.17,17.49
2005-09-23,13.58,0.0,35.56,3.29,18.24
2005-09-24,12.48,0.0,36.15,2.35,18.42
2005-09-25,13.53,0.0,41.12,1.92,17.64
2005-09-26,16.31,0.0,32.54,1.92,16.48
2005-09-27,15.3,0.0,44.33,2.52,17.73
2005-09-28,15.24,0.0,37.86,2.56,17.5
2005-09-29,16.99,1.99,58.47,4.79,6.99
2005-09-30,16.33,17.87,84.97,3.57,4.32
2005-10-01,10.02,6.8,83.47,3.36,7.97
2005-10-02,9.52,0.15,71.01,1.96,10.0
2005-10-03,8.5,3.88,78.51,0.98,8.0
2005-10-04,8.87,0.26,72.52,1.04,10.97
2005-10-05,11.04,0.03,55.09,2.73,12.25
2005-10-06,13.24,1.15,46.6,1.87,8.28
2005-10-07,11.89,0.26,67.71,2.49,8.66
2005-10-08,10.36,0.1,65.66,1.29,12.65
2005-10-09,10.15,0.06,71.1,1.42,13.75
2005-10-10,11.46,0.06,61.34,1.74,12.13
2005-10-11,13.22,0.04,63.36,0.98,14.21
2005-10-12,12.89,0.06,61.66,2.0,7.86
2005-10-13,12.22,0.23,69.68,2.53,7.96
2005-10-14,15.01,0.0,56.31,2.39,12.67
2005-10-15,13.31,0.0,62.4,2.55,12.75
2005-10-16,13.07,0.0,71.8,3.48,7.0
2005-10-17,14.33,0.0,73.38,3.12,9.74
2005-10-18,14.22,0.01,70.58,2.16,11.54
2005-10-19,12.22,5.81,73.36,3.31,4.32
2005-10-20,13.1,0.06,69.42,2.02,10.89
2005-10-21,12.64,0.0,64.86,2.45,11.57
2005-10-22,11.81,0.0,58.77,2.35,11.73
2005-10-23,11.63,0.0,63.96,0.91,8.93
2005-10-24,11.74,0.0,71.32,1.36,10.52
2005-10-25,11.18,0.36,76.02,1.81,10.05
2005-10-26,8.47,0.38,73.9,2.28,5.22
2005-10-27,6.86,0.68,71.78,1.9,7.76
2005-10-28,7.2,2.53,75.64,2.95,4.51
2005-10-29,6.0,0.09,78.79,2.25,9.02
2005-10-30,6.49,0.12,77.73,1.59,9.24
2005-10-31,8.32,10.05,82.28,3.24,5.88
2005-11-01,7.31,4.57,90.93,2.92,2.7
2005-11-02,5.01,0.03,82.9,1.17,7.66
2005-11-03,5.05,5.4,85.57,4.55,2.3
2005-11-04,4.72,1.61,84.21,4.62,7.05
2005-11-05,4.03,3.78,83.89,4.71,3.64
2005-11-06,4.59,0.31,76.07,3.1,9.37
2005-11-07,2.65,1.06,87.32,1.52,2.99
2005-11-08,1.11,0.08,79.12,1.74,6.31
2005-11-09,1.91,0.0,58.6,1.5,5.9
2005-11-10,4.87,0.4,85.05,2.5,7.76
2005-11-11,4.26,1.64,78.39,3.37,8.2
2005-11-12,3.92,0.45,79.47,2.76,6.28
2005-11-13,5.52,6.44,82.77,3.97,3.46
2005-11-14,2.29,0.01,64.56,2.71,7.86
2005-11-15,0.56,0.08,57.41,1.09,3.88
2005-11-16,2.07,0.06,63.61,0.96,6.92
2005-11-17,1.59,0.0,85.17,1.42,7.11
2005-11-18,0.03,0.01,91.11,1.19,3.54
2005-11-19,2.14,0.12,85.98,2.37,2.91
2005-11-20,0.48,0.06,90.3,1.64,1.92
2005-11-21,1.14,0.13,89.61,1.92,2.02
2005-11-22,0.95,0.13,89.16,2.29,1.97
2005-11-23,0.52,0.25,89.07,1.86,2.52
2005-11-24,-0.07,0.29,90.64,1.65,2.11
2005-11-25,0.74,7.08,91.19,2.07,1.5
2005-11-26,-1.08,0.07,84.25,3.17,5.26
2005-11-27,-1.96,0.05,80.73,0.83,5.26
2005-11-28,-1.25,0.24,77.58,3.34,4.18
2005-11-29,-0.51,2.78,90.7,3.52,2.5
2005-11-30,-1.42,0.32,91.45,1.54,3.72
2005-12-01,-2.15,2.32,88.12,3.9,1.78
2005-12-02,-2.41,3.22,84.99,1.19,2.29
2005-12-03,-4.26,0.62,81.24,1.48,3.76
2005-12-04,-5.36,0.05,91.94,1.31,2.28
2005-12-05,-3.91,0.02,90.62,1.9,2.13
2005-12-06,-6.08,0.0,69.28,2.83,3.49
2005-12-07,-9.66,0.0,71.51,4.46,3.95
2005-12-08,-8.42,0.0,72.61,2.61,5.68
2005-12-09,-5.71,0.0,82.77,1.46,3.59
2005-12-10,-4.56,0.03,90.44,1.41,4.68
2005-12-11,-5.04,0.03,91.07,2.06,5.57
2005-12-12,-5.28,0.05,92.2,1.43,3.61
2005-12-13,-5.21,0.08,93.55,1.26,3.28
2005-12-14,-4.95,0.02,86.01,2.66,2.87
2005-12-15,-7.52,0.0,87.65,2.7,2.85
2005-12-16,-9.21,0.01,87.14,2.73,2.1
2005-12-17,-9.99,0.0,74.94,4.41,5.58
2005-12-18,-10.66,0.01,76.12,5.03,5.87
2005-12-19,-5.07,1.58,90.91,3.25,2.75
2005-12-20,-0.06,0.93,97.65,2.44,1.53
2005-12-21,1.95,6.71,95.89,1.77,1.65
2005-12-22,2.11,5.42,99.65,2.39,2.4
2005-12-23,1.95,1.39,98.08,2.12,1.55
2005-12-24,3.8,0.16,92.63,1.55,3.02
2005-12-25,2.85,0.47,96.02,2.06,2.12
2005-12-26,2.8,3.56,98.88,2.52,1.59
2005-12-27,2.54,4.26,95.69,2.43,1.33
2005-12-28,3.57,10.95,96.96,3.85,0.96
2005-12-29,1.19,1.21,94.43,1.98,4.36
2005-12-30,2.34,13.91,96.45,2.66,0.78
2005-12-31,2.59,10.79,95.67,2.34,2.52
2006-01-01,2.24,1.28,89.45,3.23,2.35
2006-01-02,1.78,1.29,93.1,1.73,2.43
2006-01-03,0.94,2.74,94.26,2.39,2.69
2006-01-04,1.48,0.16,88.12,2.4,3.45
2006-01-05,2.6,0.08,84.39,2.07,2.98
2006-01-06,2.65,4.43,92.05,1.14,1.95
2006-01-07,2.92,6.55,95.88,3.06,2.19
2006-01-08,0.35,0.13,92.01,1.96,6.47
2006-01-09,2.77,7.59,88.28,4.65,2.31
2006-01-10,7.92,11.41,89.84,6.31,4.87
2006-01-11,4.19,0.21,87.09,5.78,5.32
2006-01-12,2.51,2.77,88.71,3.4,3.15
2006-01-13,5.77,8.7,93.9,2.25,2.0
2006-01-14,3.22,4.0,95.76,1.6,2.64
2006-01-15,-0.71,0.01,86.08,2.37,7.15
2006-01-16,0.12,4.72,91.67,2.71,1.52
2006-01-17,3.46,6.89,97.71,2.59,3.43
2006-01-18,2.38,0.66,90.88,1.09,3.36
2006-01-19,0.78,0.39,94.56,1.69,2.74
2006-01-20,1.74,2.15,87.69,4.19,6.33
2006-01-21,-0.03,0.05,86.13,0.87,5.37
2006-01-22,0.1,0.04,91.71,2.09,3.77
2006-01-23,1.92,0.01,90.3,2.06,2.86
2006-01-24,0.68,0.0,87.94,2.26,5.92
2006-01-25,0.75,0.32,80.26,2.06,5.94
2006-01-26,1.99,0.85,84.41,4.38,2.87
2006-01-27,1.95,0.47,84.34,3.78,7.47
2006-01-28,2.79,5.42,84.88,5.39,6.09
2006-01-29,2.5,5.47,90.16,4.35,2.37
2006-01-30,6.59,3.0,80.95,6.48,7.11
2006-01-31,2.44,3.13,84.5,4.43,3.42
2006-02-01,4.48,0.07,81.92,4.81,8.7
2006-02-02,5.17,3.49,86.06,3.37,7.97
2006-02-03,5.89,0.05,80.5,3.67,5.44
2006-02-04,6.04,2.34,67.31,7.26,4.37
2006-02-05,1.33,0.0,77.11,2.41,10.07
2006-02-06,1.83,0.0,71.13,2.05,7.14
2006-02-07,2.07,0.0,72.97,1.52,7.49
2006-02-08,2.04,0.11,84.22,1.83,5.22
2006-02-09,1.0,0.01,70.41,3.53,11.29
2006-02-10,0.1,0.0,65.51,4.69,11.44
2006-02-11,-0.22,0.0,67.95,2.75,10.87
2006-02-12,0.91,0.0,67.32,1.02,10.03
2006-02-13,-0.27,1.01,86.8,1.67,7.53
2006-02-14,-1.61,0.02,77.71,1.92,10.54
2006-02-15,-2.09,0.01,65.59,3.28,12.08
2006-02-16,-3.6,0.04,53.98,5.71,8.63
2006-02-17,-10.71,0.0,37.64,7.56,11.75
2006-02-18,-6.67,0.0,53.65,3.71,12.38
2006-02-19,-4.09,0.0,60.8,2.07,12.33
2006-02-20,-1.82,0.0,59.99,1.76,8.16
2006-02-21,0.72,0.01,76.44,2.33,10.38
2006-02-22,2.42,0.09,81.36,4.0,11.28
2006-02-23,3.65,0.18,77.58,5.25,9.27
2006-02-24,-0.63,0.0,54.54,1.78,13.8
2006-02-25,-0.12,0.01,66.41,2.86,7.67
2006-02-26,3.05,1.34,83.38,1.85,7.04
2006-02-27,6.01,6.02,92.58,2.49,5.68
2006-02-28,4.44,6.58,90.7,4.68,2.9
2006-03-01,5.08,0.04,72.73,2.75,11.53
2006-03-02,5.21,0.05,63.09,2.89,8.34
2006-03-03,3.63,0.05,76.19,3.72,13.77
2006-03-04,4.04,0.03,67.46,2.26,14.85
2006-03-05,3.4,0.77,77.12,3.8,4.54
2006-03-06,6.06,0.21,75.63,3.29,5.7
2006-03-07,4.41,0.27,75.48,2.53,12.69
2006-03-08,1.21,5.39,86.55,5.35,5.05
2006-03-09,1.1,0.55,66.49,5.14,10.91
2006-03-10,-0.09,0.39,76.49,1.51,9.68
2006-03-11,0.87,0.07,70.39,3.57,14.79
2006-03-12,1.21,0.0,60.82,3.01,15.74
2006-03-13,1.86,0.07,65.23,2.45,15.03
2006-03-14,2.43,1.06,76.46,1.63,11.68
2006-03-15,2.45,0.13,75.59,2.18,11.32
2006-03-16,4.65,3.86,75.89,3.07,6.95
2006-03-17,4.45,1.54,79.54,2.0,10.45
2006-03-18,3.5,0.27,72.09,1.63,13.22
2006-03-19,4.76,0.0,66.47,3.04,13.66
2006-03-20,5.7,0.0,60.53,1.98,16.98
2006-03-21,6.25,0.11,63.31,2.2,15.43
2006-03-22,7.13,0.04,67.19,1.96,10.93
2006-03-23,9.32,0.0,63.21,2.82,13.41
2006-03-24,10.16,1.94,58.84,3.23,15.21
2006-03-25,6.8,2.93,72.54,2.8,6.18
2006-03-26,4.32,0.01,65.12,3.33,16.64
2006-03-27,7.33,0.02,57.56,3.4,16.24
2006-03-28,8.79,0.35,68.43,1.94,13.05
2006-03-29,8.84,0.02,68.07,2.78,16.49
2006-03-30,8.45,0.24,69.67,1.99,15.59
2006-03-31,9.35,0.94,68.61,1.51,13.88
2006-04-01,4.2,5.01,86.77,2.67,6.18
2006-04-02,6.78,0.13,63.89,2.37,15.81
2006-04-03,10.01,3.48,71.21,3.04,9.03
2006-04-04,8.06,0.74,78.58,1.13,10.29
2006-04-05,8.54,3.63,81.0,3.8,7.87
2006-04-06,9.28,0.53,57.06,2.95,21.14
2006-04-07,8.75,0.03,62.74,2.24,13.45
2006-04-08,7.38,8.08,84.69,3.63,6.8
2006-04-09,8.98,0.85,68.97,1.8,13.07
2006-04-10,7.43,4.31,82.1,1.46,12.62
2006-04-11,9.49,0.35,64.47,1.05,16.36
2006-04-12,10.38,0.37,65.7,3.2,15.54
2006-04-13,9.96,0.62,67.85,2.33,11.42
2006-04-14,9.45,2.68,73.52,4.91,10.5
2006-04-15,5.29,2.61,79.23,3.67,11.73
2006-04-16,5.45,0.55,58.43,2.35,21.61
2006-04-17,6.69,0.02,52.61,1.86,22.64
2006-04-18,7.39,0.0,59.73,1.74,23.79
2006-04-19,10.3,0.0,50.66,1.91,24.06
2006-04-20,14.43,0.0,52.48,2.13,22.07
2006-04-21,11.26,0.08,56.65,3.25,14.65
2006-04-22,9.29,0.0,47.33,3.68,26.66
2006-04-23,11.65,0.0,44.63,5.65,27.06
2006-04-24,11.59,0.0,44.9,3.91,24.65
2006-04-25,13.36,0.01,50.49,1.8,23.05
2006-04-26,12.43,0.0,54.62,2.78,19.68
2006-04-27,13.15,0.0,58.23,1.58,24.32
2006-04-28,16.92,0.0,54.12,1.45,26.24
2006-04-29,16.78,1.89,55.49,3.26,21.51
2006-04-30,9.95,0.01,46.13,2.69,27.09
2006-05-01,9.31,0.09,45.56,3.95,25.71
2006-05-02,9.25,0.0,42.72,1.83,28.19
2006-05-03,11.6,0.0,43.94,3.08,27.36
2006-05-04,13.54,0.0,41.88,3.24,28.35
2006-05-05,14.55,0.0,42.98,1.75,25.35
2006-05-06,13.19,0.06,54.12,3.46,22.5
2006-05-07,10.17,1.44,67.34,3.72,13.35
2006-05-08,9.65,0.0,47.86,3.53,25.88
2006-05-09,10.21,0.0,46.73,1.45,28.49
2006-05-10,13.42,0.0,42.74,2.33,25.37
2006-05-11,14.88,0.04,51.96,2.54,13.47
2006-05-12,11.59,0.0,44.95,3.4,28.11
2006-05-13,13.58,0.0,37.93,1.08,29.02
2006-05-14,18.9,0.0,38.6,1.38,29.48
2006-05-15,22.72,0.0,44.35,2.96,26.24
2006-05-16,26.61,0.0,43.82,0.94,25.88
2006-05-17,26.58,0.0,43.46,1.42,28.83
2006-05-18,25.96,0.15,48.86,2.63,27.53
2006-05-19,22.7,8.42,67.01,2.1,21.65
2006-05-20,19.07,13.66,66.51,3.01,13.8
2006-05-21,17.53,1.44,66.38,1.76,12.54
2006-05-22,17.1,3.59,73.33,2.91,10.38
2006-05-23,16.24,1.9,59.0,1.72,22.9
2006-05-24,15.12,1.25,63.99,3.11,18.47
2006-05-25,13.58,0.55,61.19,2.16,21.96
2006-05-26,12.02,1.04,64.95,2.54,18.59
2006-05-27,11.79,1.35,64.81,1.7,19.2
2006-05-28,12.99,0.59,64.33,2.35,21.9
2006-05-29,14.38,0.01,56.79,2.83,27.53
2006-05-30,16.51,0.0,53.05,2.01,30.03
2006-05-31,20.39,0.0,46.23,2.74,25.33
2006-06-01,21.29,0.07,55.35,1.54,16.16
2006-06-02,16.84,7.81,80.33,2.5,11.11
2006-06-03,16.82,0.01,58.53,1.57,27.38
2006-06-04,16.7,10.5,70.41,2.75,13.84
2006-06-05,18.51,0.0,59.81,1.74,23.97
2006-06-06,21.18,0.0,53.16,1.44,24.95
2006-06-07,21.82,2.21,51.29,1.89,23.83
2006-06-08,18.13,0.52,54.57,3.3,27.9
2006-06-09,16.22,0.4,56.39,1.46,21.47
2006-06-10,16.44,2.27,62.66,1.64,18.17
2006-06-11,18.85,1.35,59.96,1.4,23.19
2006-06-12,19.34,1.61,64.99,2.21,17.03
2006-06-13,16.55,7.76,76.55,2.99,8.75
2006-06-14,16.89,0.57,60.91,3.11,18.39
2006-06-15,16.99,0.0,56.05,3.66,27.3
2006-06-16,17.62,0.3,58.26,3.96,24.09
2006-06-17,15.94,0.0,50.92,2.53,28.37
2006-06-18,18.51,0.0,44.9,1.72,29.92
2006-06-19,17.37,0.0,48.8,3.65,31.0
2006-06-20,16.7,0.0,47.27,1.74,31.04
2006-06-21,18.05,0.0,50.55,1.9,29.59
2006-06-22,18.3,0.0,47.69,2.15,31.13
2006-06-23,20.48,0.0,40.2,1.12,31.6
2006-06-24,23.33,0.0,36.33,1.52,31.12
2006-06-25,25.99,0.0,43.42,2.43,31.43
2006-06-26,27.96,0.0,41.85,2.33,30.07
2006-06-27,29.25,0.0,36.95,1.79,28.96
2006-06-28,23.16,0.0,42.82,2.24,25.48
2006-06-29,20.96,0.17,56.93,2.21,12.31
2006-06-30,25.51,0.0,46.75,1.4,28.94
2006-07-01,27.77,0.0,35.58,1.57,29.93
2006-07-02,27.72,0.01,40.78,1.35,29.09
2006-07-03,28.45,0.0,38.89,1.54,28.99
2006-07-04,28.77,0.23,42.25,1.69,27.39
2006-07-05,25.64,0.45,53.38,2.92,24.39
2006-07-06,22.04,0.85,51.0,3.24,20.15
2006-07-07,20.52,0.0,41.94,2.04,31.44
2006-07-08,25.57,0.0,28.31,1.33,30.82
2006-07-09,27.92,0.0,31.25,1.42,26.65
2006-07-10,24.4,0.0,42.78,3.61,29.07
2006-07-11,23.54,0.0,38.78,2.81,29.98
2006-07-12,21.49,0.71,47.47,4.09,20.31
2006-07-13,21.41,0.0,47.88,2.57,29.73
2006-07-14,23.5,0.0,43.32,2.7,30.16
2006-07-15,23.1,0.0,40.77,2.79,30.31
2006-07-16,24.44,0.0,34.95,1.17,30.98
2006-07-17,22.49,0.0,42.36,3.58,30.42
2006-07-18,20.63,0.0,42.76,2.04,29.69
2006-07-19,23.55,0.0,40.89,1.41,25.58
2006-07-20,26.12,0.0,37.76,1.36,28.98
2006-07-21,29.52,0.0,38.45,2.6,29.12
2006-07-22,31.36,0.0,36.04,2.36,25.25
2006-07-23,31.98,0.0,33.88,2.04,27.96
2006-07-24,29.67,0.0,42.9,2.15,28.72
2006-07-25,27.04,0.0,41.42,2.72,28.63
2006-07-26,26.53,0.0,41.71,1.77,28.61
2006-07-27,27.11,0.0,43.99,2.57,28.43
2006-07-28,24.4,0.0,42.07,3.49,28.11
2006-07-29,20.68,0.0,39.37,3.59,28.77
2006-07-30,17.97,0.0,44.71,3.8,27.15
2006-07-31,18.64,0.0,44.32,1.66,28.44
2006-08-01,19.12,0.0,45.91,2.16,22.45
2006-08-02,20.44,0.0,41.77,1.69,28.18
2006-08-03,23.2,0.0,32.66,1.1,26.39
2006-08-04,22.3,0.0,41.14,2.3,26.39
2006-08-05,23.03,0.0,30.83,2.13,26.87
2006-08-06,25.93,0.0,26.45,1.42,26.13
2006-08-07,27.53,0.0,30.06,1.75,25.18
2006-08-08,24.85,0.03,39.85,3.15,20.76
2006-08-09,23.06,0.0,47.61,2.87,24.3
2006-08-10,21.78,0.28,47.47,2.35,18.92
2006-08-11,18.9,0.05,49.09,2.18,20.44
2006-08-12,21.03,0.0,41.94,1.93,25.09
2006-08-13,23.07,0.0,36.62,1.29,25.51
2006-08-14,24.69,0.0,33.37,1.61,25.36
2006-08-15,22.38,0.0,45.34,2.07,25.69
2006-08-16,21.0,0.0,45.03,3.19,23.66
2006-08-17,21.25,0.0,45.79,1.21,24.5
2006-08-18,24.0,0.0,38.39,1.92,24.83
2006-08-19,25.97,0.0,29.6,1.36,25.17
2006-08-20,26.35,0.0,27.91,1.51,24.4
2006-08-21,26.0,0.0,31.78,2.59,19.66
2006-08-22,23.28,0.0,44.19,3.5,23.47
2006-08-23,19.78,0.0,47.66,2.93,24.64
2006-08-24,16.93,0.0,56.6,1.98,19.76
2006-08-25,21.65,0.0,40.59,1.35,23.54
2006-08-26,23.34,0.0,38.79,1.18,22.86
2006-08-27,25.13,0.0,32.44,1.63,22.22
2006-08-28,26.41,0.0,30.73,1.63,22.5
2006-08-29,20.13,0.0,42.42,4.52,21.36
2006-08-30,15.27,0.11,49.39,3.83,18.23
2006-08-31,15.54,0.0,49.04,1.1,23.18
2006-09-01,18.42,0.0,32.46,3.4,23.33
2006-09-02,20.66,0.0,29.57,2.85,22.93
2006-09-03,24.37,0.0,25.95,2.0,20.78
2006-09-04,25.87,0.01,33.07,1.96,17.96
2006-09-05,25.02,0.0,35.54,0.75,17.39
2006-09-06,24.47,0.0,38.57,1.17,16.93
2006-09-07,21.65,0.0,47.2,0.95,17.34
2006-09-08,22.47,0.0,39.81,1.55,16.49
2006-09-09,18.28,0.0,45.8,3.28,21.2
2006-09-10,17.39,0.0,44.97,1.3,21.05
2006-09-11,20.69,0.0,35.49,1.63,19.77
2006-09-12,22.48,0.0,37.2,1.74,20.12
2006-09-13,16.07,0.0,51.95,3.15,7.53
2006-09-14,11.02,0.31,58.88,1.93,11.44
2006-09-15,11.23,1.14,58.42,1.45,12.07
2006-09-16,11.94,0.02,59.46,2.24,17.72
2006-09-17,13.24,0.01,55.22,1.7,18.11
2006-09-18,15.62,0.25,45.58,1.83,9.19
2006-09-19,13.36,0.83,68.65,1.63,11.9
2006-09-20,11.95,3.14,71.77,3.39,8.01
2006-09-21,13.15,0.32,60.1,3.09,15.4
2006-09-22,12.83,0.01,54.33,1.56,17.61
2006-09-23,14.82,0.0,52.36,1.16,15.86
2006-09-24,15.92,0.0,50.6,1.64,17.92
2006-09-25,17.6,0.0,45.72,1.38,17.89
2006-09-26,19.4,0.0,38.35,1.05,16.32
2006-09-27,20.27,0.0,45.52,1.54,16.81
2006-09-28,19.84,0.0,45.13,1.7,16.92
2006-09-29,19.04,0.0,44.78,1.55,17.15
2006-09-30,16.38,0.0,47.11,2.05,15.92
2006-10-01,13.93,0.0,54.31,1.49,14.41
2006-10-02,13.68,0.0,48.03,1.52,15.41
2006-10-03,15.79,0.36,47.63,2.01,10.82
2006-10-04,16.36,0.73,49.82,2.97,9.39
2006-10-05,14.24,0.0,63.93,1.55,13.83
2006-10-06,13.85,0.0,59.45,1.58,10.66
2006-10-07,11.87,0.0,41.07,3.07,15.35
2006-10-08,10.1,0.48,54.28,1.93,7.44
2006-10-09,9.31,0.0,45.4,3.5,15.33
2006-10-10,11.16,0.0,42.08,1.19,13.08
2006-10-11,11.98,0.0,41.7,1.16,14.64
2006-10-12,13.42,0.0,42.17,1.1,14.14
2006-10-13,13.7,0.0,45.52,1.55,12.16
2006-10-14,12.55,0.03,58.78,1.63,12.34
2006-10-15,10.59,7.34,82.38,3.62,5.44
2006-10-16,8.64,1.42,79.35,2.25,4.77
2006-10-17,9.17,0.06,61.76,2.46,10.43
2006-10-18,9.89,0.13,66.62,2.33,8.56
2006-10-19,12.2,2.16,78.5,3.42,8.16
2006-10-20,9.89,0.0,58.04,2.61,12.52
2006-10-21,8.1,0.0,55.82,2.5,12.42
2006-10-22,8.27,0.0,51.46,2.51,11.81
2006-10-23,9.1,0.0,51.89,0.86,11.65
2006-10-24,7.63,0.04,65.58,3.04,9.2
2006-10-25,5.96,0.0,64.75,1.9,11.12
2006-10-26,6.3,0.0,73.56,2.28,7.46
2006-10-27,8.13,0.0,78.14,1.95,6.38
2006-10-28,7.86,0.0,66.28,1.51,10.35
2006-10-29,5.26,0.02,62.44,4.41,7.82
2006-10-30,0.4,0.0,42.82,1.91,10.9
2006-10-31,-0.87,0.0,45.92,1.47,10.95
2006-11-01,0.52,0.0,45.91,3.47,8.98
2006-11-02,1.53,6.82,74.43,2.64,2.77
2006-11-03,6.57,2.7,92.06,3.21,3.74
2006-11-04,10.33,5.4,84.11,5.07,3.13
2006-11-05,10.17,4.68,87.66,3.46,3.05
2006-11-06,15.74,17.17,86.9,7.56,3.05
2006-11-07,12.96,9.08,87.82,4.73,1.96
2006-11-08,6.38,0.21,78.89,2.66,9.25
2006-11-09,4.67,2.92,80.27,2.39,6.78
2006-11-10,4.69,6.01,75.5,3.58,2.22
2006-11-11,4.55,0.32,80.49,4.12,8.32
2006-11-12,4.51,5.23,76.28,5.51,5.33
2006-11-13,6.17,3.11,76.74,5.83,5.18
2006-11-14,2.86,0.0,75.5,2.64,5.26
2006-11-15,7.94,2.52,60.88,5.59,1.95
2006-11-16,4.4,0.1,71.64,2.55,8.47
2006-11-17,2.97,0.0,73.75,0.98,7.06
2006-11-18,2.75,0.0,80.74,2.24,6.32
2006-11-19,6.62,5.0,86.08,3.36,2.07
2006-11-20,5.55,0.51,86.42,2.62,5.29
2006-11-21,3.85,0.3,83.63,3.4,2.95
2006-11-22,4.24,4.64,83.99,3.43,3.95
2006-11-23,3.37,3.56,84.87,6.38,3.99
2006-11-24,3.07,1.26,79.93,3.28,6.34
2006-11-25,0.59,0.26,77.65,2.13,6.27
2006-11-26,0.68,5.79,87.47,4.68,1.05
2006-11-27,-1.05,0.52,78.7,3.24,4.49
2006-11-28,-6.93,0.75,57.66,4.04,5.23
2006-11-29,-8.1,0.06,56.99,1.36,2.51
2006-11-30,-4.41,1.11,80.53,1.3,3.38
2006-12-01,-3.71,0.09,92.83,1.04,4.06
2006-12-02,-5.14,0.01,84.15,2.65,5.12
2006-12-03,-4.53,0.0,80.97,2.27,3.06
2006-12-04,-2.44,0.01,76.41,1.67,2.15
2006-12-05,-0.92,0.07,94.31,1.01,3.23
2006-12-06,-0.34,0.02,87.85,2.47,5.0
2006-12-07,-0.43,0.0,89.3,2.39,2.72
2006-12-08,0.21,0.01,91.2,2.47,1.56
2006-12-09,0.72,0.84,95.18,1.76,1.92
2006-12-10,0.55,2.92,97.87,2.65,1.61
2006-12-11,2.63,3.97,91.44,3.7,1.37
2006-12-12,2.26,1.28,96.46,3.45,4.75
2006-12-13,5.64,7.3,83.9,5.87,5.34
2006-12-14,4.19,11.22,93.25,4.36,0.95
2006-12-15,2.44,0.24,72.63,7.46,3.59
2006-12-16,-2.09,0.03,80.83,2.38,4.45
2006-12-17,-2.94,0.0,73.11,1.11,5.69
2006-12-18,-2.57,0.0,69.35,0.99,3.22
2006-12-19,-3.11,0.0,71.22,1.07,3.93
2006-12-20,-3.01,0.0,73.57,1.61,2.49
2006-12-21,-0.01,1.51,90.48,1.77,2.5
2006-12-22,-0.39,0.43,90.76,1.6,2.04
2006-12-23,0.42,2.39,91.75,3.52,2.39
2006-12-24,0.45,1.85,87.08,3.34,1.61
2006-12-25,1.04,3.87,99.02,1.44,1.79
2006-12-26,1.92,8.91,98.54,1.94,1.02
2006-12-27,0.31,1.81,85.47,3.07,2.26
2006-12-28,-3.06,0.0,73.09,2.2,5.82
2006-12-29,-4.1,0.01,83.79,2.33,3.16
2006-12-30,-2.99,0.0,84.9,2.07,4.66
2006-12-31,-3.46,0.01,88.67,1.08,3.09
2007-01-01,-2.68,0.71,90.19,1.61,1.11
2007-01-02,2.92,3.11,90.15,4.47,2.14
2007-01-03,2.15,4.21,98.38,3.38,3.54
2007-01-04,-0.2,2.28,90.68,3.26,3.12
2007-01-05,-0.99,1.23,85.88,5.3,2.36
2007-01-06,1.67,0.14,76.28,5.69,5.64
2007-01-07,3.18,0.76,88.22,6.02,3.39
2007-01-08,1.76,0.01,84.83,1.65,4.45
2007-01-09,3.18,0.13,86.13,4.48,3.1
2007-01-10,-1.74,0.25,74.27,2.91,4.98
2007-01-11,-5.46,0.17,49.29,5.94,5.98
2007-01-12,-9.3,0.0,64.55,1.68,5.94
2007-01-13,-8.55,0.11,64.71,0.86,3.51
2007-01-14,-8.93,0.0,74.06,1.47,6.86
2007-01-15,-8.16,0.01,75.55,2.28,6.04
2007-01-16,-6.99,0.53,86.4,1.25,2.98
2007-01-17,-7.66,0.08,88.72,0.98,2.61
2007-01-18,-4.95,0.89,92.49,1.19,1.67
2007-01-19,-1.7,0.36,90.04,1.82,2.37
2007-01-20,-0.78,0.49,90.51,2.07,3.93
2007-01-21,-2.36,0.08,90.51,1.36,2.97
2007-01-22,-0.58,0.15,86.34,1.55,3.45
2007-01-23,1.57,1.27,84.45,1.69,3.52
2007-01-24,0.54,0.01,83.47,2.07,5.72
2007-01-25,-0.17,0.0,86.69,1.34,4.81
2007-01-26,-1.76,0.0,86.32,3.14,5.28
2007-01-27,-3.02,0.0,78.17,3.2,8.13
2007-01-28,-3.5,0.0,84.42,2.22,3.98
2007-01-29,-4.8,0.06,87.72,1.98,2.67
2007-01-30,-4.68,0.0,82.91,2.29,6.08
2007-01-31,-4.98,0.01,87.46,2.24,2.68
2007-02-01,-4.05,0.0,75.67,1.37,5.54
2007-02-02,-4.23,0.0,78.23,1.25,5.53
2007-02-03,-2.68,1.62,77.96,0.84,4.65
2007-02-04,0.56,1.62,98.7,1.06,2.33
2007-02-05,2.15,0.22,98.25,0.93,3.56
2007-02-06,1.27,0.19,96.41,1.28,4.09
2007-02-07,1.99,0.24,91.42,2.38,4.31
2007-02-08,2.55,2.29,91.33,1.71,3.24
2007-02-09,1.74,3.28,92.97,2.08,3.8
2007-02-10,2.93,1.17,86.98,3.47,4.78
2007-02-11,2.13,4.26,95.76,2.03,4.16
2007-02-12,2.35,0.21,83.32,1.48,5.46
2007-02-13,1.55,0.04,72.17,1.68,5.22
2007-02-14,0.95,1.98,95.17,2.12,3.14
2007-02-15,5.16,2.95,89.94,4.13,4.56
2007-02-16,4.89,0.0,73.72,2.07,10.26
2007-02-17,5.31,0.06,85.03,2.04,10.46
2007-02-18,4.51,0.24,74.46,4.45,11.54
2007-02-19,2.06,1.71,90.72,5.29,5.41
2007-02-20,3.64,0.62,70.69,5.71,10.47
2007-02-21,1.33,0.06,75.47,2.75,12.35
2007-02-22,1.65,0.85,78.37,2.3,5.93
2007-02-23,0.39,0.16,75.58,1.91,9.02
2007-02-24,0.14,7.12,91.42,3.15,3.09
2007-02-25,2.25,0.46,87.27,2.04,5.56
2007-02-26,1.45,0.85,77.6,2.85,9.5
2007-02-27,0.8,0.41,76.62,2.02,7.22
2007-02-28,0.79,0.57,75.46,4.18,9.07
2007-03-01,-0.16,0.15,61.69,2.62,12.1
2007-03-02,-0.36,0.17,66.08,1.85,7.67
2007-03-03,1.7,0.13,87.08,1.25,5.67
2007-03-04,4.68,0.03,82.6,1.62,6.3
2007-03-05,5.6,0.07,83.25,1.78,8.73
2007-03-06,8.13,0.0,68.04,1.7,13.55
2007-03-07,6.27,0.91,81.46,2.59,7.18
2007-03-08,4.61,0.12,75.85,3.53,10.48
2007-03-09,5.97,0.05,70.09,2.0,14.45
2007-03-10,7.33,1.1,80.14,2.43,7.85
2007-03-11,12.71,0.52,80.78,4.41,8.63
2007-03-12,11.22,2.72,71.4,4.37,12.13
2007-03-13,5.82,0.01,57.26,2.52,15.6
2007-03-14,4.63,0.0,60.46,3.31,15.5
2007-03-15,4.14,0.01,57.3,1.04,11.39
2007-03-16,8.38,0.21,66.23,1.48,7.52
2007-03-17,10.95,0.3,75.05,1.93,15.76
2007-03-18,10.71,0.03,72.9,2.05,15.8
2007-03-19,11.06,1.77,68.88,3.28,13.47
2007-03-20,6.58,1.69,63.42,4.71,17.32
2007-03-21,3.47,0.0,61.12,2.25,18.16
2007-03-22,7.07,0.91,76.05,1.8,11.68
2007-03-23,8.23,0.19,75.63,2.7,10.38
2007-03-24,11.45,2.3,81.3,4.23,7.41
2007-03-25,8.54,3.59,65.63,3.32,15.41
2007-03-26,5.07,2.92,71.03,2.58,14.03
2007-03-27,5.08,4.76,74.55,3.8,11.68
2007-03-28,5.68,0.0,56.77,1.97,20.68
2007-03-29,8.27,0.0,53.97,2.2,19.19
2007-03-30,10.5,0.0,54.63,2.25,18.43
2007-03-31,7.46,0.94,75.87,2.49,11.3
2007-04-01,4.63,0.01,58.14,2.67,20.29
2007-04-02,3.7,0.01,56.05,2.59,15.93
2007-04-03,5.35,0.0,50.94,1.98,20.12
2007-04-04,7.43,0.53,71.27,2.09,10.87
2007-04-05,9.47,0.01,71.7,3.29,16.25
2007-04-06,13.48,0.0,57.42,4.11,21.14
2007-04-07,13.69,0.0,59.43,3.7,18.42
2007-04-08,12.28,0.7,62.51,3.08,17.4
2007-04-09,8.8,3.08,62.85,5.72,18.1
2007-04-10,6.07,0.02,56.38,3.93,22.2
2007-04-11,7.43,0.01,53.18,2.33,22.51
2007-04-12,8.55,0.01,63.63,2.38,22.28
2007-04-13,9.97,0.09,60.83,2.4,14.49
2007-04-14,8.01,5.68,76.66,1.99,10.01
2007-04-15,7.66,0.02,59.19,1.74,24.54
2007-04-16,8.61,0.36,59.92,2.96,12.05
2007-04-17,8.31,0.19,59.46,2.82,22.87
2007-04-18,8.32,0.01,51.78,4.08,22.28
2007-04-19,6.91,0.0,54.75,2.69,24.34
2007-04-20,8.88,0.0,44.34,1.8,21.14
2007-04-21,9.02,1.33,57.28,1.73,14.15
2007-04-22,9.19,1.52,75.07,0.92,15.3
2007-04-23,11.54,0.0,62.62,1.77,25.01
2007-04-24,12.62,0.01,61.38,3.07,19.37
2007-04-25,9.73,0.0,59.31,2.61,18.13
2007-04-26,10.52,0.0,63.97,2.16,16.41
2007-04-27,13.87,0.01,59.99,2.39,18.76
2007-04-28,14.26,0.0,58.16,1.94,18.89
2007-04-29,12.85,0.0,46.76,2.66,22.83
2007-04-30,12.4,0.0,47.64,1.41,22.47
2007-05-01,13.34,0.79,55.97,1.97,11.64
2007-05-02,10.66,3.67,64.76,3.34,12.75
2007-05-03,8.33,0.01,54.69,3.19,24.92
2007-05-04,8.57,0.19,55.43,2.81,22.51
2007-05-05,8.96,0.0,55.81,1.97,27.38
2007-05-06,12.84,0.0,56.82,1.57,22.57
2007-05-07,17.17,0.0,59.08,1.71,25.77
2007-05-08,19.9,0.01,50.96,3.08,27.62
2007-05-09,16.45,0.0,38.63,1.7,28.92
2007-05-10,18.56,0.0,33.79,1.36,27.95
2007-05-11,18.11,0.01,46.65,1.45,26.24
2007-05-12,19.18,0.62,44.53,2.61,23.64
2007-05-13,13.36,0.54,56.04,2.84,17.09
2007-05-14,15.02,0.0,49.61,1.98,28.4
2007-05-15,18.95,0.0,44.31,2.82,27.81
2007-05-16,18.71,0.0,48.74,2.79,21.87
2007-05-17,17.16,0.0,45.36,3.15,28.31
2007-05-18,17.09,0.52,50.22,2.2,26.79
2007-05-19,14.94,0.05,49.99,3.29,19.23
2007-05-20,11.27,1.7,59.49,2.43,17.81
2007-05-21,11.37,3.54,63.0,2.59,22.91
2007-05-22,14.44,0.6,50.77,1.81,27.83
2007-05-23,15.21,0.0,51.4,2.27,24.92
2007-05-24,16.29,0.0,48.33,2.64,27.34
2007-05-25,15.89,0.0,43.23,2.43,26.75
2007-05-26,18.7,0.0,42.04,1.67,24.4
2007-05-27,16.83,0.57,48.61,4.55,26.0
2007-05-28,14.25,1.06,49.11,2.32,27.61
2007-05-29,16.7,0.05,49.83,3.06,30.57
2007-05-30,20.37,0.0,42.41,2.16,30.64
2007-05-31,23.45,0.0,32.85,0.96,30.0
2007-06-01,24.9,0.0,34.61,1.32,29.98
2007-06-02,26.12,0.0,41.27,1.91,28.63
2007-06-03,27.45,0.0,44.96,1.55,26.19
2007-06-04,22.9,4.52,55.08,3.16,14.47
2007-06-05,15.65,13.49,62.21,3.8,13.09
2007-06-06,12.57,0.02,54.3,3.91,18.26
2007-06-07,14.61,0.11,52.69,2.47,22.64
2007-06-08,16.81,0.01,53.35,2.15,26.62
2007-06-09,15.6,1.46,66.61,3.58,12.43
2007-06-10,17.27,0.82,59.71,3.09,23.1
2007-06-11,14.51,0.01,45.53,3.28,31.26
2007-06-12,15.49,0.0,47.08,1.97,30.35
2007-06-13,17.1,1.49,53.82,3.39,24.02
2007-06-14,16.56,0.0,46.37,1.92,30.55
2007-06-15,18.0,0.06,48.13,1.75,15.31
2007-06-16,17.32,0.08,46.57,3.23,24.76
2007-06-17,15.81,0.06,52.35,4.12,23.64
2007-06-18,16.27,0.01,49.18,2.56,29.15
2007-06-19,19.79,0.0,41.31,1.28,29.25
2007-06-20,24.41,0.0,39.28,1.74,28.85
2007-06-21,22.19,0.0,44.11,3.03,29.31
2007-06-22,19.84,0.0,44.75,3.63,30.11
2007-06-23,16.49,0.0,43.26,2.66,27.18
2007-06-24,15.53,0.19,49.88,3.45,26.68
2007-06-25,14.82,0.01,41.71,2.9,31.55
2007-06-26,18.89,0.0,35.07,3.52,31.29
2007-06-27,22.45,0.0,39.66,1.64,20.48
2007-06-28,22.83,0.04,43.55,2.57,22.22
2007-06-29,18.27,1.76,57.6,3.31,14.87
2007-06-30,18.36,0.0,42.99,1.68,31.03
2007-07-01,22.48,0.0,37.69,1.4,26.76
2007-07-02,22.29,0.0,40.67,2.98,28.1
2007-07-03,24.56,0.0,40.66,1.66,29.72
2007-07-04,27.96,0.0,30.25,1.11,30.64
2007-07-05,30.74,0.0,30.56,1.61,30.39
2007-07-06,27.74,0.0,39.17,2.81,28.68
2007-07-07,24.89,0.0,35.35,2.61,30.64
2007-07-08,23.97,0.0,39.77,2.67,30.73
2007-07-09,26.15,0.0,36.52,2.43,30.58
2007-07-10,27.59,0.0,34.57,3.1,30.82
2007-07-11,29.37,0.0,33.45,2.81,30.24
2007-07-12,27.79,0.0,38.48,1.88,21.65
2007-07-13,28.62,0.17,38.75,2.1,18.85
2007-07-14,28.11,0.03,43.02,1.92,23.18
2007-07-15,27.16,0.0,40.41,2.97,23.28
2007-07-16,26.87,0.0,40.4,1.67,25.72
2007-07-17,25.96,0.22,43.45,2.48,15.51
2007-07-18,24.52,0.96,49.26,3.24,16.76
2007-07-19,21.79,4.67,53.66,2.99,25.88
2007-07-20,21.37,0.0,46.62,2.89,17.59
2007-07-21,22.79,0.0,50.44,2.36,23.28
2007-07-22,26.22,0.0,45.69,2.1,27.54
2007-07-23,27.71,0.02,44.86,2.64,26.87
2007-07-24,23.44,0.06,41.57,2.53,29.96
2007-07-25,25.29,0.21,32.77,0.82,29.64
2007-07-26,27.29,0.0,28.01,1.37,28.29
2007-07-27,25.46,0.0,41.29,2.47,29.06
2007-07-28,24.58,0.0,41.81,2.53,28.8
2007-07-29,23.76,0.0,44.8,3.18,28.58
2007-07-30,21.61,0.0,38.95,2.38,29.49
2007-07-31,23.05,0.0,37.68,1.42,28.77
2007-08-01,25.5,0.0,27.15,2.32,28.52
2007-08-02,27.9,0.0,26.98,1.87,26.95
2007-08-03,23.2,0.0,40.65,3.64,28.57
2007-08-04,20.29,0.0,44.91,1.77,24.96
2007-08-05,23.18,0.0,39.34,1.27,25.97
2007-08-06,23.02,0.0,47.54,2.37,25.63
2007-08-07,21.83,0.0,48.79,3.89,24.8
2007-08-08,21.06,0.0,49.34,3.0,24.85
2007-08-09,20.14,0.0,44.03,2.64,26.88
2007-08-10,18.88,0.0,42.33,2.59,26.85
2007-08-11,21.19,0.0,34.09,1.69,27.18
2007-08-12,20.34,0.0,43.25,2.6,24.45
2007-08-13,22.52,0.0,37.11,1.41,26.21
2007-08-14,25.14,0.0,32.11,1.59,26.28
2007-08-15,26.36,0.0,31.55,2.46,25.4
2007-08-16,24.5,0.0,36.4,3.82,25.21
2007-08-17,20.26,0.0,41.51,2.81,26.01
2007-08-18,19.8,0.02,46.98,2.32,20.5
2007-08-19,15.28,8.11,68.29,2.27,7.58
2007-08-20,16.17,1.2,67.35,2.31,12.03
2007-08-21,19.35,0.02,57.65,1.31,21.2
2007-08-22,21.77,0.0,43.48,1.0,18.7
2007-08-23,23.42,0.0,39.54,1.46,22.47
2007-08-24,24.39,0.0,35.72,1.73,23.58
2007-08-25,20.91,0.0,48.6,3.2,23.72
2007-08-26,17.3,0.0,49.56,3.3,19.17
2007-08-27,17.36,0.0,44.11,1.18,22.93
2007-08-28,20.13,0.0,34.75,1.04,23.52
2007-08-29,22.63,0.0,33.81,2.42,23.67
2007-08-30,25.24,0.05,36.03,1.68,18.9
2007-08-31,24.13,0.41,49.62,3.03,17.11
2007-09-01,20.67,0.0,46.13,1.02,22.43
2007-09-02,22.16,0.0,41.88,2.21,20.78
2007-09-03,22.94,0.01,46.69,1.41,21.46
2007-09-04,21.61,0.77,53.02,3.29,18.7
2007-09-05,21.35,0.0,49.28,2.94,21.64
2007-09-06,19.66,0.0,47.52,2.5,22.26
2007-09-07,16.8,0.0,43.81,3.15,21.33
2007-09-08,17.27,0.0,37.57,2.87,22.04
2007-09-09,18.37,0.0,31.83,2.53,21.73
2007-09-10,20.95,0.0,27.87,1.57,21.33
2007-09-11,20.92,0.0,30.74,1.7,21.06
2007-09-12,20.31,0.0,43.75,1.44,20.71
2007-09-13,20.46,0.0,37.59,3.0,20.03
2007-09-14,19.57,0.0,33.79,2.41,18.89
2007-09-15,17.88,0.0,57.49,1.86,17.98
2007-09-16,16.43,0.0,53.29,3.41,16.92
2007-09-17,15.58,0.0,53.78,2.87,17.68
2007-09-18,13.78,0.01,52.99,1.54,13.46
2007-09-19,14.05,0.0,46.72,3.02,17.43
2007-09-20,13.96,0.01,49.82,2.59,11.09
2007-09-21,13.53,0.0,56.17,1.9,18.38
2007-09-22,14.07,0.0,48.68,2.78,15.38
2007-09-23,12.72,0.0,46.03,3.73,18.62
2007-09-24,12.12,0.0,50.74,1.91,17.73
2007-09-25,13.94,0.0,51.39,2.48,17.37
2007-09-26,14.14,0.0,58.02,1.55,17.22
2007-09-27,16.2,0.0,45.34,1.95,12.77
2007-09-28,10.18,3.41,63.44,2.83,6.54
2007-09-29,8.63,0.01,60.91,2.78,14.16
2007-09-30,8.89,7.69,68.51,2.67,4.95
2007-10-01,11.16,0.49,69.62,3.58,14.21
2007-10-02,10.59,5.93,81.68,5.22,5.99
2007-10-03,9.94,0.24,66.83,4.02,13.8
2007-10-04,6.62,0.57,81.8,1.46,10.84
2007-10-05,7.68,0.01,63.17,2.47,14.88
2007-10-06,8.55,0.01,63.67,2.44,13.99
2007-10-07,12.9,0.04,70.78,3.76,12.46
2007-10-08,12.07,0.03,67.43,1.99,11.31
2007-10-09,15.92,0.0,50.32,3.2,12.56
2007-10-10,11.94,0.39,65.92,3.05,5.13
2007-10-11,10.34,0.01,70.05,1.78,11.77
2007-10-12,11.5,0.04,59.25,2.27,7.12
2007-10-13,11.26,0.0,61.87,1.09,13.44
2007-10-14,11.99,0.0,60.69,1.78,12.74
2007-10-15,11.25,0.37,63.25,1.97,10.38
2007-10-16,9.65,1.22,74.52,3.7,9.01
2007-10-17,6.25,0.33,78.76,2.5,9.13
2007-10-18,9.6,3.56,77.54,4.7,3.75
2007-10-19,10.66,3.57,75.49,4.79,11.87
2007-10-20,6.26,0.37,79.46,2.81,9.31
2007-10-21,6.19,0.05,79.38,1.77,4.69
2007-10-22,9.76,0.02,66.33,2.2,7.13
2007-10-23,12.55,0.01,57.34,1.66,11.7
2007-10-24,12.18,0.0,64.57,3.29,8.86
2007-10-25,6.92,0.0,53.39,2.83,12.0
2007-10-26,4.32,0.0,49.29,2.98,12.05
2007-10-27,5.27,0.0,47.83,2.16,10.54
2007-10-28,6.97,0.0,56.69,1.24,9.89
2007-10-29,8.12,0.05,64.98,1.08,5.52
2007-10-30,5.94,0.0,61.44,1.84,11.24
2007-10-31,4.37,0.0,68.37,1.23,7.29
2007-11-01,4.96,0.0,58.79,1.51,10.57
2007-11-02,2.68,0.0,62.99,1.36,8.06
2007-11-03,5.51,0.0,70.03,2.06,7.0
2007-11-04,8.45,0.03,74.65,3.02,8.49
2007-11-05,5.72,0.0,67.47,2.67,9.78
2007-11-06,6.67,0.13,81.57,1.21,5.54
2007-11-07,7.35,0.94,72.7,0.92,5.58
2007-11-08,7.07,0.21,66.33,1.29,4.43
2007-11-09,7.49,0.02,77.8,1.81,4.44
2007-11-10,7.51,4.0,68.12,3.48,8.03
2007-11-11,4.14,0.0,68.06,2.91,7.44
2007-11-12,7.44,1.34,57.07,6.06,2.51
2007-11-13,3.87,0.0,65.57,3.15,8.84
2007-11-14,2.77,0.04,58.24,2.88,4.12
2007-11-15,7.06,1.65,76.26,2.4,3.64
2007-11-16,8.15,3.1,95.02,3.46,5.7
2007-11-17,7.77,8.2,91.42,2.63,2.7
2007-11-18,3.33,4.54,80.18,2.31,1.98
2007-11-19,1.97,1.87,79.33,1.29,5.14
2007-11-20,1.17,0.15,78.72,0.77,7.19
2007-11-21,-1.49,0.01,81.2,1.97,4.94
2007-11-22,-2.5,0.0,68.96,2.08,6.74
2007-11-23,-2.89,0.0,68.31,1.82,1.7
2007-11-24,-2.95,0.0,71.07,1.02,1.88
2007-11-25,-3.94,0.0,83.71,1.23,2.37
2007-11-26,-3.45,2.88,87.75,1.95,1.2
2007-11-27,-1.14,0.9,87.48,2.29,5.39
2007-11-28,-1.67,1.51,95.51,1.65,2.54
2007-11-29,-1.35,1.21,85.6,1.88,3.47
2007-11-30,-4.54,0.1,68.85,2.63,3.62
2007-12-01,-5.14,0.87,83.97,2.76,2.04
2007-12-02,1.48,8.45,88.34,6.54,1.52
2007-12-03,6.17,11.6,90.4,6.23,1.35
2007-12-04,6.88,0.14,90.41,4.0,6.05
2007-12-05,1.87,0.09,95.81,1.1,4.42
2007-12-06,0.58,1.12,93.53,2.81,3.39
2007-12-07,-1.2,0.04,70.64,3.38,6.31
2007-12-08,-2.54,0.04,61.14,3.14,6.55
2007-12-09,-3.1,0.32,67.59,1.2,2.68
2007-12-10,-3.73,0.13,78.34,1.22,4.79
2007-12-11,-4.67,0.3,82.78,1.48,1.22
2007-12-12,-3.18,0.1,88.4,0.88,2.5
2007-12-13,-2.24,0.28,92.26,1.1,1.69
2007-12-14,-1.09,0.75,85.73,2.09,2.2
2007-12-15,0.41,0.95,89.82,3.9,3.3
2007-12-16,-0.11,0.19,78.89,2.56,2.02
2007-12-17,0.64,0.62,93.55,2.57,2.98
2007-12-18,2.05,4.3,92.28,3.72,0.71
2007-12-19,2.66,1.69,93.7,4.91,1.74
2007-12-20,0.94,1.29,86.62,3.24,5.13
2007-12-21,-1.97,0.0,72.04,1.29,5.7
2007-12-22,-1.45,0.84,80.05,2.52,1.36
2007-12-23,-0.13,5.16,97.94,2.26,1.3
2007-12-24,0.14,0.44,89.58,3.12,5.72
2007-12-25,-1.95,1.11,86.96,2.36,2.07
2007-12-26,-1.78,0.27,91.55,1.89,2.22
2007-12-27,-3.08,1.49,89.5,2.84,2.01
2007-12-28,-0.52,1.33,93.43,3.22,1.87
2007-12-29,-0.82,0.81,88.4,2.68,1.93
2007-12-30,-1.32,0.22,89.2,4.49,4.24
2007-12-31,-3.21,0.03,91.01,1.63,5.88
2008-01-01,-4.24,0.0,76.86,3.66,2.0
2008-01-02,-1.51,1.95,79.83,2.1,1.63
2008-01-03,1.27,0.9,86.5,2.56,2.48
2008-01-04,3.65,2.26,84.74,5.24,1.07
2008-01-05,2.12,1.32,77.28,4.64,4.57
2008-01-06,-0.47,0.77,85.71,1.84,4.57
2008-01-07,-1.03,0.97,83.26,1.75,3.54
2008-01-08,-0.49,5.6,88.75,2.53,1.77
2008-01-09,-0.76,0.78,84.65,3.11,3.86
2008-01-10,0.97,2.37,94.29,3.4,3.0
2008-01-11,1.29,0.9,96.46,2.95,4.41
2008-01-12,0.74,1.64,95.7,1.42,2.57
2008-01-13,0.23,0.23,94.93,1.25,3.06
2008-01-14,0.89,1.22,76.49,4.1,3.03
2008-01-15,-1.53,0.25,62.52,3.48,7.42
2008-01-16,-3.62,0.02,69.99,1.28,6.48
2008-01-17,-1.87,0.0,71.77,0.89,6.61
2008-01-18,-2.44,0.0,84.4,1.23,6.05
2008-01-19,-0.44,1.63,87.91,1.44,2.83
2008-01-20,-4.87,1.15,66.3,7.01,4.88
2008-01-21,-9.09,0.0,55.67,4.38,7.93
2008-01-22,-8.02,0.0,64.58,2.49,7.37
2008-01-23,-7.45,0.0,72.47,2.21,7.99
2008-01-24,-6.36,0.0,75.23,2.47,7.67
2008-01-25,-5.43,0.0,80.64,1.15,8.05
2008-01-26,-4.25,4.64,96.3,1.36,2.7
2008-01-27,-2.84,5.17,96.57,1.45,2.05
2008-01-28,-6.07,0.07,81.23,2.04,8.28
2008-01-29,-1.16,2.13,92.25,5.0,5.36
2008-01-30,-1.46,1.45,91.6,4.26,7.31
2008-01-31,0.79,2.33,92.33,5.06,7.39
2008-02-01,0.17,0.49,89.54,4.75,8.39
2008-02-02,-0.26,1.7,88.82,3.42,3.92
2008-02-03,-1.28,0.8,81.46,2.62,8.01
2008-02-04,-3.39,0.01,85.07,1.52,10.1
2008-02-05,-1.15,2.83,93.34,4.41,2.11
2008-02-06,-0.92,1.76,88.67,4.03,5.13
2008-02-07,2.08,0.72,79.3,7.14,10.18
2008-02-08,1.42,0.56,90.52,4.93,7.03
2008-02-09,2.79,0.46,94.77,2.6,3.88
2008-02-10,3.33,0.22,90.67,3.9,6.18
2008-02-11,2.96,0.02,86.22,1.95,2.88
2008-02-12,3.53,0.08,81.91,3.01,6.21
2008-02-13,1.15,0.01,73.42,3.22,11.25
2008-02-14,-0.54,0.0,68.57,1.42,10.14
2008-02-15,1.47,1.72,75.54,1.68,9.36
2008-02-16,1.38,0.05,82.29,1.38,8.85
2008-02-17,0.7,0.19,73.03,2.02,10.16
2008-02-18,0.87,0.0,73.46,3.08,12.29
2008-02-19,1.5,0.0,71.82,2.05,12.47
2008-02-20,1.92,0.79,77.25,1.15,10.59
2008-02-21,2.55,0.0,82.25,2.71,11.4
2008-02-22,4.37,0.11,75.52,1.28,8.31
2008-02-23,3.11,0.01,77.95,2.36,12.06
2008-02-24,2.82,0.55,84.0,2.62,5.06
2008-02-25,4.13,0.27,80.64,1.29,10.87
2008-02-26,5.2,0.02,71.52,2.0,9.26
2008-02-27,4.71,0.45,75.37,1.58,9.59
2008-02-28,6.95,0.0,72.45,1.6,13.58
2008-02-29,6.87,0.76,73.68,3.37,9.31
2008-03-01,4.46,0.19,70.36,3.78,12.2
2008-03-02,2.63,0.0,64.93,1.56,12.22
2008-03-03,3.65,0.24,64.97,3.99,7.13
2008-03-04,4.07,0.03,62.41,3.27,13.0
2008-03-05,3.61,0.0,62.27,1.2,15.76
2008-03-06,5.23,0.0,59.61,1.43,13.8
2008-03-07,6.4,0.46,65.26,1.63,11.13
2008-03-08,7.06,1.2,76.21,1.28,12.72
2008-03-09,6.34,0.0,65.85,2.01,11.83
2008-03-10,7.57,1.83,62.44,2.18,8.54
2008-03-11,6.18,1.04,67.19,4.63,14.14
2008-03-12,4.36,0.03,64.65,1.54,13.05
2008-03-13,2.27,4.32,87.85,1.91,7.06
2008-03-14,3.86,1.51,83.38,2.96,9.85
2008-03-15,2.71,0.59,79.46,1.46,10.7
2008-03-16,3.45,0.07,67.65,1.8,15.64
2008-03-17,5.74,0.32,71.85,3.85,14.48
2008-03-18,5.24,0.85,71.41,3.11,12.66
2008-03-19,3.47,0.04,68.68,1.11,12.16
2008-03-20,3.67,0.75,74.08,3.13,13.77
2008-03-21,3.29,0.99,59.2,3.47,17.08
2008-03-22,4.23,0.0,58.1,3.5,17.7
2008-03-23,5.26,1.59,73.92,3.82,8.23
2008-03-24,2.41,0.02,52.73,1.9,20.43
2008-03-25,2.82,0.01,61.25,2.13,17.69
2008-03-26,3.6,2.37,72.16,3.41,13.34
2008-03-27,2.19,0.12,59.01,3.44,20.07
2008-03-28,0.53,2.26,70.94,3.66,5.93
2008-03-29,2.4,0.44,62.68,3.38,16.87
2008-03-30,0.31,4.46,85.11,1.6,7.65
2008-03-31,0.47,0.15,71.82,1.36,18.34
2008-04-01,2.7,0.01,57.91,1.12,19.25
2008-04-02,5.29,0.0,47.38,1.15,19.47
2008-04-03,6.86,0.0,47.71,1.84,19.36
2008-04-04,5.43,0.86,66.45,2.95,7.6
2008-04-05,5.52,0.04,61.82,3.25,20.24
2008-04-06,6.83,0.72,66.46,2.61,15.24
2008-04-07,4.9,0.73,70.0,2.68,14.82
2008-04-08,3.93,0.51,75.02,1.04,13.21
2008-04-09,5.72,0.01,54.87,1.98,19.44
2008-04-10,6.67,0.03,57.46,2.02,19.62
2008-04-11,8.35,0.0,62.45,1.45,21.1
2008-04-12,12.39,0.0,55.68,3.36,23.48
2008-04-13,13.89,0.07,58.11,2.52,19.64
2008-04-14,8.81,3.84,56.24,4.13,19.87
2008-04-15,5.2,0.04,55.31,3.66,18.76
2008-04-16,6.66,0.0,58.37,2.0,24.39
2008-04-17,8.82,0.0,57.28,2.43,24.12
2008-04-18,6.35,0.13,56.67,3.89,20.86
2008-04-19,4.0,0.01,47.9,1.61,19.74
2008-04-20,3.0,0.93,59.72,1.27,13.47
2008-04-21,2.69,0.18,61.3,2.21,18.6
2008-04-22,7.19,0.26,59.0,2.26,20.0
2008-04-23,7.09,1.29,64.64,3.12,12.81
2008-04-24,7.18,0.07,59.11,3.37,16.2
2008-04-25,7.11,0.01,50.09,2.29,23.58
2008-04-26,9.59,0.0,45.58,2.35,26.28
2008-04-27,11.57,0.0,48.73,2.08,17.27
2008-04-28,14.3,0.02,46.47,3.6,22.58
2008-04-29,9.34,0.05,50.75,3.65,23.96
2008-04-30,6.61,0.05,52.04,2.88,21.8
2008-05-01,7.16,0.0,57.18,1.88,26.46
2008-05-02,10.64,0.0,48.15,2.51,23.48
2008-05-03,12.88,0.09,53.33,1.54,16.11
2008-05-04,15.09,0.0,49.44,1.18,26.49
2008-05-05,16.23,0.01,43.68,2.08,20.23
2008-05-06,14.0,0.0,50.14,2.21,22.68
2008-05-07,13.09,0.01,49.08,3.7,25.66
2008-05-08,10.06,0.01,45.53,2.63,21.48
2008-05-09,11.03,0.0,45.36,1.54,23.94
2008-05-10,12.81,0.9,53.37,2.88,14.96
2008-05-11,10.87,0.38,47.61,4.69,21.85
2008-05-12,11.56,0.04,48.75,2.11,23.48
2008-05-13,11.31,1.21,64.03,2.88,12.83
2008-05-14,15.64,0.46,63.32,2.75,18.96
2008-05-15,19.5,0.0,53.32,1.49,28.99
2008-05-16,21.55,0.0,48.16,2.18,28.61
2008-05-17,24.12,0.0,43.79,2.18,27.92
2008-05-18,23.15,0.0,45.85,3.43,22.03
2008-05-19,21.34,0.0,50.42,1.79,20.75
2008-05-20,15.45,5.37,56.51,3.47,11.6
2008-05-21,13.03,0.05,47.3,3.62,20.93
2008-05-22,14.09,0.47,54.41,2.74,22.71
2008-05-23,14.11,1.09,64.06,4.2,9.96
2008-05-24,17.12,1.02,59.39,2.14,22.04
2008-05-25,17.29,0.85,62.97,2.77,21.17
2008-05-26,18.88,0.18,52.67,3.6,23.48
2008-05-27,18.74,0.17,48.61,2.29,22.5
2008-05-28,18.3,0.58,57.25,2.53,22.86
2008-05-29,17.66,0.27,56.72,2.61,22.82
2008-05-30,16.92,0.01,45.96,2.47,30.28
2008-05-31,19.37,0.18,48.02,1.99,24.94
2008-06-01,17.79,0.79,53.55,3.17,22.55
2008-06-02,14.77,0.05,46.25,2.76,20.66
2008-06-03,12.02,5.22,70.25,2.48,13.75
2008-06-04,14.04,0.28,52.61,2.58,18.47
2008-06-05,12.68,0.88,57.43,3.75,14.7
2008-06-06,10.84,0.5,61.23,4.38,21.2
2008-06-07,12.6,0.32,53.4,3.46,22.76
2008-06-08,14.38,0.0,51.27,2.27,29.25
2008-06-09,13.63,0.65,53.34,4.68,22.25
2008-06-10,9.8,3.36,55.32,3.46,17.69
2008-06-11,15.15,0.3,48.35,4.04,22.45
2008-06-12,16.53,0.0,48.69,2.05,30.1
2008-06-13,18.22,0.0,46.8,3.74,31.24
2008-06-14,17.14,0.0,39.51,1.74,32.29
2008-06-15,19.69,0.0,34.48,1.47,31.2
2008-06-16,20.92,0.0,35.63,1.73,31.75
2008-06-17,17.68,0.0,44.46,3.9,31.93
2008-06-18,15.98,0.0,43.66,2.32,30.09
2008-06-19,18.77,0.0,41.26,2.01,28.51
2008-06-20,23.3,0.0,37.39,2.58,26.92
2008-06-21,22.78,3.81,51.35,2.94,15.44
2008-06-22,17.91,0.44,54.14,2.75,24.65
2008-06-23,17.18,0.0,45.88,2.14,23.38
2008-06-24,18.54,0.0,43.19,2.04,30.88
2008-06-25,20.03,0.0,41.19,2.2,29.01
2008-06-26,19.48,0.0,45.3,3.39,29.19
2008-06-27,22.92,0.0,40.7,0.96,31.14
2008-06-28,26.29,0.0,38.7,2.95,31.39
2008-06-29,28.99,0.0,35.47,1.89,30.16
2008-06-30,28.84,0.02,38.16,1.71,25.68
2008-07-01,26.3,0.4,51.09,3.19,23.8
2008-07-02,27.28,0.01,45.42,2.87,27.2
2008-07-03,28.51,0.07,44.48,3.73,24.86
2008-07-04,22.9,0.16,49.38,3.31,16.5
2008-07-05,22.4,0.04,50.37,3.03,24.03
2008-07-06,22.06,0.0,43.34,2.81,28.43
2008-07-07,22.86,0.0,40.63,2.41,29.69
2008-07-08,25.08,0.0,37.0,2.06,29.43
2008-07-09,26.46,0.0,36.63,2.55,30.07
2008-07-10,21.16,0.0,37.83,4.54,31.47
2008-07-11,19.74,0.0,33.33,1.79,31.59
2008-07-12,23.54,0.0,29.81,1.54,30.57
2008-07-13,25.69,0.0,34.8,2.62,29.85
2008-07-14,25.6,0.0,37.22,2.37,28.04
2008-07-15,25.78,0.0,32.09,2.08,25.63
2008-07-16,24.74,0.0,32.94,2.54,30.04
2008-07-17,22.82,0.0,42.09,2.53,29.9
2008-07-18,21.39,0.0,40.75,3.01,30.05
2008-07-19,21.75,0.0,40.03,1.65,29.8
2008-07-20,25.57,0.0,29.5,1.3,29.35
2008-07-21,25.36,0.0,36.2,2.04,28.23
2008-07-22,22.0,0.59,48.17,3.02,20.94
2008-07-23,19.95,0.0,46.43,2.78,26.24
2008-07-24,22.57,0.04,43.2,1.18,28.9
2008-07-25,24.96,0.0,39.14,2.11,26.31
2008-07-26,23.46,0.0,44.13,2.71,23.7
2008-07-27,22.33,0.0,44.06,3.61,27.65
2008-07-28,21.04,0.0,43.33,1.88,28.19
2008-07-29,20.85,0.0,43.71,3.68,17.7
2008-07-30,18.73,0.0,42.69,2.75,29.0
2008-07-31,21.5,0.0,34.5,2.46,28.57
2008-08-01,20.42,0.17,48.78,3.92,21.24
2008-08-02,18.56,0.0,44.82,2.13,28.15
2008-08-03,20.95,0.0,41.77,1.1,26.37
2008-08-04,23.59,0.0,30.47,1.84,28.22
2008-08-05,25.44,0.0,29.05,2.69,27.66
2008-08-06,26.12,0.0,32.16,2.94,20.44
2008-08-07,27.86,0.0,32.99,1.28,21.41
2008-08-08,27.05,0.38,42.88,1.69,17.44
2008-08-09,22.53,0.05,43.03,4.21,18.89
2008-08-10,19.19,0.01,43.62,2.88,22.21
2008-08-11,19.72,0.0,44.57,1.69,26.3
2008-08-12,23.94,0.0,38.15,2.16,23.91
2008-08-13,25.08,0.0,40.79,1.31,25.67
2008-08-14,26.76,0.0,33.63,2.29,25.6
2008-08-15,28.29,0.0,31.83,3.4,25.56
2008-08-16,28.84,0.0,30.26,1.65,24.19
2008-08-17,30.71,0.0,26.42,1.97,21.73
2008-08-18,26.01,1.97,46.66,3.51,19.96
2008-08-19,21.46,0.65,51.95,3.84,16.01
2008-08-20,20.16,4.66,61.11,5.48,18.16
2008-08-21,18.09,0.25,50.29,4.34,20.04
2008-08-22,18.12,0.0,49.9,1.43,21.19
2008-08-23,21.3,0.0,36.38,2.02,23.84
2008-08-24,23.2,0.07,38.71,3.15,17.73
2008-08-25,17.84,1.35,57.7,2.61,11.58
2008-08-26,16.16,0.02,48.31,2.85,23.3
2008-08-27,18.17,0.34,48.76,4.17,20.74
2008-08-28,19.6,0.0,55.47,2.59,17.71
2008-08-29,22.42,0.0,55.55,2.77,22.85
2008-08-30,16.98,0.0,43.39,3.45,23.65
2008-08-31,15.32,0.09,42.43,3.07,19.66
2008-09-01,14.9,0.0,48.21,2.92,22.0
2008-09-02,15.39,0.0,47.09,1.4,19.23
2008-09-03,17.8,0.0,36.09,1.31,21.91
2008-09-04,19.19,0.0,34.08,1.71,21.81
2008-09-05,18.72,0.0,48.14,1.72,17.87
2008-09-06,19.27,0.0,45.3,2.19,16.75
2008-09-07,18.38,0.0,39.87,3.48,21.81
2008-09-08,18.89,0.0,36.56,2.72,21.11
2008-09-09,20.05,0.0,33.49,2.74,20.82
2008-09-10,18.06,0.0,33.86,2.83,21.24
2008-09-11,19.62,0.0,36.4,1.44,20.76
2008-09-12,20.88,0.0,34.12,2.75,20.72
2008-09-13,18.3,0.0,36.56,2.81,20.85
2008-09-14,18.65,0.0,33.13,2.46,20.7
2008-09-15,20.68,0.0,33.71,2.05,20.34
2008-09-16,21.57,0.0,28.99,1.87,18.8
2008-09-17,22.7,0.0,27.03,2.13,15.33
2008-09-18,21.22,0.0,37.78,1.87,16.29
2008-09-19,20.62,0.01,45.04,1.86,14.13
2008-09-20,16.21,1.96,71.56,4.01,5.94
2008-09-21,14.64,1.98,60.53,3.99,7.15
2008-09-22,11.99,0.05,55.63,3.85,14.9
2008-09-23,10.68,0.0,53.05,1.56,17.22
2008-09-24,13.05,0.11,48.76,2.64,11.54
2008-09-25,15.33,0.05,52.3,3.07,15.16
2008-09-26,13.6,0.0,62.01,1.52,12.02
2008-09-27,16.47,0.0,49.52,1.17,15.34
2008-09-28,16.16,0.0,44.14,2.5,17.11
2008-09-29,17.05,0.0,40.17,3.19,16.94
2008-09-30,19.31,0.0,39.96,2.31,13.7
2008-10-01,20.04,0.0,46.28,1.44,14.45
2008-10-02,17.61,0.88,60.7,2.13,5.55
2008-10-03,15.38,3.81,72.88,1.95,9.55
2008-10-04,14.61,2.33,68.7,5.03,9.21
2008-10-05,10.63,0.02,65.55,3.29,10.78
2008-10-06,11.86,0.51,77.23,1.82,8.17
2008-10-07,12.2,0.89,57.0,4.72,14.7
2008-10-08,8.52,0.0,55.27,1.08,14.88
2008-10-09,6.7,0.19,50.39,1.71,11.29
2008-10-10,7.31,0.0,38.25,4.39,14.36
2008-10-11,5.7,0.0,38.12,3.68,14.83
2008-10-12,5.59,0.0,44.9,1.51,12.12
2008-10-13,10.34,0.06,68.4,3.12,12.49
2008-10-14,9.35,0.06,55.84,2.4,12.3
2008-10-15,7.89,0.0,46.03,1.77,12.93
2008-10-16,10.32,0.31,62.99,1.48,8.76
2008-10-17,13.2,0.02,69.63,1.32,9.0
2008-10-18,11.59,0.05,62.53,1.56,9.59
2008-10-19,8.98,0.0,53.35,1.45,11.94
2008-10-20,9.51,0.08,55.95,3.78,6.35
2008-10-21,6.32,0.0,61.56,1.89,12.57
2008-10-22,6.64,0.0,47.28,2.48,12.27
2008-10-23,8.44,0.0,45.16,1.12,11.71
2008-10-24,7.31,0.01,62.77,1.48,7.95
2008-10-25,8.6,0.0,51.63,2.23,11.36
2008-10-26,6.53,0.0,32.47,4.62,10.22
2008-10-27,7.52,0.0,43.3,2.69,10.85
2008-10-28,7.03,0.0,56.72,1.14,8.79
2008-10-29,7.82,0.0,57.18,1.32,8.36
2008-10-30,9.0,0.0,57.86,1.7,7.06
2008-10-31,10.45,0.72,63.4,2.05,2.53
2008-11-01,11.64,1.53,81.35,2.71,3.44
2008-11-02,10.29,1.34,81.47,3.05,6.04
2008-11-03,7.83,0.43,75.16,2.62,6.14
2008-11-04,5.7,3.79,78.59,4.09,1.78
2008-11-05,3.34,0.07,73.71,2.35,9.02
2008-11-06,3.54,3.89,83.4,2.47,1.29
2008-11-07,6.47,4.64,95.06,0.72,3.23
2008-11-08,8.58,3.52,86.34,1.74,3.62
2008-11-09,6.98,0.26,86.68,2.01,4.33
2008-11-10,6.79,0.3,81.23,2.51,6.51
2008-11-11,6.08,7.54,94.23,3.26,3.26
2008-11-12,11.16,5.74,88.79,5.7,4.25
2008-11-13,5.67,4.47,73.83,3.5,8.44
2008-11-14,2.99,0.0,58.56,1.5,5.03
2008-11-15,3.99,0.0,58.45,1.22,4.87
2008-11-16,4.89,0.0,67.26,1.18,3.03
2008-11-17,6.8,0.0,66.13,1.47,5.09
2008-11-18,6.48,0.0,84.87,1.45,5.51
2008-11-19,6.04,0.0,74.45,4.46,5.56
2008-11-20,5.36,0.6,74.22,4.41,2.36
2008-11-21,3.62,0.07,69.88,3.49,6.55
2008-11-22,3.14,0.23,70.21,2.13,5.48
2008-11-23,0.95,0.0,73.19,2.7,6.75
2008-11-24,0.33,0.0,74.0,1.95,5.42
2008-11-25,0.79,1.49,81.77,1.25,5.12
2008-11-26,-0.24,0.05,89.24,2.68,5.05
2008-11-27,-2.25,0.01,87.91,1.65,2.54
2008-11-28,0.49,1.13,91.04,1.06,2.34
2008-11-29,3.17,0.33,97.77,0.66,3.41
2008-11-30,4.94,0.32,97.2,1.5,2.45
2008-12-01,4.82,1.38,93.83,1.75,2.1
2008-12-02,4.63,0.82,75.05,1.72,3.84
2008-12-03,0.84,0.02,57.72,2.48,4.63
2008-12-04,-1.41,0.0,59.72,2.38,6.15
2008-12-05,-0.07,0.0,60.16,0.96,1.67
2008-12-06,1.72,0.02,65.28,1.09,3.95
2008-12-07,0.98,1.22,97.74,2.56,2.52
2008-12-08,-0.56,0.06,92.82,0.94,4.62
2008-12-09,0.69,0.71,84.01,2.15,1.34
2008-12-10,1.99,0.0,89.84,1.17,5.09
2008-12-11,0.64,0.04,89.5,2.92,3.81
2008-12-12,0.61,3.44,93.46,3.73,0.78
2008-12-13,-3.73,2.35,73.06,6.32,1.42
2008-12-14,-12.61,0.93,52.14,7.33,3.47
2008-12-15,-12.11,0.12,53.16,7.4,4.39
2008-12-16,-12.08,0.0,51.43,2.03,4.85
2008-12-17,-7.34,3.98,81.63,1.93,1.92
2008-12-18,-3.79,1.49,90.03,0.85,1.81
2008-12-19,-9.82,0.15,66.16,2.53,4.12
2008-12-20,-13.3,1.07,73.07,3.73,5.35
2008-12-21,-8.64,6.09,92.07,3.53,1.35
2008-12-22,-10.26,0.81,89.48,1.71,2.23
2008-12-23,-12.35,0.08,88.08,1.54,2.57
2008-12-24,-6.26,3.0,93.21,1.53,1.86
2008-12-25,-7.24,1.03,95.31,1.31,1.79
2008-12-26,-10.81,1.62,96.56,2.18,3.86
2008-12-27,-0.11,5.18,98.27,4.84,2.82
2008-12-28,0.75,3.55,98.6,2.52,4.25
2008-12-29,0.24,10.24,95.18,4.15,0.78
2008-12-30,-1.27,0.5,94.39,2.32,2.36
2008-12-31,0.51,0.25,89.74,4.43,4.98
2009-01-01,0.26,10.26,98.11,3.08,2.64
2009-01-02,-4.13,7.76,91.03,2.71,5.93
2009-01-03,-9.77,0.02,93.6,1.07,6.19
2009-01-04,-6.55,3.5,91.36,1.75,4.13
2009-01-05,-2.54,2.81,98.21,1.81,3.87
2009-01-06,0.97,3.49,98.87,4.57,1.99
2009-01-07,5.55,2.94,98.02,6.58,2.66
2009-01-08,4.24,0.69,86.45,5.29,5.43
2009-01-09,-0.79,0.0,81.92,2.03,4.39
2009-01-10,-0.12,3.58,87.3,1.5,1.92
2009-01-11,0.88,0.56,98.12,1.69,5.42
2009-01-12,1.04,0.21,97.97,1.03,5.24
2009-01-13,0.92,0.09,92.3,1.13,5.55
2009-01-14,-0.58,0.04,94.4,1.35,5.88
2009-01-15,-0.65,0.05,92.3,2.2,4.69
2009-01-16,-1.85,0.03,90.57,2.2,3.46
2009-01-17,-2.23,0.03,85.01,2.63,2.67
2009-01-18,-2.65,0.01,84.29,3.19,3.41
2009-01-19,-2.92,0.02,84.85,2.97,4.13
2009-01-20,-3.9,0.01,87.64,2.08,3.63
2009-01-21,-4.52,0.06,87.61,1.62,2.47
2009-01-22,-4.24,0.02,86.76,1.63,3.42
2009-01-23,-5.01,0.03,71.22,3.44,3.47
2009-01-24,-5.78,0.31,66.86,3.56,4.29
2009-01-25,-7.24,0.09,58.35,5.45,6.51
2009-01-26,-9.35,0.0,55.05,2.71,8.88
2009-01-27,-5.16,0.17,76.58,2.82,5.3
2009-01-28,-0.58,0.01,81.22,2.04,8.55
2009-01-29,-0.44,0.02,88.07,2.1,5.58
2009-01-30,0.02,0.0,90.47,2.15,6.69
2009-01-31,0.13,0.01,74.57,2.3,6.08
2009-02-01,-1.27,0.08,78.34,1.32,3.69
2009-02-02,1.22,0.03,68.95,1.33,4.85
2009-02-03,0.97,0.0,84.45,2.14,7.95
2009-02-04,1.92,0.0,85.4,1.34,7.47
2009-02-05,1.04,3.52,89.93,1.33,5.18
2009-02-06,1.04,1.23,93.04,1.41,5.17
2009-02-07,-0.82,0.0,75.63,1.41,9.02
2009-02-08,0.01,0.0,81.17,1.74,5.52
2009-02-09,-0.67,0.06,77.15,0.98,6.72
2009-02-10,-1.18,0.6,78.13,2.04,5.27
2009-02-11,-0.47,0.38,77.23,1.19,7.29
2009-02-12,-0.73,0.01,80.15,1.34,4.0
2009-02-13,0.46,0.0,70.64,3.1,6.28
2009-02-14,1.34,0.03,69.84,1.39,5.59
2009-02-15,0.67,0.63,78.31,1.85,5.4
2009-02-16,1.82,0.04,76.16,2.86,6.01
2009-02-17,1.44,0.09,82.69,1.83,10.0
2009-02-18,2.27,0.0,81.77,1.44,7.07
2009-02-19,2.3,0.0,77.48,1.47,6.38
2009-02-20,1.32,0.0,73.41,1.64,8.56
2009-02-21,1.77,0.0,78.85,2.87,10.12
2009-02-22,1.61,4.52,90.69,2.61,3.57
2009-02-23,4.62,6.18,90.7,1.31,4.88
2009-02-24,5.76,2.02,80.63,4.83,9.47
2009-02-25,4.44,2.87,89.09,4.1,7.26
2009-02-26,0.07,1.28,69.76,2.94,8.74
2009-02-27,-0.86,0.0,67.33,2.19,11.55
2009-02-28,1.73,0.04,68.15,3.41,9.21
2009-03-01,3.77,5.53,84.56,2.54,6.09
2009-03-02,5.23,5.48,84.36,2.77,6.47
2009-03-03,4.16,10.51,83.06,1.52,9.11
2009-03-04,3.44,0.09,76.98,1.58,7.96
2009-03-05,2.19,2.04,73.56,4.73,7.33
2009-03-06,-1.35,0.0,54.98,2.17,14.56
2009-03-07,1.54,0.07,60.43,4.83,10.85
2009-03-08,-0.17,0.07,63.26,1.7,13.33
2009-03-09,-0.73,1.23,70.11,2.15,9.88
2009-03-10,-4.27,0.02,46.88,3.21,16.23
2009-03-11,-3.61,0.0,50.94,2.99,15.91
2009-03-12,-1.52,0.0,56.95,2.52,15.03
2009-03-13,2.25,0.0,57.96,1.97,13.97
2009-03-14,2.66,1.11,85.37,3.99,4.84
2009-03-15,5.1,1.96,71.65,6.52,9.65
2009-03-16,3.55,0.31,70.83,4.12,13.2
2009-03-17,4.13,0.21,72.85,3.85,12.15
2009-03-18,5.37,0.08,68.22,1.53,15.61
2009-03-19,6.61,0.03,69.19,1.79,11.84
2009-03-20,9.08,0.31,72.51,2.38,13.05
2009-03-21,6.88,3.31,77.84,1.1,11.15
2009-03-22,5.44,7.26,73.65,2.77,7.79
2009-03-23,3.78,0.13,62.27,2.95,17.15
2009-03-24,5.8,0.73,71.43,3.16,11.48
2009-03-25,5.06,0.5,58.94,3.77,16.41
2009-03-26,2.76,0.0,46.57,3.19,20.13
2009-03-27,6.34,0.03,58.89,2.91,17.42
2009-03-28,3.62,6.7,77.04,3.04,8.09
2009-03-29,4.06,1.12,60.07,4.79,18.81
2009-03-30,3.8,0.0,62.62,2.45,17.63
2009-03-31,5.41,1.39,62.34,5.03,17.74
2009-04-01,0.99,4.08,80.2,3.0,6.01
2009-04-02,5.41,4.57,76.8,2.33,13.69
2009-04-03,3.81,0.42,69.41,1.82,16.08
2009-04-04,5.55,0.01,64.44,2.07,18.68
2009-04-05,8.09,0.0,60.65,2.83,20.9
2009-04-06,11.61,0.0,48.82,1.36,21.91
2009-04-07,12.73,0.0,54.64,2.24,22.05
2009-04-08,11.79,0.0,57.66,3.5,15.76
2009-04-09,8.06,0.01,68.02,2.03,16.56
2009-04-10,9.64,0.31,65.65,1.67,17.99
2009-04-11,8.79,0.04,60.28,2.69,18.28
2009-04-12,8.69,5.12,79.45,3.94,8.08
2009-04-13,6.54,0.44,63.39,3.74,17.39
2009-04-14,4.71,0.45,65.54,1.36,15.82
2009-04-15,8.73,0.01,49.86,3.32,23.57
2009-04-16,9.14,0.0,54.8,1.73,24.39
2009-04-17,9.61,0.16,60.94,3.15,13.54
2009-04-18,9.85,0.0,58.77,1.32,22.81
2009-04-19,14.5,0.0,46.44,1.83,17.03
2009-04-20,17.55,0.0,45.05,1.43,24.96
2009-04-21,18.09,0.0,45.38,1.9,25.93
2009-04-22,12.35,0.01,56.34,3.65,10.96
2009-04-23,7.14,0.0,44.11,2.79,20.46
2009-04-24,7.64,0.0,44.87,1.65,26.65
2009-04-25,8.77,0.04,48.66,2.99,20.06
2009-04-26,8.8,0.02,54.83,1.59,22.36
2009-04-27,9.19,1.49,58.4,3.0,17.88
2009-04-28,5.05,5.41,71.29,5.35,9.12
2009-04-29,7.81,1.22,59.01,3.33,14.92
2009-04-30,9.95,0.0,49.85,2.16,26.33
2009-05-01,11.5,0.0,49.86,3.58,26.76
2009-05-02,9.68,4.18,71.77,2.94,12.47
2009-05-03,10.35,0.43,60.22,2.63,21.44
2009-05-04,10.15,5.8,69.67,3.55,18.73
2009-05-05,11.72,0.66,61.02,4.62,24.13
2009-05-06,9.22,3.87,78.13,2.93,11.56
2009-05-07,9.29,0.11,59.18,4.33,23.93
2009-05-08,10.05,0.0,60.22,1.42,26.59
2009-05-09,12.83,0.0,51.89,1.83,25.1
2009-05-10,14.57,0.39,47.13,1.62,25.09
2009-05-11,14.35,0.23,56.69,3.61,23.94
2009-05-12,8.76,0.27,54.83,4.67,23.15
2009-05-13,7.68,5.01,64.76,2.55,17.83
2009-05-14,12.39,1.45,59.48,4.64,24.81
2009-05-15,11.59,0.0,54.39,1.3,27.45
2009-05-16,14.99,0.0,50.55,1.33,27.05
2009-05-17,20.38,0.0,45.35,1.54,26.13
2009-05-18,20.56,0.0,50.17,2.82,28.04
2009-05-19,14.37,0.14,44.8,4.57,26.66
2009-05-20,12.26,0.03,47.43,2.4,28.33
2009-05-21,14.36,0.0,39.82,2.04,29.8
2009-05-22,18.05,0.0,38.84,2.31,30.47
2009-05-23,19.84,0.0,38.98,1.51,29.67
2009-05-24,19.28,0.0,47.5,2.02,30.28
2009-05-25,18.09,0.0,47.28,2.29,30.07
2009-05-26,18.01,0.0,50.79,3.28,25.4
2009-05-27,18.1,0.0,43.69,1.72,26.33
2009-05-28,21.91,0.0,37.78,1.16,30.4
2009-05-29,24.87,0.0,38.52,1.49,29.2
2009-05-30,24.22,0.0,41.6,2.31,30.79
2009-05-31,23.1,0.0,40.14,1.8,28.15
2009-06-01,23.06,0.01,41.87,5.12,28.02
2009-06-02,21.04,0.0,39.86,5.59,26.15
2009-06-03,23.09,0.02,40.66,3.64,30.37
2009-06-04,24.04,0.81,44.94,2.5,24.11
2009-06-05,23.7,1.03,48.68,1.97,26.08
2009-06-06,18.74,6.68,57.04,2.58,16.16
2009-06-07,15.87,1.32,44.51,1.94,20.44
2009-06-08,17.0,0.7,47.6,1.96,24.66
2009-06-09,18.38,0.01,46.67,2.27,26.36
2009-06-10,19.59,0.0,42.44,2.53,30.37
2009-06-11,21.09,0.02,41.63,1.67,27.18
2009-06-12,21.04,1.05,51.21,2.34,26.69
2009-06-13,21.24,0.17,51.95,1.82,24.33
2009-06-14,19.3,0.81,63.04,1.12,20.5
2009-06-15,21.76,0.08,49.56,2.55,27.83
2009-06-16,21.38,0.01,49.53,2.56,26.58
2009-06-17,21.32,0.18,45.81,3.91,25.21
2009-06-18,20.03,0.01,45.67,2.89,27.16
2009-06-19,18.51,1.04,54.93,3.07,19.69
2009-06-20,18.32,0.01,48.44,2.2,28.19
2009-06-21,14.87,0.35,53.26,2.31,16.06
2009-06-22,14.56,0.15,53.37,2.79,19.18
2009-06-23,19.2,0.0,39.52,1.59,29.97
2009-06-24,23.67,0.0,34.87,3.29,27.58
2009-06-25,19.68,0.0,43.46,3.22,31.27
2009-06-26,19.0,0.0,38.53,2.93,31.68
2009-06-27,20.05,0.0,39.53,1.78,31.49
2009-06-28,21.56,0.0,36.58,2.9,31.67
2009-06-29,20.3,0.0,33.67,2.28,31.9
2009-06-30,21.14,0.0,30.92,1.85,32.41
2009-07-01,22.91,0.0,28.24,1.88,31.95
2009-07-02,24.77,0.0,31.4,2.09,32.19
2009-07-03,26.85,0.0,28.78,1.68,31.08
2009-07-04,26.82,0.0,36.4,2.33,30.58
2009-07-05,26.72,0.81,36.75,1.68,25.5
2009-07-06,20.88,0.7,42.54,5.17,27.79
2009-07-07,18.78,0.01,44.32,2.88,28.31
2009-07-08,18.41,0.06,46.89,2.65,24.29
2009-07-09,20.06,0.11,46.0,1.52,27.27
2009-07-10,23.41,0.0,35.12,1.61,29.78
2009-07-11,26.63,0.0,33.75,3.71,29.47
2009-07-12,24.89,1.84,44.37,4.14,22.45
2009-07-13,18.1,3.39,59.23,3.88,13.61
2009-07-14,19.84,0.0,45.25,1.97,29.74
2009-07-15,23.25,0.03,39.85,1.83,29.19
2009-07-16,26.77,0.0,30.51,1.26,30.09
2009-07-17,27.86,0.0,30.87,1.79,28.34
2009-07-18,27.77,0.0,32.48,2.89,27.12
2009-07-19,23.94,0.0,37.58,2.13,29.76
2009-07-20,25.21,0.0,32.69,2.35,27.45
2009-07-21,27.77,0.0,28.23,1.34,29.24
2009-07-22,28.02,0.0,32.01,1.53,28.59
2009-07-23,25.36,0.0,42.72,3.12,23.41
2009-07-24,23.92,0.14,49.1,1.77,17.51
2009-07-25,25.52,0.47,39.99,1.53,19.58
2009-07-26,24.98,1.12,51.22,2.19,24.09
2009-07-27,27.98,0.0,41.88,2.35,27.76
2009-07-28,29.53,0.02,38.42,2.1,26.41
2009-07-29,27.61,0.0,35.26,4.67,26.42
2009-07-30,27.44,0.0,35.06,1.99,24.44
2009-07-31,29.84,0.0,30.82,1.06,25.83
2009-08-01,30.55,0.0,30.42,2.67,25.76
2009-08-02,28.36,0.0,36.68,1.17,25.86
2009-08-03,27.2,0.0,39.54,2.58,26.66
2009-08-04,25.88,0.0,36.47,2.41,21.18
2009-08-05,25.86,0.0,36.04,1.96,23.88
2009-08-06,24.22,1.01,38.36,2.6,16.37
2009-08-07,20.04,2.22,58.65,2.55,18.8
2009-08-08,20.05,0.01,50.29,2.52,21.97
2009-08-09,21.61,0.0,50.9,2.52,24.9
2009-08-10,22.6,0.0,46.37,3.07,22.79
2009-08-11,22.71,0.41,46.23,2.62,15.37
2009-08-12,21.67,0.99,54.87,2.92,16.74
2009-08-13,20.07,0.02,47.82,3.0,20.08
2009-08-14,16.51,0.12,50.95,2.85,15.13
2009-08-15,17.44,0.02,51.58,2.13,21.68
2009-08-16,20.15,0.0,44.72,1.56,21.8
2009-08-17,21.98,0.0,41.71,1.47,22.45
2009-08-18,24.54,0.0,37.49,1.85,23.1
2009-08-19,27.09,0.0,33.28,1.25,24.45
2009-08-20,28.68,0.06,34.3,2.27,22.71
2009-08-21,24.32,0.46,43.9,4.05,24.67
2009-08-22,21.09,0.0,42.34,1.66,24.92
2009-08-23,19.88,0.0,38.61,2.43,24.22
2009-08-24,20.87,0.0,36.68,1.4,24.49
2009-08-25,21.73,0.0,33.14,2.44,22.69
2009-08-26,20.47,0.0,41.1,1.42,22.06
2009-08-27,24.58,0.0,27.81,3.38,23.78
2009-08-28,24.1,0.0,33.8,3.25,19.87
2009-08-29,21.26,0.2,49.18,2.22,20.51
2009-08-30,21.36,0.01,49.52,1.52,21.63
2009-08-31,23.91,0.0,43.72,1.76,21.16
2009-09-01,24.86,0.0,44.01,2.26,20.61
2009-09-02,24.79,0.0,44.6,1.99,20.6
2009-09-03,21.51,0.1,40.0,3.13,19.57
2009-09-04,20.55,0.0,36.07,1.67,17.14
2009-09-05,19.52,1.45,47.4,2.96,13.16
2009-09-06,16.06,2.27,60.32,5.05,16.79
2009-09-07,14.12,0.19,60.82,2.76,13.67
2009-09-08,15.29,0.0,52.55,1.44,20.33
2009-09-09,18.04,0.0,41.29,1.89,17.53
2009-09-10,20.19,0.0,47.16,1.46,20.78
2009-09-11,21.47,0.0,35.9,3.42,20.62
2009-09-12,23.08,0.0,32.92,3.01,20.51
2009-09-13,22.87,0.0,33.42,2.04,20.07
2009-09-14,20.45,0.13,53.6,3.08,17.61
2009-09-15,20.61,0.0,52.31,1.6,16.92
2009-09-16,23.22,0.11,41.32,2.92,18.56
2009-09-17,19.68,0.32,47.91,2.26,19.22
2009-09-18,19.79,0.0,41.94,1.84,19.27
2009-09-19,18.76,0.17,47.3,3.46,12.0
2009-09-20,15.61,0.0,45.46,2.07,19.21
2009-09-21,16.19,0.0,35.96,1.85,18.43
2009-09-22,19.66,0.0,34.46,3.02,18.51
2009-09-23,22.37,0.0,37.92,2.09,18.14
2009-09-24,21.16,0.0,41.97,1.32,17.44
2009-09-25,18.79,0.0,50.36,1.43,17.66
2009-09-26,18.4,0.0,43.72,3.11,17.38
2009-09-27,15.49,0.0,29.66,3.05,17.91
2009-09-28,14.94,0.0,34.72,3.97,15.93
2009-09-29,11.47,0.02,53.55,3.28,13.86
2009-09-30,9.28,0.01,54.25,2.32,14.59
2009-10-01,9.35,0.06,65.53,2.0,15.11
2009-10-02,11.47,1.08,54.65,2.42,12.01
2009-10-03,8.77,2.18,62.31,4.87,12.36
2009-10-04,11.86,0.29,34.83,7.77,14.31
2009-10-05,10.12,0.0,38.56,3.29,15.4
2009-10-06,9.63,0.0,44.66,2.64,15.13
2009-10-07,10.53,0.0,51.96,3.17,14.45
2009-10-08,8.25,0.0,48.45,2.2,14.0
2009-10-09,5.76,0.0,37.72,4.03,12.64
2009-10-10,1.87,0.0,32.64,3.76,14.24
2009-10-11,1.02,0.0,33.34,3.86,15.19
2009-10-12,1.24,0.0,36.25,3.76,8.37
2009-10-13,5.51,8.16,63.97,4.16,4.96
2009-10-14,10.43,3.73,81.28,3.34,5.25
2009-10-15,9.95,0.05,77.37,1.36,9.09
2009-10-16,12.93,0.05,65.35,2.23,7.81
2009-10-17,13.7,1.65,67.43,2.75,5.89
2009-10-18,11.16,0.09,77.56,1.5,10.18
2009-10-19,9.96,0.09,76.29,1.99,9.17
2009-10-20,9.29,0.04,81.3,1.49,8.84
2009-10-21,9.96,0.83,73.15,2.13,4.88
2009-10-22,8.28,0.01,79.15,1.0,7.7
2009-10-23,8.61,5.01,85.44,3.52,3.55
2009-10-24,7.76,0.04,60.92,1.78,11.7
2009-10-25,5.25,0.1,62.25,1.57,5.95
2009-10-26,8.22,7.08,74.8,4.63,4.41
2009-10-27,5.05,0.05,59.48,3.15,9.98
2009-10-28,3.38,0.01,60.85,1.9,9.04
2009-10-29,2.54,4.32,86.02,2.6,2.6
2009-10-30,10.29,0.12,81.07,4.12,2.14
2009-10-31,10.31,0.97,68.92,4.52,10.23
2009-11-01,5.63,0.0,62.77,1.13,10.59
2009-11-02,4.05,0.0,65.53,1.66,9.56
2009-11-03,4.95,0.0,62.81,2.65,9.64
2009-11-04,5.34,0.0,64.29,3.08,7.93
2009-11-05,7.28,1.22,69.46,2.44,5.8
2009-11-06,7.24,0.48,76.36,5.29,8.42
2009-11-07,5.95,0.87,76.12,5.31,6.79
2009-11-08,4.02,0.56,88.81,2.76,4.53
2009-11-09,4.12,0.05,68.01,2.8,4.01
2009-11-10,4.98,0.07,78.53,2.6,8.68
2009-11-11,3.72,0.19,78.68,1.98,7.38
2009-11-12,1.1,0.07,82.71,1.4,5.76
2009-11-13,-0.08,1.6,83.86,3.34,3.21
2009-11-14,-0.9,0.07,76.98,1.54,6.53
2009-11-15,1.01,0.17,62.92,2.54,3.6
2009-11-16,6.49,0.36,49.84,4.62,1.57
2009-11-17,7.34,0.51,62.77,5.5,2.81
2009-11-18,3.05,0.01,73.44,3.53,7.44
2009-11-19,5.73,3.19,63.65,4.01,2.2
2009-11-20,5.81,1.08,61.7,3.88,2.59
2009-11-21,3.14,0.04,70.2,4.29,5.81
2009-11-22,2.97,6.69,79.49,5.17,2.64
2009-11-23,1.74,0.01,78.18,2.67,3.88
2009-11-24,2.16,0.76,76.67,1.57,4.81
2009-11-25,3.12,0.0,72.12,1.42,5.0
2009-11-26,3.43,4.48,76.4,1.29,1.92
2009-11-27,2.34,3.83,77.14,2.36,6.73
2009-11-28,-0.42,0.02,88.28,1.96,3.03
2009-11-29,1.62,0.06,88.68,1.8,3.5
2009-11-30,0.36,0.01,92.42,1.81,3.13
2009-12-01,-0.84,0.0,68.89,3.14,6.84
2009-12-02,-2.29,0.0,67.8,2.95,6.83
2009-12-03,-2.6,0.0,58.53,2.51,4.06
2009-12-04,-3.7,0.0,63.53,0.89,3.8
2009-12-05,-3.02,0.02,68.16,3.1,4.9
2009-12-06,-5.86,0.0,38.37,8.09,4.84
2009-12-07,-10.2,0.0,41.47,5.23,6.05
2009-12-08,-10.54,0.0,43.55,2.76,5.75
2009-12-09,-9.94,0.0,47.46,1.73,4.97
2009-12-10,-8.69,0.0,53.09,1.12,5.39
2009-12-11,-7.95,0.0,55.66,1.04,5.28
2009-12-12,-6.91,0.48,75.22,0.79,3.7
2009-12-13,-6.63,0.25,73.96,1.74,3.52
2009-12-14,-3.97,1.94,81.64,2.65,3.35
2009-12-15,0.32,9.55,99.11,1.93,1.07
2009-12-16,2.28,1.73,97.36,2.37,2.14
2009-12-17,1.23,0.32,97.98,1.44,2.46
2009-12-18,1.56,0.07,95.03,1.23,2.37
2009-12-19,1.4,2.96,97.78,0.94,1.37
2009-12-20,1.81,4.04,98.95,1.39,1.81
2009-12-21,2.64,6.19,97.0,2.98,1.54
2009-12-22,-1.64,0.51,84.53,1.42,4.41
2009-12-23,-2.71,0.01,55.07,2.01,4.2
2009-12-24,-2.99,0.0,72.49,1.42,4.42
2009-12-25,-5.56,0.0,81.44,3.73,5.15
2009-12-26,-6.32,0.0,78.64,3.65,5.81
2009-12-27,-5.91,0.01,79.86,2.76,5.33
2009-12-28,-4.5,0.23,90.26,1.28,2.86
2009-12-29,-4.61,0.12,87.12,1.12,1.77
2009-12-30,-3.19,1.14,95.25,1.38,1.63
2009-12-31,-1.15,3.42,96.0,1.63,1.28
2010-01-01,2.38,4.87,97.05,3.61,2.58
2010-01-02,0.82,0.31,98.23,2.6,1.94
2010-01-03,0.75,0.13,90.32,1.56,3.45
2010-01-04,0.7,9.48,92.68,1.64,0.79
2010-01-05,0.11,4.94,95.03,1.49,1.59
2010-01-06,-4.27,0.0,64.35,5.29,6.11
2010-01-07,-8.09,0.01,72.21,4.17,4.37
2010-01-08,-3.79,0.49,76.86,2.86,3.96
2010-01-09,-0.92,1.0,92.88,1.37,2.56
2010-01-10,-1.11,0.03,91.85,1.85,3.58
2010-01-11,1.71,0.11,86.99,2.1,2.02
2010-01-12,2.79,1.81,96.52,2.02,2.86
2010-01-13,2.4,4.03,99.24,2.77,1.51
2010-01-14,2.18,0.13,88.09,2.76,2.9
2010-01-15,3.93,2.59,80.0,3.61,1.86
2010-01-16,2.87,1.55,95.25,1.02,4.24
2010-01-17,3.48,5.26,91.81,2.89,1.59
2010-01-18,5.12,0.41,77.38,3.54,7.01
2010-01-19,4.61,0.4,77.3,2.86,5.91
2010-01-20,4.25,0.15,72.82,3.12,6.47
2010-01-21,3.62,0.01,75.48,3.43,5.98
2010-01-22,0.96,0.02,75.15,3.13,5.73
2010-01-23,1.69,0.63,72.9,1.35,5.43
2010-01-24,1.37,1.73,85.34,2.2,4.67
2010-01-25,2.22,1.71,92.39,1.88,3.6
2010-01-26,0.83,0.96,83.94,2.9,5.24
2010-01-27,0.95,0.01,83.52,1.51,4.66
2010-01-28,1.32,0.0,82.08,1.59,5.34
2010-01-29,2.5,0.28,79.93,1.88,5.4
2010-01-30,2.65,0.6,89.73,1.05,4.43
2010-01-31,1.08,0.76,94.48,1.0,4.67
2010-02-01,2.24,0.25,79.6,1.6,4.08
2010-02-02,1.97,0.87,92.29,1.55,2.55
2010-02-03,0.34,0.63,90.72,1.76,3.95
2010-02-04,3.23,0.28,80.47,2.29,6.14
2010-02-05,3.69,4.24,90.31,1.66,3.04
2010-02-06,3.41,0.14,85.2,3.5,7.43
2010-02-07,1.6,0.05,84.33,1.83,7.44
2010-02-08,1.59,0.08,86.25,1.41,4.31
2010-02-09,3.09,0.01,72.46,1.13,6.37
2010-02-10,1.92,0.94,81.35,1.64,6.47
2010-02-11,3.53,2.55,93.56,1.75,2.55
2010-02-12,4.96,1.5,88.66,3.31,3.74
2010-02-13,5.73,0.1,77.81,1.62,8.0
2010-02-14,4.3,2.29,87.64,2.4,3.3
2010-02-15,4.22,0.64,88.2,1.43,6.02
2010-02-16,5.13,1.65,85.61,1.49,4.58
2010-02-17,3.57,0.05,79.83,2.83,10.33
2010-02-18,3.15,0.02,72.3,3.74,12.24
2010-02-19,2.93,0.0,67.53,3.46,12.19
2010-02-20,1.9,0.0,63.08,3.65,11.85
2010-02-21,1.73,0.0,53.34,2.17,12.76
2010-02-22,1.99,0.0,46.53,1.49,13.39
2010-02-23,2.61,0.21,58.85,1.91,8.68
2010-02-24,4.59,1.25,74.93,2.42,7.56
2010-02-25,5.28,0.08,74.38,2.74,12.96
2010-02-26,6.55,4.37,68.17,3.87,3.15
2010-02-27,7.36,0.26,68.19,1.39,10.54
2010-02-28,6.36,0.0,73.94,1.42,11.71
2010-03-01,7.5,0.0,67.23,2.93,12.36
2010-03-02,9.88,0.02,60.98,2.33,9.79
2010-03-03,7.34,2.13,81.96,1.36,6.73
2010-03-04,7.01,0.12,76.45,1.09,10.83
2010-03-05,5.76,0.03,71.42,1.51,12.83
2010-03-06,7.17,0.0,65.29,2.06,14.21
2010-03-07,7.07,0.01,65.76,2.1,14.22
2010-03-08,4.49,0.06,61.41,3.08,11.36
2010-03-09,-0.28,0.0,63.81,2.25,14.92
2010-03-10,1.62,0.0,60.31,1.8,15.28
2010-03-11,4.24,3.9,75.36,3.58,5.38
2010-03-12,6.35,4.17,76.24,4.36,5.22
2010-03-13,4.33,0.13,61.71,2.4,15.56
2010-03-14,4.32,0.0,61.97,1.82,16.53
2010-03-15,7.67,0.0,59.36,2.4,14.34
2010-03-16,10.3,0.28,57.53,3.41,14.03
2010-03-17,6.25,0.0,61.35,3.31,17.01
2010-03-18,5.47,0.0,52.37,2.62,18.71
2010-03-19,5.49,0.0,51.32,2.59,18.8
2010-03-20,7.95,0.0,43.79,2.17,15.93
2010-03-21,7.8,1.14,74.55,3.76,8.85
2010-03-22,6.49,0.14,64.67,2.46,18.3
2010-03-23,6.46,0.0,61.28,1.41,18.79
2010-03-24,8.8,0.0,53.35,3.27,16.87
2010-03-25,8.32,0.17,59.26,4.87,12.42
2010-03-26,7.71,0.12,59.17,4.09,18.99
2010-03-27,7.89,0.0,61.2,2.5,17.11
2010-03-28,8.97,5.58,68.07,3.41,10.04
2010-03-29,8.71,4.99,68.54,5.61,11.32
2010-03-30,5.4,0.34,66.26,3.51,16.21
2010-03-31,4.7,0.11,65.8,1.65,18.46
2010-04-01,5.26,0.04,57.33,2.05,18.21
2010-04-02,3.7,4.64,71.11,4.95,4.76
2010-04-03,3.64,0.11,66.1,4.51,17.84
2010-04-04,6.14,0.01,48.52,3.73,18.71
2010-04-05,5.72,2.86,68.45,3.41,14.09
2010-04-06,6.1,0.63,66.13,3.33,17.7
2010-04-07,7.42,0.36,64.85,2.58,11.46
2010-04-08,5.77,5.27,57.65,5.81,22.66
2010-04-09,3.57,0.03,59.6,3.35,19.95
2010-04-10,6.12,0.0,49.6,4.02,20.41
2010-04-11,9.38,0.0,57.65,3.29,16.23
2010-04-12,8.89,2.53,66.02,3.11,9.92
2010-04-13,7.98,1.96,75.76,1.9,11.02
2010-04-14,9.57,0.0,55.16,1.71,24.23
2010-04-15,11.69,0.02,58.08,1.99,18.75
2010-04-16,14.79,0.11,59.62,2.35,19.18
2010-04-17,13.86,0.53,66.16,2.67,18.79
2010-04-18,13.38,0.0,56.43,1.28,23.07
2010-04-19,16.92,0.0,52.77,3.44,22.46
2010-04-20,15.6,1.22,69.45,1.63,17.55
2010-04-21,11.01,1.58,73.29,3.0,14.85
2010-04-22,11.89,0.08,44.69,3.73,23.95
2010-04-23,10.92,0.01,45.86,2.84,26.1
2010-04-24,10.04,0.05,49.27,3.83,23.37
2010-04-25,9.52,0.0,54.27,1.37,22.23
2010-04-26,13.14,0.27,47.81,3.49,17.91
2010-04-27,11.37,7.62,66.42,4.21,14.08
2010-04-28,9.52,0.71,51.53,5.02,21.56
2010-04-29,9.2,2.58,57.5,4.67,13.23
2010-04-30,11.13,0.12,49.86,3.6,21.18
2010-05-01,10.05,0.39,53.62,4.14,20.95
2010-05-02,10.47,1.28,55.12,3.48,22.31
2010-05-03,9.99,1.72,53.36,7.46,23.38
2010-05-04,6.87,0.03,46.41,3.16,22.33
2010-05-05,6.95,0.08,49.22,1.59,19.67
2010-05-06,8.04,0.52,56.9,0.77,18.44
2010-05-07,10.86,0.03,47.18,1.94,21.44
2010-05-08,11.05,0.85,50.59,2.16,21.2
2010-05-09,12.61,0.03,39.36,1.11,25.91
2010-05-10,9.66,0.6,65.9,2.54,17.53
2010-05-11,14.56,0.03,50.54,3.24,26.69
2010-05-12,14.28,0.0,51.85,1.13,27.08
2010-05-13,15.9,0.0,47.81,1.75,28.24
2010-05-14,18.22,0.0,40.53,1.48,27.01
2010-05-15,19.73,0.0,44.32,1.9,26.75
2010-05-16,20.25,0.4,55.3,2.14,19.4
2010-05-17,18.43,2.75,70.78,1.73,14.4
2010-05-18,14.98,10.05,69.45,2.91,11.83
2010-05-19,14.31,4.93,58.8,3.98,23.28
2010-05-20,9.3,0.71,55.39,3.8,21.9
2010-05-21,8.98,0.11,54.43,1.55,24.23
2010-05-22,10.83,0.08,48.94,2.11,26.52
2010-05-23,9.17,0.07,56.56,2.72,22.21
2010-05-24,11.21,0.01,53.91,1.83,25.32
2010-05-25,14.61,0.02,47.64,1.76,18.15
2010-05-26,12.96,3.98,69.34,1.45,10.91
2010-05-27,10.83,16.08,84.73,2.75,7.94
2010-05-28,12.06,3.16,69.78,2.42,14.57
2010-05-29,12.65,0.12,60.86,3.32,20.28
2010-05-30,13.7,0.1,61.17,2.79,25.52
2010-05-31,15.17,1.13,69.42,2.64,16.26
2010-06-01,14.8,0.24,60.6,2.87,25.73
2010-06-02,14.17,15.32,81.42,4.33,9.3
2010-06-03,12.27,0.46,55.44,2.55,26.52
2010-06-04,14.04,7.0,68.39,3.68,17.74
2010-06-05,15.06,0.0,54.08,1.5,29.63
2010-06-06,15.39,0.97,63.39,2.05,13.21
2010-06-07,16.94,0.26,55.02,2.82,29.11
2010-06-08,16.37,3.01,54.5,1.49,26.92
2010-06-09,15.76,5.57,63.55,3.91,23.37
2010-06-10,14.5,0.89,57.41,3.0,20.79
2010-06-11,15.53,0.22,57.24,1.37,24.73
2010-06-12,19.46,0.0,49.53,1.69,31.3
2010-06-13,21.33,0.0,45.85,2.66,31.47
2010-06-14,16.76,0.0,42.55,2.93,26.71
2010-06-15,13.95,0.01,47.78,2.95,25.78
2010-06-16,12.74,0.41,54.97,1.76,13.7
2010-06-17,14.14,0.45,59.12,2.63,13.59
2010-06-18,17.77,0.0,47.89,2.15,24.86
2010-06-19,19.12,1.54,52.23,2.24,24.27
2010-06-20,15.07,2.86,73.07,2.52,10.62
2010-06-21,16.2,0.26,59.6,2.17,17.04
2010-06-22,19.87,0.0,51.6,1.84,28.09
2010-06-23,23.94,0.09,47.18,1.77,22.6
2010-06-24,23.62,0.06,47.98,2.34,26.18
2010-06-25,21.35,0.01,49.98,2.31,26.8
2010-06-26,20.5,0.0,45.44,2.58,30.69
2010-06-27,21.63,0.0,48.2,2.15,29.71
2010-06-28,23.66,0.0,45.48,2.63,30.32
2010-06-29,19.67,0.0,41.7,3.68,26.51
2010-06-30,16.3,0.0,39.17,1.69,27.84
2010-07-01,17.71,0.97,42.03,2.23,19.27
2010-07-02,16.38,0.99,55.62,2.96,20.68
2010-07-03,16.53,0.02,52.58,2.09,29.14
2010-07-04,17.7,0.0,48.7,3.71,24.79
2010-07-05,17.88,0.01,46.89,2.13,22.66
2010-07-06,21.03,0.0,40.7,1.7,31.24
2010-07-07,24.01,0.0,39.73,3.45,31.41
2010-07-08,26.68,0.0,35.07,1.91,31.12
2010-07-09,27.74,0.0,34.16,1.97,30.24
2010-07-10,26.15,0.0,40.59,2.11,26.35
2010-07-11,25.78,0.0,44.5,2.86,29.35
2010-07-12,19.56,0.0,42.68,5.39,31.24
2010-07-13,17.43,0.0,42.75,2.04,25.82
2010-07-14,21.22,0.0,39.93,0.95,30.1
2010-07-15,24.87,0.0,35.74,2.44,29.89
2010-07-16,23.31,0.0,41.44,2.82,30.49
2010-07-17,22.23,0.0,44.03,2.08,30.45
2010-07-18,21.98,0.0,44.44,2.92,30.33
2010-07-19,21.99,0.0,45.33,1.87,29.69
2010-07-20,24.07,0.0,34.2,1.62,24.11
2010-07-21,25.27,0.0,36.84,2.53,28.28
2010-07-22,22.39,0.0,45.41,4.56,27.25
2010-07-23,22.74,0.0,38.81,1.77,29.44
2010-07-24,26.71,0.0,30.62,0.89,29.57
2010-07-25,29.19,0.0,28.43,1.36,29.37
2010-07-26,27.83,0.0,32.04,1.77,29.15
2010-07-27,24.36,0.26,49.97,2.23,16.04
2010-07-28,25.59,0.53,53.84,2.67,21.44
2010-07-29,26.7,0.02,46.12,1.22,26.95
2010-07-30,27.29,2.42,40.76,0.95,24.2
2010-07-31,22.27,2.61,52.29,2.38,18.7
2010-08-01,21.99,0.0,51.37,1.97,25.44
2010-08-02,24.76,0.01,45.21,1.3,20.46
2010-08-03,24.81,0.04,46.3,1.58,22.58
2010-08-04,25.59,0.03,43.32,1.97,24.67
2010-08-05,26.85,0.0,42.51,2.33,25.15
2010-08-06,25.37,0.0,45.61,2.67,23.47
2010-08-07,22.53,0.03,50.28,3.36,21.88
2010-08-08,22.36,0.05,48.92,2.16,22.29
2010-08-09,21.61,0.0,46.59,3.27,25.89
2010-08-10,20.15,0.01,47.55,1.76,18.84
2010-08-11,21.82,0.11,44.08,1.34,22.63
2010-08-12,23.97,0.0,45.03,3.01,25.08
2010-08-13,23.22,0.0,36.58,4.89,26.51
2010-08-14,23.94,0.0,37.55,4.43,26.15
2010-08-15,24.8,0.0,39.63,3.51,26.14
2010-08-16,26.69,0.0,34.6,2.05,25.69
2010-08-17,28.5,0.0,29.34,1.52,25.35
2010-08-18,25.42,0.03,36.58,3.23,24.06
2010-08-19,21.73,0.0,42.71,3.61,25.53
2010-08-20,20.38,0.0,39.66,1.71,25.12
2010-08-21,20.46,0.0,37.78,2.21,16.86
2010-08-22,18.28,0.02,46.52,4.27,21.73
2010-08-23,17.48,0.0,44.57,1.55,24.76
2010-08-24,21.34,0.0,33.29,2.8,24.66
2010-08-25,24.97,0.0,30.38,1.8,24.46
2010-08-26,22.05,0.0,38.32,4.5,22.28
2010-08-27,16.38,0.0,45.15,1.87,21.66
2010-08-28,16.65,0.0,39.45,2.35,20.82
2010-08-29,16.41,0.01,41.87,2.72,20.34
2010-08-30,14.08,0.41,56.23,1.95,13.55
2010-08-31,13.7,3.99,65.57,3.78,9.98
2010-09-01,17.28,0.34,56.2,2.82,21.69
2010-09-02,18.48,0.0,39.69,3.22,21.91
2010-09-03,22.18,0.02,36.68,2.54,19.55
2010-09-04,18.64,0.0,47.7,4.1,22.18
2010-09-05,14.56,0.07,47.06,3.07,18.09
2010-09-06,14.74,0.01,53.43,1.98,18.39
2010-09-07,15.27,0.73,54.89,2.15,8.46
2010-09-08,14.67,0.82,65.38,1.83,11.79
2010-09-09,15.33,0.49,58.3,3.15,15.22
2010-09-10,13.95,0.0,59.78,2.76,19.44
2010-09-11,15.23,0.0,52.81,1.42,19.81
2010-09-12,17.48,0.0,50.26,1.87,19.68
2010-09-13,19.18,0.05,52.29,1.54,19.71
2010-09-14,18.4,0.32,61.64,1.77,19.12
2010-09-15,18.91,0.51,59.91,2.31,13.87
2010-09-16,18.78,1.08,68.01,2.4,12.67
2010-09-17,17.53,2.95,71.41,3.36,12.02
2010-09-18,17.05,2.44,62.45,1.89,12.93
2010-09-19,16.63,5.91,72.17,3.47,5.18
2010-09-20,15.3,0.69,67.45,4.77,13.51
2010-09-21,13.35,0.0,56.55,1.45,16.91
2010-09-22,12.98,0.0,54.13,2.35,18.44
2010-09-23,12.28,1.94,67.93,2.82,9.84
2010-09-24,13.37,0.1,71.13,1.33,12.48
2010-09-25,17.25,0.0,51.67,1.5,17.68
2010-09-26,17.51,0.0,66.9,2.76,14.01
2010-09-27,20.47,0.0,66.99,2.04,16.43
2010-09-28,21.0,0.0,59.16,2.78,16.65
2010-09-29,18.48,0.0,56.93,1.44,17.06
2010-09-30,18.9,0.0,51.9,3.39,16.4
2010-10-01,19.28,0.0,52.47,1.96,16.35
2010-10-02,19.32,0.0,54.6,1.04,15.78
2010-10-03,16.91,0.48,65.86,2.29,5.41
2010-10-04,14.44,0.07,58.0,2.7,11.8
2010-10-05,13.46,0.0,51.83,2.53,15.92
2010-10-06,14.36,0.0,59.58,2.64,14.98
2010-10-07,12.76,8.2,84.75,1.82,6.48
2010-10-08,13.19,0.13,71.44,2.12,9.28
2010-10-09,13.12,1.98,75.37,2.46,6.0
2010-10-10,14.52,4.67,75.66,3.69,4.56
2010-10-11,8.49,0.11,64.08,2.02,14.71
2010-10-12,10.29,0.0,49.62,2.26,11.8
2010-10-13,11.53,0.0,45.09,1.76,13.14
2010-10-14,12.47,0.0,49.73,1.73,12.96
2010-10-15,9.65,0.0,50.97,2.05,13.76
2010-10-16,9.03,0.0,42.17,2.48,13.35
2010-10-17,8.02,0.0,45.19,1.39,13.45
2010-10-18,9.05,0.0,48.57,1.07,10.4
2010-10-19,10.39,0.0,48.22,1.46,12.49
2010-10-20,11.95,0.0,53.72,2.49,12.26
2010-10-21,10.91,0.0,56.81,1.19,11.93
2010-10-22,10.33,0.14,74.45,1.8,9.72
2010-10-23,9.64,3.63,79.27,2.16,5.8
2010-10-24,9.22,6.34,74.52,5.65,5.51
2010-10-25,6.76,2.64,78.48,5.5,6.58
2010-10-26,5.6,0.48,83.47,4.21,9.53
2010-10-27,6.7,0.03,76.11,3.07,8.66
2010-10-28,7.86,3.15,72.07,2.02,2.93
2010-10-29,7.0,2.73,86.23,1.07,4.56
2010-10-30,6.06,1.18,87.07,2.43,3.65
2010-10-31,8.51,1.77,76.17,2.88,8.74
2010-11-01,12.07,2.48,76.42,4.16,4.42
2010-11-02,10.96,0.31,70.98,1.68,10.19
2010-11-03,8.81,0.01,69.54,4.09,9.88
2010-11-04,9.68,0.0,70.73,1.88,9.13
2010-11-05,8.1,0.0,77.53,1.37,4.52
2010-11-06,9.83,1.02,80.34,1.48,4.24
2010-11-07,7.95,5.7,82.44,2.61,5.32
2010-11-08,4.11,0.05,73.65,1.97,8.01
2010-11-09,3.78,1.23,78.2,2.09,5.07
2010-11-10,3.46,0.45,73.79,1.72,8.34
2010-11-11,2.6,0.59,81.28,1.98,3.77
2010-11-12,3.11,0.02,81.36,1.03,4.94
2010-11-13,3.4,0.43,82.0,1.55,4.19
2010-11-14,5.41,1.72,91.3,1.48,3.68
2010-11-15,7.74,0.54,84.03,3.84,3.35
2010-11-16,7.87,0.04,61.76,4.41,6.87
2010-11-17,5.6,3.65,84.47,3.4,2.68
2010-11-18,3.65,2.48,78.4,3.42,7.27
2010-11-19,1.49,0.11,78.14,1.57,5.76
2010-11-20,-0.78,0.07,60.23,4.9,4.8
2010-11-21,-3.23,0.57,57.21,3.16,3.6
2010-11-22,-3.4,2.81,72.31,3.06,2.44
2010-11-23,-9.96,1.16,52.77,3.86,3.35
2010-11-24,-10.16,0.01,61.95,1.49,3.99
2010-11-25,-5.96,0.48,81.61,1.84,1.02
2010-11-26,-0.4,1.41,81.96,3.22,1.98
2010-11-27,-0.65,2.9,91.1,1.57,1.75
2010-11-28,-2.89,0.17,88.81,0.76,3.01
2010-11-29,-2.61,0.65,85.88,2.01,2.15
2010-11-30,-0.12,8.3,91.03,3.49,1.33
2010-12-01,1.04,1.84,97.33,1.14,3.2
2010-12-02,-0.69,1.39,96.01,0.83,2.31
2010-12-03,-2.68,0.38,94.06,2.17,1.63
2010-12-04,-6.56,0.03,82.31,4.78,4.96
2010-12-05,-6.23,0.01,81.58,4.76,4.28
2010-12-06,-4.16,0.07,84.15,2.73,3.07
2010-12-07,-0.42,0.26,92.23,3.05,2.53
2010-12-08,2.12,0.74,93.85,2.59,3.79
2010-12-09,1.99,7.39,97.01,3.02,2.73
2010-12-10,1.0,1.33,95.49,2.97,5.04
2010-12-11,1.02,6.58,96.62,2.32,1.31
2010-12-12,6.25,5.38,98.36,4.13,3.45
2010-12-13,3.91,2.24,98.12,1.49,3.42
2010-12-14,4.36,3.11,83.7,5.77,4.35
2010-12-15,0.11,0.07,89.54,2.11,2.63
2010-12-16,0.05,0.33,75.91,2.26,3.03
2010-12-17,-1.03,0.01,70.08,2.75,5.12
2010-12-18,-2.33,2.4,76.06,2.85,1.36
2010-12-19,-2.44,1.82,84.17,3.9,2.75
2010-12-20,-1.24,1.44,87.89,1.81,2.08
2010-12-21,0.13,0.08,86.11,2.51,4.76
2010-12-22,0.0,3.49,88.32,1.93,1.08
2010-12-23,-0.1,0.17,92.55,1.68,1.72
2010-12-24,0.41,0.04,89.66,2.7,1.78
2010-12-25,1.73,0.01,79.84,2.63,2.93
2010-12-26,1.24,1.27,91.51,3.95,2.88
2010-12-27,0.7,3.06,94.05,3.69,2.5
2010-12-28,2.5,8.06,97.7,2.9,2.54
2010-12-29,-1.6,7.82,85.03,3.51,1.6
2010-12-30,-7.53,0.0,70.65,2.86,4.05
2010-12-31,-11.18,0.0,72.28,2.12,6.26
2011-01-01,-10.5,0.0,77.68,2.31,5.65
2011-01-02,-7.85,0.0,76.66,1.51,5.92
2011-01-03,-7.4,0.01,87.26,1.29,3.94
2011-01-04,-5.51,0.03,84.11,1.36,3.01
2011-01-05,-1.96,1.78,93.1,1.85,1.5
2011-01-06,0.21,1.57,97.4,1.75,1.36
2011-01-07,0.63,2.17,94.32,3.19,2.41
2011-01-08,-2.11,0.31,88.85,1.74,3.93
2011-01-09,-4.3,0.42,82.83,3.07,5.34
2011-01-10,-9.45,0.0,69.0,4.54,4.02
2011-01-11,-9.38,0.64,77.12,4.56,3.82
2011-01-12,0.04,6.5,97.04,3.69,2.39
2011-01-13,3.82,6.15,98.45,3.95,2.75
2011-01-14,5.34,1.56,97.53,4.58,2.86
2011-01-15,4.77,8.77,99.07,2.43,2.76
2011-01-16,8.14,3.27,98.19,5.0,4.84
2011-01-17,5.76,0.05,82.86,4.68,5.96
2011-01-18,0.6,0.84,83.13,1.81,2.76
2011-01-19,-2.48,0.0,71.85,1.76,7.31
2011-01-20,-0.71,0.4,82.45,2.37,4.05
2011-01-21,1.25,3.9,97.99,2.98,1.98
2011-01-22,1.23,0.03,84.52,1.61,7.11
2011-01-23,2.14,0.37,82.78,1.56,7.39
2011-01-24,1.74,2.04,96.51,1.26,2.83
2011-01-25,1.73,0.08,95.74,0.8,3.83
2011-01-26,2.0,0.05,93.46,1.24,2.17
2011-01-27,2.13,0.01,84.47,1.34,3.56
2011-01-28,3.3,0.04,89.04,3.18,3.35
2011-01-29,3.6,3.06,97.27,2.11,2.68
2011-01-30,-1.68,0.29,61.68,4.42,7.71
2011-01-31,-5.12,0.0,46.47,4.17,7.89
2011-02-01,-7.08,0.0,55.25,2.73,9.34
2011-02-02,-4.3,0.0,52.79,1.86,7.26
2011-02-03,-1.77,0.01,57.82,1.38,4.16
2011-02-04,1.5,0.36,93.5,2.5,6.05
2011-02-05,2.49,0.01,81.49,1.26,7.48
2011-02-06,1.05,2.01,94.31,1.53,3.28
2011-02-07,1.97,0.26,86.4,3.39,4.77
2011-02-08,-0.72,0.21,61.02,4.05,6.7
2011-02-09,-0.12,0.0,62.56,1.51,9.73
2011-02-10,0.77,0.0,69.08,1.75,9.99
2011-02-11,2.36,0.0,74.2,1.62,6.56
2011-02-12,5.27,0.08,74.85,4.66,6.89
2011-02-13,3.8,0.05,76.04,2.49,9.82
2011-02-14,4.5,1.24,84.56,2.31,3.18
2011-02-15,2.63,3.42,91.62,2.23,3.9
2011-02-16,0.95,1.15,88.93,2.3,9.39
2011-02-17,-0.35,0.15,77.88,2.62,10.17
2011-02-18,0.95,0.66,73.15,2.19,6.84
2011-02-19,-0.54,0.02,59.79,5.82,11.95
2011-02-20,-1.08,0.0,52.28,2.6,12.57
2011-02-21,0.69,0.04,65.35,2.5,11.75
2011-02-22,0.29,0.59,72.17,3.79,9.06
2011-02-23,-0.61,1.86,74.68,3.6,4.51
2011-02-24,-7.18,0.72,64.44,6.19,7.05
2011-02-25,-10.47,0.0,50.7,4.21,11.67
2011-02-26,-7.51,0.03,62.98,2.26,7.83
2011-02-27,-0.48,1.37,81.74,5.56,8.37
2011-02-28,2.26,3.46,82.36,5.42,4.19
2011-03-01,1.57,3.49,93.27,1.84,5.05
2011-03-02,4.27,0.54,77.27,3.88,8.1
2011-03-03,2.16,0.04,80.25,3.34,10.31
2011-03-04,2.17,0.22,78.59,2.46,8.6
2011-03-05,4.01,0.11,75.05,1.44,12.59
2011-03-06,4.3,0.01,62.99,0.94,11.54
2011-03-07,3.37,0.03,54.65,1.19,11.63
2011-03-08,3.04,1.27,74.53,2.68,7.71
2011-03-09,6.1,6.95,87.35,3.14,8.41
2011-03-10,6.47,7.85,81.51,5.6,7.02
2011-03-11,3.39,0.0,67.06,2.85,15.38
2011-03-12,4.32,0.38,70.66,2.87,10.01
2011-03-13,6.85,4.3,79.08,4.29,6.67
2011-03-14,6.22,0.07,66.82,4.29,15.33
2011-03-15,6.11,4.97,87.29,4.09,6.82
2011-03-16,3.89,0.28,77.54,3.46,12.96
2011-03-17,3.31,0.2,72.36,2.69,15.02
2011-03-18,5.59,1.71,69.84,3.36,10.08
2011-03-19,4.41,0.35,68.78,2.36,16.86
2011-03-20,3.9,1.28,74.68,4.78,9.44
2011-03-21,4.82,2.88,90.01,1.66,8.76
2011-03-22,4.2,0.01,66.03,3.0,17.05
2011-03-23,5.56,0.01,61.21,3.24,18.05
2011-03-24,8.38,0.62,67.96,2.63,12.49
2011-03-25,6.47,0.97,67.79,2.96,12.68
2011-03-26,4.83,1.95,80.52,2.56,11.38
2011-03-27,4.9,1.79,75.43,2.88,12.54
2011-03-28,6.95,1.59,67.23,2.52,14.47
2011-03-29,5.83,4.01,85.7,3.35,9.46
2011-03-30,11.34,1.19,74.49,5.74,13.12
2011-03-31,12.54,0.12,66.35,5.49,16.88
2011-04-01,10.36,0.51,74.82,1.68,11.74
2011-04-02,7.71,1.42,57.2,4.76,18.09
2011-04-03,5.75,0.02,60.12,2.58,17.08
2011-04-04,5.71,2.31,82.38,4.0,10.73
2011-04-05,6.95,0.5,61.93,4.72,19.57
2011-04-06,5.18,0.61,64.17,4.13,15.69
2011-04-07,4.19,0.07,60.49,1.35,17.37
2011-04-08,5.98,0.0,54.93,3.06,23.46
2011-04-09,6.72,0.03,59.36,2.32,19.5
2011-04-10,7.39,0.46,75.75,3.2,13.39
2011-04-11,7.92,0.91,57.98,4.42,22.41
2011-04-12,5.29,0.0,59.71,1.64,19.38
2011-04-13,4.96,5.91,74.91,2.82,9.22
2011-04-14,5.46,1.84,73.74,4.86,16.51
2011-04-15,5.8,3.01,84.49,1.37,10.3
2011-04-16,9.23,0.59,67.59,3.69,19.41
2011-04-17,5.54,0.0,52.36,2.44,21.41
2011-04-18,3.81,0.17,57.96,2.09,17.01
2011-04-19,3.98,0.04,61.09,1.73,22.19
2011-04-20,5.68,0.03,53.27,1.46,15.97
2011-04-21,5.86,0.4,57.0,3.08,18.16
2011-04-22,6.14,0.0,60.1,1.42,25.5
2011-04-23,8.45,0.0,51.73,2.35,26.49
2011-04-24,8.79,0.03,59.97,3.11,21.16
2011-04-25,6.47,6.13,81.39,3.47,10.53
2011-04-26,7.87,0.19,61.42,3.04,19.41
2011-04-27,7.47,0.41,64.93,3.07,18.03
2011-04-28,6.72,0.21,57.98,3.75,20.67
2011-04-29,6.53,0.05,58.4,3.37,13.7
2011-04-30,9.09,0.11,51.67,1.84,25.52
2011-05-01,9.22,0.0,56.55,1.87,27.58
2011-05-02,8.54,1.92,63.99,3.57,10.43
2011-05-03,8.58,0.13,57.84,3.27,21.27
2011-05-04,10.21,0.0,56.09,1.54,27.39
2011-05-05,11.73,0.13,56.95,2.72,18.0
2011-05-06,10.81,2.1,66.95,2.67,15.68
2011-05-07,10.35,1.11,67.08,3.39,19.32
2011-05-08,9.17,0.22,58.92,1.77,18.32
2011-05-09,12.8,0.56,57.67,2.21,26.57
2011-05-10,12.86,0.0,55.62,2.2,28.65
2011-05-11,14.52,1.76,59.82,3.58,19.64
2011-05-12,11.41,0.36,53.87,2.19,27.74
2011-05-13,14.46,0.18,62.43,3.27,25.15
2011-05-14,18.21,9.04,68.92,3.06,10.54
2011-05-15,12.95,4.09,64.84,4.25,9.33
2011-05-16,8.01,6.7,72.5,3.06,9.28
2011-05-17,11.63,0.04,52.06,1.39,27.75
2011-05-18,14.62,0.01,47.08,1.88,28.58
2011-05-19,15.33,0.0,49.93,1.41,29.06
2011-05-20,17.57,0.02,47.71,1.32,26.78
2011-05-21,14.96,0.13,63.58,2.65,17.23
2011-05-22,12.89,0.01,59.56,2.48,19.37
2011-05-23,11.95,0.19,62.15,1.3,20.18
2011-05-24,14.25,0.13,56.43,2.82,21.95
2011-05-25,12.72,7.16,67.43,3.79,13.78
2011-05-26,10.14,5.72,59.02,5.27,20.66
2011-05-27,11.16,0.78,58.44,3.81,21.8
2011-05-28,10.98,0.08,56.21,1.64,24.4
2011-05-29,14.31,0.46,55.39,2.03,23.68
2011-05-30,14.02,0.81,61.39,1.96,24.98
2011-05-31,13.43,3.63,66.59,2.31,17.74
2011-06-01,13.56,1.8,67.42,1.93,19.84
2011-06-02,11.72,1.85,67.13,3.54,20.53
2011-06-03,13.63,0.02,57.56,2.34,28.62
2011-06-04,18.02,0.0,46.97,2.42,31.82
2011-06-05,21.03,0.01,43.31,1.61,22.48
2011-06-06,19.01,0.45,60.04,2.19,23.02
2011-06-07,16.71,0.12,52.16,4.12,27.47
2011-06-08,11.52,2.64,65.61,1.46,16.29
2011-06-09,14.99,0.15,58.07,1.62,26.56
2011-06-10,16.58,0.13,53.71,1.47,18.6
2011-06-11,17.54,0.02,50.17,2.47,26.8
2011-06-12,16.59,0.03,51.4,3.33,29.23
2011-06-13,17.21,0.1,55.19,4.27,23.43
2011-06-14,16.07,0.0,50.54,2.8,30.75
2011-06-15,14.0,0.37,49.5,3.08,21.23
2011-06-16,14.88,0.05,50.86,3.17,13.93
2011-06-17,17.49,0.0,52.33,2.09,27.7
2011-06-18,14.66,3.03,69.29,2.04,11.05
2011-06-19,16.88,0.1,57.1,3.01,23.38
2011-06-20,17.9,0.0,56.46,1.98,30.09
2011-06-21,19.85,0.0,50.61,1.85,30.61
2011-06-22,22.93,0.0,48.77,2.03,23.75
2011-06-23,16.9,0.01,44.28,4.14,31.62
2011-06-24,16.05,0.0,47.31,2.53,27.52
2011-06-25,16.82,0.0,42.65,1.7,26.63
2011-06-26,19.14,0.0,38.53,1.72,31.16
2011-06-27,21.83,0.04,43.18,2.42,19.57
2011-06-28,23.08,0.01,52.94,3.52,23.85
2011-06-29,21.15,0.03,50.31,3.85,26.16
2011-06-30,17.24,0.0,47.45,3.76,29.27
2011-07-01,17.71,0.0,48.26,1.39,30.92
2011-07-02,23.54,0.0,40.73,1.57,30.56
2011-07-03,21.29,0.0,43.45,3.54,30.79
2011-07-04,21.35,0.0,37.96,1.6,31.19
2011-07-05,24.06,0.0,34.77,1.27,31.29
2011-07-06,26.48,0.0,34.15,1.1,31.13
2011-07-07,23.7,0.0,45.26,3.77,29.04
2011-07-08,16.97,0.0,40.97,3.38,31.2
2011-07-09,18.72,0.0,39.24,1.77,27.85
2011-07-10,21.4,0.0,41.25,1.44,24.19
2011-07-11,22.3,0.03,47.76,1.81,24.08
2011-07-12,20.61,0.62,55.76,3.09,19.55
2011-07-13,18.69,0.72,53.45,2.59,27.69
2011-07-14,17.63,0.06,53.2,2.13,18.77
2011-07-15,20.06,0.0,50.58,1.64,28.33
2011-07-16,21.45,0.46,52.22,2.5,18.23
2011-07-17,22.1,0.0,50.16,1.65,22.17
2011-07-18,22.17,0.0,53.73,2.4,23.77
2011-07-19,19.25,0.2,55.85,3.51,12.69
2011-07-20,18.26,0.0,52.09,2.15,27.01
2011-07-21,18.21,0.1,56.64,3.12,16.25
2011-07-22,17.39,0.0,48.59,1.86,29.17
2011-07-23,20.81,0.0,42.38,1.45,29.51
2011-07-24,24.47,0.0,36.82,2.25,28.94
2011-07-25,21.89,1.75,51.51,2.63,13.93
2011-07-26,19.58,0.0,54.1,2.83,25.98
2011-07-27,19.27,0.0,47.74,1.71,26.07
2011-07-28,21.07,0.0,47.43,1.72,28.42
2011-07-29,23.77,0.0,43.74,1.76,28.24
2011-07-30,25.08,0.0,40.97,1.86,28.37
2011-07-31,23.55,0.0,47.82,2.61,27.88
2011-08-01,23.1,0.0,39.77,1.83,28.8
2011-08-02,23.64,0.0,43.7,2.66,24.79
2011-08-03,23.59,0.0,42.08,1.5,27.95
2011-08-04,25.8,0.0,38.1,1.21,27.2
2011-08-05,23.57,0.01,46.22,2.92,27.34
2011-08-06,22.32,0.0,49.66,2.35,27.29
2011-08-07,22.18,0.0,48.02,1.98,26.97
2011-08-08,22.57,0.0,48.48,2.04,26.54
2011-08-09,21.22,0.0,46.9,3.04,27.13
2011-08-10,20.56,0.0,47.98,3.69,26.46
2011-08-11,20.14,0.0,46.95,1.7,26.15
2011-08-12,23.22,0.0,41.48,1.62,25.27
2011-08-13,23.73,0.0,39.45,2.22,24.96
2011-08-14,19.86,0.0,48.88,2.87,23.19
2011-08-15,19.04,0.0,47.81,2.33,23.84
2011-08-16,21.2,0.0,37.71,1.26,26.17
2011-08-17,22.79,0.0,29.5,2.39,26.08
2011-08-18,21.5,0.0,40.06,1.86,23.97
2011-08-19,22.33,0.0,39.12,1.6,22.97
2011-08-20,24.0,0.0,31.66,2.18,25.59
2011-08-21,25.73,0.0,26.44,1.11,23.66
2011-08-22,24.43,0.01,39.5,2.8,20.68
2011-08-23,23.79,0.0,48.8,2.63,24.06
2011-08-24,24.85,0.01,47.79,1.84,24.06
2011-08-25,26.97,0.0,39.29,1.57,21.61
2011-08-26,26.9,0.0,35.96,1.44,23.29
2011-08-27,27.35,0.0,32.82,1.53,23.52
2011-08-28,26.19,1.5,40.58,2.11,20.73
2011-08-29,24.23,0.96,45.56,3.02,22.07
2011-08-30,20.25,0.0,46.61,2.84,22.37
2011-08-31,16.93,0.2,53.45,2.54,16.61
2011-09-01,17.35,0.0,46.58,2.09,21.95
2011-09-02,18.08,0.0,41.9,2.19,23.19
2011-09-03,18.09,0.0,37.22,3.37,23.16
2011-09-04,21.39,0.0,31.16,1.99,22.79
2011-09-05,23.3,0.0,30.14,1.51,21.76
2011-09-06,22.46,0.0,37.91,1.4,21.87
2011-09-07,23.46,0.0,31.5,2.65,20.6
2011-09-08,24.45,0.0,31.2,2.25,18.71
2011-09-09,25.22,0.0,32.18,1.41,19.91
2011-09-10,24.71,0.0,34.27,2.47,18.28
2011-09-11,25.74,0.0,33.11,1.47,18.36
2011-09-12,24.58,0.0,35.34,1.47,18.47
2011-09-13,21.77,0.0,46.56,1.79,16.98
2011-09-14,20.79,0.0,47.41,1.95,18.98
2011-09-15,17.31,0.07,52.59,3.69,15.31
2011-09-16,15.08,0.0,57.61,2.41,15.59
2011-09-17,13.81,0.3,60.94,3.14,10.25
2011-09-18,17.0,1.53,73.99,3.69,12.78
2011-09-19,17.37,0.33,51.86,2.52,18.28
2011-09-20,16.59,0.0,39.83,2.35,18.63
2011-09-21,18.59,0.0,34.25,1.43,17.82
2011-09-22,20.73,0.0,39.9,1.91,13.06
2011-09-23,21.84,0.0,49.15,2.16,17.76
2011-09-24,22.13,0.0,39.31,1.75,16.81
2011-09-25,17.23,0.45,52.73,4.43,7.77
2011-09-26,15.53,0.07,58.53,2.46,7.42
2011-09-27,17.0,0.66,58.13,3.96,12.36
2011-09-28,12.96,0.0,52.88,2.3,17.45
2011-09-29,15.83,0.0,41.33,2.9,17.17
2011-09-30,17.76,0.0,45.92,1.69,14.57
2011-10-01,18.31,0.13,54.73,2.94,10.26
2011-10-02,15.73,0.0,59.56,1.53,12.25
2011-10-03,15.77,0.06,55.3,2.07,8.87
2011-10-04,11.94,3.03,68.95,2.65,7.84
2011-10-05,10.2,3.37,78.15,2.58,5.32
2011-10-06,10.81,4.2,75.44,2.15,7.49
2011-10-07,11.68,0.15,65.01,3.27,10.53
2011-10-08,10.29,0.01,69.61,1.47,13.87
2011-10-09,10.21,0.7,73.74,0.92,9.72
2011-10-10,11.48,3.09,80.93,2.66,3.59
2011-10-11,12.21,0.79,72.73,5.07,12.06
2011-10-12,10.52,0.01,69.99,2.95,9.07
2011-10-13,9.71,0.01,60.76,1.07,12.99
2011-10-14,9.8,0.86,67.09,2.18,6.27
2011-10-15,10.57,1.06,64.6,1.77,12.56
2011-10-16,9.3,0.26,58.77,2.12,12.13
2011-10-17,9.75,0.1,71.91,1.72,11.25
2011-10-18,10.71,0.0,54.47,3.72,12.63
2011-10-19,10.24,0.0,64.33,1.78,10.68
2011-10-20,11.4,0.02,72.36,1.9,10.73
2011-10-21,11.69,0.1,75.96,2.71,6.05
2011-10-22,13.27,0.38,79.8,4.36,8.34
2011-10-23,12.03,0.04,73.23,1.67,6.95
2011-10-24,7.75,0.0,57.44,2.56,11.66
2011-10-25,6.57,0.0,53.66,1.6,11.87
2011-10-26,3.68,0.0,63.24,1.62,5.33
2011-10-27,4.11,0.0,63.56,1.34,10.63
2011-10-28,5.7,1.16,66.88,3.63,4.56
2011-10-29,7.61,0.15,68.05,1.65,10.22
2011-10-30,8.6,1.59,86.18,2.39,6.7
2011-10-31,6.67,0.01,65.13,2.97,10.6
2011-11-01,4.21,0.0,54.14,1.85,10.44
2011-11-02,4.41,0.0,44.79,3.29,9.87
2011-11-03,4.95,0.7,75.4,1.51,5.07
2011-11-04,2.91,0.07,62.8,2.61,9.95
2011-11-05,0.65,0.02,73.51,1.53,8.38
2011-11-06,1.54,0.0,67.07,1.32,8.62
2011-11-07,1.54,0.05,85.28,2.15,4.61
2011-11-08,3.54,0.02,80.51,2.15,6.63
2011-11-09,5.28,0.0,54.08,1.54,5.58
2011-11-10,4.28,0.0,55.36,1.35,7.61
2011-11-11,2.91,1.54,69.91,3.95,2.99
2011-11-12,1.99,2.34,79.66,4.09,3.77
2011-11-13,4.86,0.07,76.58,5.03,8.03
2011-11-14,3.04,0.02,69.75,3.58,7.69
2011-11-15,0.32,0.0,67.4,1.47,8.51
2011-11-16,-0.15,2.17,78.48,3.27,2.57
2011-11-17,3.37,0.68,82.79,4.43,7.52
2011-11-18,0.8,0.69,81.15,2.43,4.88
2011-11-19,-2.86,2.03,77.6,1.99,3.96
2011-11-20,-2.01,0.01,75.68,1.37,3.6
2011-11-21,1.96,2.38,80.8,3.53,2.83
2011-11-22,8.3,4.53,78.37,7.26,2.05
2011-11-23,8.88,4.27,72.98,5.81,2.67
2011-11-24,3.24,2.05,84.59,3.45,4.04
2011-11-25,2.25,0.23,67.8,3.65,7.38
2011-11-26,2.21,0.03,66.49,2.38,2.92
2011-11-27,5.31,1.14,72.93,3.6,3.75
2011-11-28,2.78,0.04,81.7,1.6,5.46
2011-11-29,2.1,0.16,84.27,1.4,3.7
2011-11-30,1.01,0.08,78.94,3.02,6.78
2011-12-01,-0.96,0.01,85.63,1.78,4.9
2011-12-02,-0.68,0.0,70.32,2.65,6.97
2011-12-03,-1.3,0.0,67.12,1.47,3.36
2011-12-04,-0.95,0.0,69.12,2.55,5.47
2011-12-05,-0.29,0.0,66.61,1.15,5.46
2011-12-06,0.19,0.0,60.24,1.07,6.3
2011-12-07,-0.93,0.0,77.01,0.97,5.79
2011-12-08,-2.98,0.0,84.87,1.06,5.01
2011-12-09,-2.51,0.01,89.97,1.87,4.3
2011-12-10,-2.33,0.03,84.77,1.39,2.61
2011-12-11,-4.5,0.11,89.83,1.46,1.94
2011-12-12,-4.0,0.0,82.4,1.36,5.47
2011-12-13,-3.45,0.05,84.94,1.09,1.62
2011-12-14,-2.54,0.16,84.1,1.09,2.11
2011-12-15,-1.34,0.51,90.37,0.99,2.77
2011-12-16,-0.46,0.11,95.92,0.98,1.37
2011-12-17,-0.6,0.0,88.79,1.37,2.56
2011-12-18,-1.5,0.03,92.35,1.29,3.29
2011-12-19,-1.55,0.09,93.15,1.29,2.54
2011-12-20,-1.72,0.06,95.2,1.05,2.8
2011-12-21,-2.22,0.0,80.33,1.75,6.18
2011-12-22,-3.99,0.0,82.04,1.44,5.48
2011-12-23,-3.2,0.0,68.94,1.18,3.9
2011-12-24,-0.21,0.41,73.9,1.47,1.98
2011-12-25,0.05,0.05,78.72,3.33,2.24
2011-12-26,-0.28,0.6,90.14,1.93,3.06
2011-12-27,2.34,6.1,93.77,4.06,2.75
2011-12-28,5.24,6.05,99.52,4.59,3.65
2011-12-29,3.67,4.69,88.93,3.76,3.17
2011-12-30,2.98,6.32,90.36,3.86,4.0
2011-12-31,-0.65,0.01,79.86,2.85,4.5
2012-01-01,0.7,0.04,73.01,3.73,3.1
2012-01-02,0.81,0.01,78.06,2.7,3.56
2012-01-03,1.4,0.11,97.28,1.71,3.02
2012-01-04,4.05,0.08,83.76,2.6,4.22
2012-01-05,2.94,0.03,81.81,3.8,6.27
2012-01-06,-0.23,0.08,86.21,1.15,4.44
2012-01-07,-0.68,0.41,87.91,1.06,2.68
2012-01-08,0.47,0.02,81.83,1.23,4.06
2012-01-09,0.63,2.45,84.54,1.19,3.87
2012-01-10,-0.44,0.69,71.07,2.86,6.7
2012-01-11,-3.95,0.0,63.78,3.11,5.83
2012-01-12,-2.81,0.0,64.82,2.32,4.56
2012-01-13,-2.35,0.0,71.22,1.32,3.73
2012-01-14,-0.16,0.05,71.82,3.54,5.75
2012-01-15,-1.95,0.66,79.97,1.65,6.48
2012-01-16,-3.64,0.76,76.12,3.48,5.04
2012-01-17,-0.48,1.25,73.24,5.65,4.6
2012-01-18,-3.44,8.23,85.5,3.19,1.73
2012-01-19,-4.95,9.44,88.87,2.68,2.21
2012-01-20,-2.52,2.97,95.21,2.47,1.09
2012-01-21,0.81,1.73,95.78,4.61,3.91
2012-01-22,-0.27,1.17,92.03,3.99,2.6
2012-01-23,-1.61,0.03,90.98,1.2,5.56
2012-01-24,-0.18,2.4,87.66,3.88,1.34
2012-01-25,2.75,0.25,91.6,4.34,7.88
2012-01-26,1.88,0.44,85.37,3.93,8.42
2012-01-27,-1.42,0.01,79.83,1.52,5.0
2012-01-28,-0.28,0.0,72.37,1.79,3.31
2012-01-29,3.67,5.34,84.47,4.13,4.33
2012-01-30,3.29,2.22,87.17,3.73,5.27
2012-01-31,2.98,0.2,82.39,2.0,8.1
2012-02-01,1.55,3.47,86.9,2.68,3.59
2012-02-02,-0.15,0.01,82.68,1.7,6.29
2012-02-03,0.33,0.0,81.26,3.62,8.66
2012-02-04,0.92,0.0,77.27,2.4,9.33
2012-02-05,0.86,0.0,79.52,2.46,8.96
2012-02-06,1.02,0.0,77.19,4.33,8.96
2012-02-07,2.12,0.0,70.74,3.59,9.4
2012-02-08,2.68,0.56,80.85,1.66,4.52
2012-02-09,2.67,1.46,95.63,1.84,3.96
2012-02-10,3.42,0.91,91.34,2.06,2.99
2012-02-11,1.54,4.65,85.9,1.81,4.88
2012-02-12,2.39,0.08,82.76,1.7,6.54
2012-02-13,2.11,0.02,84.0,1.22,6.7
2012-02-14,0.85,0.92,83.4,1.4,3.48
2012-02-15,0.3,0.0,72.99,1.23,10.79
2012-02-16,1.29,0.05,77.98,2.1,5.98
2012-02-17,3.08,3.76,88.71,2.47,7.19
2012-02-18,2.63,0.56,80.61,5.75,4.99
2012-02-19,1.89,0.15,69.89,3.31,9.68
2012-02-20,1.63,0.74,77.83,1.79,8.0
2012-02-21,5.82,3.37,89.6,4.47,7.5
2012-02-22,6.62,0.19,69.46,5.85,12.61
2012-02-23,2.57,0.0,65.94,2.54,12.34
2012-02-24,4.03,2.49,75.49,2.42,7.69
2012-02-25,2.92,0.66,68.25,6.17,7.04
2012-02-26,-0.47,1.02,80.34,2.89,10.81
2012-02-27,-0.91,0.09,56.88,2.8,13.97
2012-02-28,-0.41,0.62,66.94,2.81,9.63
2012-02-29,1.25,1.62,80.06,5.52,6.22
2012-03-01,0.86,0.14,72.79,2.85,11.01
2012-03-02,1.83,0.1,79.09,2.95,7.39
2012-03-03,5.49,0.03,80.97,4.5,8.53
2012-03-04,5.96,0.04,76.61,2.8,14.27
2012-03-05,4.43,0.75,71.47,4.91,8.4
2012-03-06,0.29,0.12,55.82,3.53,16.35
2012-03-07,0.86,0.0,54.29,1.36,15.38
2012-03-08,5.36,0.0,56.37,1.87,11.36
2012-03-09,8.01,0.0,56.65,2.81,12.09
2012-03-10,7.92,0.18,68.0,3.78,7.78
2012-03-11,4.96,4.08,71.41,4.57,8.58
2012-03-12,3.88,2.65,79.4,4.39,4.63
2012-03-13,4.51,0.94,61.5,5.39,13.79
2012-03-14,3.21,2.17,79.45,2.74,7.49
2012-03-15,8.74,9.01,83.26,5.29,6.6
2012-03-16,6.87,3.29,67.92,4.52,15.13
2012-03-17,5.04,0.88,70.39,4.03,10.49
2012-03-18,2.27,0.07,68.02,2.08,12.56
2012-03-19,2.2,0.02,57.53,3.31,18.34
2012-03-20,4.85,2.19,74.64,5.69,12.31
2012-03-21,2.86,4.65,81.41,2.55,11.63
2012-03-22,2.41,3.55,74.42,2.49,12.21
2012-03-23,3.35,0.46,68.98,1.61,17.5
2012-03-24,5.29,0.0,72.05,3.68,14.44
2012-03-25,8.57,0.05,66.28,2.93,16.77
2012-03-26,5.81,3.74,77.05,2.45,8.26
2012-03-27,6.46,2.11,73.08,3.82,6.66
2012-03-28,8.18,1.88,66.41,3.87,15.38
2012-03-29,7.99,7.83,79.8,5.75,5.23
2012-03-30,8.45,6.52,76.32,5.59,9.07
2012-03-31,6.27,2.83,83.01,3.12,7.8
2012-04-01,5.14,2.01,68.15,4.09,18.39
2012-04-02,5.24,0.02,69.24,2.83,16.16
2012-04-03,8.23,0.78,60.98,4.07,14.6
2012-04-04,4.0,1.99,72.17,2.34,12.5
2012-04-05,4.09,0.35,66.42,0.67,13.79
2012-04-06,3.34,0.74,66.97,1.39,13.43
2012-04-07,5.73,0.03,53.96,2.26,20.15
2012-04-08,9.01,0.0,56.05,4.22,16.67
2012-04-09,11.79,0.0,56.23,2.66,19.24
2012-04-10,12.36,0.01,64.69,2.14,13.65
2012-04-11,11.57,0.07,63.81,3.06,15.4
2012-04-12,8.75,0.35,65.29,2.6,20.32
2012-04-13,10.34,0.01,51.61,1.08,22.54
2012-04-14,9.72,0.0,52.45,3.5,21.64
2012-04-15,9.85,0.01,57.98,1.81,20.12
2012-04-16,9.52,5.71,71.94,3.58,6.77
2012-04-17,7.34,0.6,65.16,2.07,18.35
2012-04-18,9.13,0.74,67.76,2.79,14.85
2012-04-19,8.01,2.96,74.45,1.78,14.95
2012-04-20,12.39,1.61,74.43,3.13,17.02
2012-04-21,14.4,0.0,53.45,1.33,25.4
2012-04-22,18.97,0.0,56.19,2.14,24.94
2012-04-23,22.12,0.25,49.03,1.44,24.26
2012-04-24,18.11,2.26,63.41,2.88,21.72
2012-04-25,16.31,0.77,67.37,2.32,17.86
2012-04-26,11.3,9.88,73.61,3.17,9.06
2012-04-27,9.97,0.02,53.96,3.39,23.42
2012-04-28,10.81,0.0,56.53,1.45,25.71
2012-04-29,13.5,0.03,60.21,2.03,22.62
2012-04-30,12.71,4.58,57.95,5.48,20.61
2012-05-01,9.21,0.21,55.88,3.8,20.0
2012-05-02,9.56,0.54,53.95,3.13,20.98
2012-05-03,9.23,3.15,73.8,3.65,10.15
2012-05-04,8.3,0.41,63.35,3.03,20.34
2012-05-05,8.62,0.02,54.36,2.75,22.77
2012-05-06,10.3,0.0,54.97,1.08,26.74
2012-05-07,13.61,0.0,46.9,1.82,27.06
2012-05-08,17.05,0.0,44.85,1.43,25.33
2012-05-09,11.43,0.0,45.04,3.81,26.87
2012-05-10,9.45,0.0,39.83,1.87,29.21
2012-05-11,12.17,0.0,30.41,1.4,28.71
2012-05-12,14.2,0.0,41.06,2.25,29.83
2012-05-13,18.32,0.0,39.54,1.66,28.61
2012-05-14,21.93,0.0,39.88,2.06,29.39
2012-05-15,21.61,0.0,41.32,1.92,28.41
2012-05-16,17.06,0.0,47.61,2.47,24.34
2012-05-17,14.51,0.0,44.72,2.83,28.78
2012-05-18,13.39,0.0,41.46,2.02,30.17
2012-05-19,15.08,0.0,41.93,1.86,28.41
2012-05-20,16.23,0.28,53.31,2.12,15.94
2012-05-21,15.03,8.02,79.41,3.07,11.65
2012-05-22,11.72,0.49,64.45,4.54,20.05
2012-05-23,12.56,0.29,54.32,4.15,22.24
2012-05-24,11.9,0.15,56.21,2.16,22.33
2012-05-25,15.05,0.0,45.48,5.5,25.35
2012-05-26,14.87,0.0,45.6,3.67,20.69
2012-05-27,16.38,0.09,47.95,2.13,24.86
2012-05-28,15.9,0.29,51.16,3.23,27.99
2012-05-29,13.98,0.08,45.66,2.52,22.97
2012-05-30,15.96,0.01,49.08,2.29,21.54
2012-05-31,17.98,0.46,60.98,2.12,12.27
2012-06-01,20.51,0.49,56.34,2.27,21.75
2012-06-02,18.68,4.8,54.64,3.19,25.6
2012-06-03,15.99,0.97,52.4,2.1,20.61
2012-06-04,15.24,19.73,78.9,2.62,9.29
2012-06-05,11.66,6.33,72.08,4.14,11.2
2012-06-06,11.12,0.32,53.13,3.64,18.89
2012-06-07,11.12,2.11,66.08,2.57,11.33
2012-06-08,11.22,0.24,61.51,2.83,22.44
2012-06-09,10.59,2.49,66.21,3.69,11.92
2012-06-10,15.32,0.01,55.4,2.96,28.28
2012-06-11,18.71,0.0,50.53,1.73,29.68
2012-06-12,19.38,0.17,56.66,3.22,19.17
2012-06-13,16.84,0.1,52.16,3.83,27.6
2012-06-14,14.17,0.0,54.18,2.52,23.98
2012-06-15,16.65,0.0,47.14,1.37,31.82
2012-06-16,21.16,0.32,48.23,2.51,22.26
2012-06-17,19.99,0.05,50.95,4.79,29.09
2012-06-18,15.4,0.82,52.58,3.42,18.63
2012-06-19,15.08,0.0,49.66,2.65,24.61
2012-06-20,18.22,0.0,46.62,2.57,31.0
2012-06-21,22.26,0.0,45.1,2.57,27.04
2012-06-22,20.69,2.92,57.41,4.05,18.9
2012-06-23,17.07,1.89,61.95,2.15,19.57
2012-06-24,18.91,0.89,49.08,2.49,22.74
2012-06-25,18.49,0.51,55.51,2.23,19.79
2012-06-26,12.97,16.82,71.15,2.94,8.99
2012-06-27,17.2,0.01,50.71,1.52,30.77
2012-06-28,21.09,0.0,49.74,2.81,30.01
2012-06-29,21.86,0.0,54.67,2.42,25.19
2012-06-30,21.29,1.97,64.62,2.59,19.63
2012-07-01,21.16,0.08,57.88,2.49,26.34
2012-07-02,20.46,0.06,48.45,2.59,26.97
2012-07-03,17.52,0.09,47.23,4.63,28.91
2012-07-04,17.91,0.0,43.46,1.28,31.03
2012-07-05,20.92,0.0,38.34,1.16,30.81
2012-07-06,24.04,0.0,39.72,1.93,29.9
2012-07-07,26.68,0.04,39.82,1.81,29.62
2012-07-08,28.87,0.17,45.44,2.53,28.83
2012-07-09,29.73,0.87,44.12,1.64,23.1
2012-07-10,28.46,0.05,44.65,1.32,28.28
2012-07-11,27.86,0.0,41.87,1.59,28.86
2012-07-12,27.37,0.1,41.68,1.41,24.76
2012-07-13,25.3,1.37,50.41,2.12,23.47
2012-07-14,23.2,1.06,62.96,2.5,19.09
2012-07-15,23.54,0.3,49.98,3.55,21.01
2012-07-16,21.94,5.88,56.67,1.47,25.36
2012-07-17,25.39,0.42,55.31,1.26,21.39
2012-07-18,26.23,0.0,51.3,1.75,28.29
2012-07-19,24.82,0.25,51.62,2.18,23.18
2012-07-20,23.08,6.3,59.15,2.9,17.42
2012-07-21,22.26,0.0,51.25,1.42,28.52
2012-07-22,22.89,0.0,46.61,3.52,27.99
2012-07-23,18.08,0.0,45.56,2.56,29.37
2012-07-24,22.04,0.0,43.65,1.24,29.18
2012-07-25,24.8,0.0,42.85,1.38,26.47
2012-07-26,26.81,0.0,44.24,1.69,25.14
2012-07-27,25.18,0.0,43.76,3.01,25.71
2012-07-28,21.75,0.0,45.04,2.17,28.46
2012-07-29,23.3,0.0,41.5,1.6,28.02
2012-07-30,22.96,0.0,47.18,3.04,27.79
2012-07-31,21.9,0.0,46.15,2.08,28.01
2012-08-01,22.43,0.0,46.32,2.2,28.21
2012-08-02,22.3,0.0,49.05,2.18,21.53
2012-08-03,23.18,0.0,35.18,2.21,27.96
2012-08-04,25.28,0.0,38.68,2.54,27.31
2012-08-05,28.39,0.0,34.08,1.74,26.59
2012-08-06,28.05,0.0,39.76,1.44,18.49
2012-08-07,28.81,0.0,45.33,2.18,23.43
2012-08-08,25.97,0.0,41.31,2.91,25.57
2012-08-09,23.76,0.0,41.65,1.2,20.53
2012-08-10,24.47,0.0,38.85,1.53,25.17
2012-08-11,24.78,0.0,42.94,1.17,25.86
2012-08-12,26.51,0.0,35.8,2.2,25.57
2012-08-13,27.28,0.0,33.23,2.05,24.43
2012-08-14,25.76,0.0,45.04,2.29,24.73
2012-08-15,24.98,0.0,39.4,5.6,25.46
2012-08-16,25.08,0.0,34.58,2.72,25.82
2012-08-17,26.36,0.0,30.61,1.44,24.66
2012-08-18,26.5,0.0,37.15,1.77,22.97
2012-08-19,25.89,0.0,43.14,2.07,20.27
2012-08-20,24.54,0.0,42.57,2.53,21.17
2012-08-21,24.23,0.66,42.82,2.22,16.87
2012-08-22,19.97,0.0,47.45,2.02,24.82
2012-08-23,19.21,0.0,45.33,3.1,24.95
2012-08-24,17.57,0.0,42.4,1.71,24.63
2012-08-25,19.42,0.0,35.7,2.97,24.27
2012-08-26,20.2,0.0,44.78,2.77,22.37
2012-08-27,20.98,0.0,48.01,2.6,23.02
2012-08-28,21.2,0.03,43.9,3.06,22.24
2012-08-29,17.63,0.13,50.04,2.49,22.41
2012-08-30,19.92,0.0,40.51,1.26,23.04
2012-08-31,19.91,0.0,37.51,2.22,21.69
2012-09-01,17.43,0.0,45.26,2.38,23.37
2012-09-02,17.63,0.0,45.23,1.5,22.16
2012-09-03,20.03,0.0,42.66,1.56,21.93
2012-09-04,21.28,0.0,35.47,1.53,22.23
2012-09-05,22.04,0.0,35.79,1.69,20.49
2012-09-06,19.43,0.0,50.89,3.74,21.68
2012-09-07,20.14,0.0,40.8,2.6,21.67
2012-09-08,22.3,0.01,34.99,2.73,19.88
2012-09-09,21.03,0.02,44.72,3.59,18.28
2012-09-10,16.05,0.01,46.92,4.26,20.35
2012-09-11,14.41,0.0,38.94,1.66,21.49
2012-09-12,15.12,0.0,32.63,2.07,20.98
2012-09-13,17.46,0.0,33.46,2.8,20.07
2012-09-14,19.58,0.0,29.95,1.31,17.55
2012-09-15,20.03,0.0,38.43,1.27,15.22
2012-09-16,19.31,0.0,37.1,2.19,19.42
2012-09-17,20.36,0.0,30.4,1.51,19.07
2012-09-18,21.49,0.0,30.19,1.21,18.02
2012-09-19,20.78,0.0,36.69,0.86,17.98
2012-09-20,20.4,0.0,37.12,1.0,16.98
2012-09-21,18.94,0.0,42.47,0.89,13.67
2012-09-22,16.73,0.0,60.26,2.06,8.98
2012-09-23,14.63,0.14,67.12,1.76,9.85
2012-09-24,17.62,0.0,58.71,1.49,11.94
2012-09-25,16.54,0.0,55.8,1.54,15.76
2012-09-26,16.55,0.0,48.41,1.05,15.68
2012-09-27,18.33,0.0,45.03,1.38,15.88
2012-09-28,18.52,0.0,44.65,1.61,13.44
2012-09-29,18.74,0.0,51.1,1.65,14.09
2012-09-30,16.14,0.0,44.67,1.07,16.38
2012-10-01,17.3,0.0,40.69,1.88,15.55
2012-10-02,14.57,0.0,46.11,3.99,16.85
2012-10-03,10.67,0.0,40.24,4.26,16.43
2012-10-04,9.49,0.0,38.71,4.19,16.22
2012-10-05,9.2,0.0,37.17,3.75,15.97
2012-10-06,10.13,0.0,36.69,2.77,15.52
2012-10-07,13.31,0.0,34.9,1.25,15.33
2012-10-08,13.26,0.0,33.91,1.34,13.63
2012-10-09,13.95,0.0,43.55,0.87,13.5
2012-10-10,14.17,0.0,51.92,1.46,14.03
2012-10-11,14.71,0.0,51.27,1.29,13.75
2012-10-12,13.15,0.94,58.39,2.74,8.03
2012-10-13,13.63,0.54,74.93,3.99,4.55
2012-10-14,15.08,4.29,78.11,4.5,3.58
2012-10-15,15.85,7.28,76.78,5.11,10.39
2012-10-16,11.97,3.06,63.5,6.01,13.38
2012-10-17,8.09,0.07,64.77,1.19,12.29
2012-10-18,10.33,0.16,50.48,1.91,11.88
2012-10-19,13.08,0.5,69.36,5.38,7.14
2012-10-20,7.84,0.08,67.06,4.31,11.91
2012-10-21,5.82,0.18,74.07,2.53,9.32
2012-10-22,3.08,5.37,82.3,3.71,3.55
2012-10-23,3.62,0.19,78.39,1.86,6.49
2012-10-24,3.13,1.03,83.55,2.31,4.38
2012-10-25,4.81,0.19,75.66,1.26,6.93
2012-10-26,3.59,3.66,83.5,2.21,2.65
2012-10-27,5.5,4.4,93.5,2.65,2.62
2012-10-28,11.28,3.24,82.12,2.54,4.42
2012-10-29,12.95,4.51,80.34,4.48,9.24
2012-10-30,11.55,2.78,88.34,2.38,2.98
2012-10-31,11.5,2.01,82.04,2.38,2.78
2012-11-01,9.16,3.26,90.7,2.48,6.41
2012-11-02,9.33,0.12,79.5,1.76,5.2
2012-11-03,9.4,0.8,85.72,2.26,3.5
2012-11-04,11.23,0.09,88.71,1.84,3.1
2012-11-05,12.05,0.07,73.9,2.11,4.66
2012-11-06,10.53,0.21,82.05,1.67,6.04
2012-11-07,7.43,0.43,60.76,2.92,9.57
2012-11-08,2.81,0.6,71.92,2.84,6.93
2012-11-09,0.37,0.28,79.21,2.32,4.88
2012-11-10,-0.97,0.04,59.34,2.36,4.98
2012-11-11,-0.83,1.28,85.57,1.62,2.88
2012-11-12,2.43,10.99,93.09,1.94,1.54
2012-11-13,3.46,0.33,95.45,1.11,3.18
2012-11-14,2.52,0.25,95.13,1.17,2.9
2012-11-15,3.39,0.07,82.87,2.06,3.44
2012-11-16,3.47,0.14,85.98,1.49,2.05
2012-11-17,5.87,4.79,86.64,2.8,3.0
2012-11-18,4.77,2.84,74.89,4.17,3.81
2012-11-19,8.8,11.2,79.19,6.56,1.63
2012-11-20,7.79,7.15,89.93,2.66,2.25
2012-11-21,5.15,1.85,83.31,4.32,6.76
2012-11-22,2.08,0.01,80.58,2.49,5.81
2012-11-23,3.76,4.24,79.27,2.32,1.84
2012-11-24,4.39,1.34,87.11,1.85,5.69
2012-11-25,0.26,0.02,83.15,1.57,6.0
2012-11-26,-0.34,0.1,79.6,3.08,5.06
2012-11-27,0.71,0.0,82.42,2.01,3.82
2012-11-28,2.29,1.11,89.51,2.32,2.62
2012-11-29,4.56,2.28,90.81,2.39,1.58
2012-11-30,6.26,0.32,88.06,2.35,3.53
2012-12-01,7.5,1.9,71.47,4.46,6.04
2012-12-02,6.42,6.34,81.24,6.09,5.2
2012-12-03,6.35,0.42,76.96,4.81,4.7
2012-12-04,7.95,6.75,86.21,4.8,2.7
2012-12-05,4.06,0.1,72.41,3.16,6.12
2012-12-06,1.25,0.77,90.94,3.13,2.84
2012-12-07,2.16,0.57,85.35,4.79,3.59
2012-12-08,-0.32,0.26,83.06,0.94,4.7
2012-12-09,-1.12,0.57,87.26,1.94,2.35
2012-12-10,-0.25,0.2,95.58,0.96,3.14
2012-12-11,0.6,1.75,94.98,1.98,1.47
2012-12-12,0.24,1.35,94.11,1.24,2.15
2012-12-13,-1.27,0.1,95.36,1.26,1.59
2012-12-14,-1.14,1.1,94.92,0.95,2.25
2012-12-15,-0.93,1.51,86.69,2.26,1.77
2012-12-16,0.2,8.61,92.51,4.7,1.4
2012-12-17,1.71,1.24,83.15,7.08,1.86
2012-12-18,-2.45,0.1,89.56,2.87,3.97
2012-12-19,-1.29,2.97,82.42,4.93,0.78
2012-12-20,1.75,1.74,76.41,5.08,1.37
2012-12-21,1.02,0.5,89.74,2.01,1.6
2012-12-22,0.53,1.31,94.41,2.4,0.88
2012-12-23,0.4,4.44,86.08,2.43,2.42
2012-12-24,-2.02,3.23,78.07,3.13,4.96
2012-12-25,-1.62,2.17,85.34,2.8,1.8
2012-12-26,-0.83,1.14,85.92,1.14,2.48
2012-12-27,-0.81,0.86,93.76,0.98,1.87
2012-12-28,-1.26,0.06,91.09,1.12,2.2
2012-12-29,-2.99,1.03,86.98,1.37,1.5
2012-12-30,-4.72,0.03,87.48,1.23,3.08
2012-12-31,-4.88,0.0,84.31,1.12,2.33
2013-01-01,-5.1,0.0,85.2,1.41,2.49
2013-01-02,-6.19,0.0,77.9,2.99,3.32
2013-01-03,-6.87,0.01,78.97,1.8,4.78
2013-01-04,-4.29,0.05,79.74,1.5,2.97
2013-01-05,-3.38,0.41,83.38,1.84,2.12
2013-01-06,-3.19,0.33,93.8,1.43,2.24
2013-01-07,1.03,9.38,97.01,5.05,2.03
2013-01-08,1.68,4.12,97.94,3.79,1.76
2013-01-09,2.52,0.37,87.93,4.08,4.69
2013-01-10,-2.96,0.09,78.15,3.39,5.27
2013-01-11,-3.14,0.31,64.52,2.65,5.63
2013-01-12,-6.66,0.0,76.0,1.82,6.16
2013-01-13,-6.5,0.01,69.21,1.24,6.83
2013-01-14,-4.89,0.25,75.96,1.3,3.43
2013-01-15,-3.77,0.04,93.01,1.49,4.88
2013-01-16,-4.46,0.08,92.93,1.0,3.36
2013-01-17,-5.41,0.05,90.44,1.28,2.49
2013-01-18,-5.67,0.05,93.01,1.21,2.82
2013-01-19,-5.05,0.01,86.18,1.36,5.07
2013-01-20,-4.95,0.01,89.44,1.46,5.87
2013-01-21,-5.81,0.03,90.38,1.56,3.83
2013-01-22,-5.02,0.02,85.85,2.16,2.45
2013-01-23,-2.96,1.46,89.25,2.4,2.03
2013-01-24,-1.96,0.23,94.42,1.46,3.41
2013-01-25,0.77,2.08,96.24,1.04,2.94
2013-01-26,0.42,0.64,96.9,1.0,3.28
2013-01-27,-0.41,0.21,89.2,1.9,3.23
2013-01-28,-0.36,0.58,93.76,2.21,2.02
2013-01-29,1.56,0.8,94.15,2.68,6.64
2013-01-30,2.01,0.08,94.11,3.32,8.0
2013-01-31,1.71,0.21,95.79,1.85,3.91
2013-02-01,1.27,0.05,90.92,1.15,6.83
2013-02-02,0.97,0.0,84.81,1.73,7.86
2013-02-03,-0.46,0.05,93.92,0.93,2.83
2013-02-04,1.13,0.06,91.58,1.56,5.31
2013-02-05,2.39,0.2,89.62,2.95,4.8
2013-02-06,2.95,0.07,81.05,3.37,6.8
2013-02-07,2.09,0.13,77.85,2.3,8.62
2013-02-08,-0.05,0.01,83.48,1.68,9.68
2013-02-09,-0.67,0.01,84.75,1.94,7.62
2013-02-10,0.35,0.0,76.18,1.29,10.37
2013-02-11,0.96,0.0,79.18,1.12,6.47
2013-02-12,2.31,0.04,85.24,2.71,6.25
2013-02-13,3.67,0.01,80.65,3.56,7.38
2013-02-14,2.31,0.0,78.83,1.26,7.73
2013-02-15,3.0,0.01,86.3,1.78,11.28
2013-02-16,2.87,0.28,84.61,2.7,7.92
2013-02-17,1.6,0.0,73.42,2.22,11.31
2013-02-18,1.69,0.05,68.23,1.72,7.01
2013-02-19,1.42,0.44,74.67,1.34,7.33
2013-02-20,1.04,0.0,65.66,1.42,10.21
2013-02-21,0.34,0.66,90.18,3.09,6.78
2013-02-22,1.14,4.62,92.79,5.19,5.39
2013-02-23,1.47,0.15,72.59,3.06,12.47
2013-02-24,0.93,0.02,78.29,2.56,7.28
2013-02-25,2.13,2.76,73.12,4.89,8.25
2013-02-26,1.04,0.01,75.89,2.3,11.77
2013-02-27,3.56,0.28,72.39,1.97,10.26
2013-02-28,3.75,4.29,93.42,1.93,5.77
2013-03-01,7.83,0.12,86.27,3.31,6.39
2013-03-02,6.83,0.13,86.04,2.38,6.45
2013-03-03,2.78,0.0,62.91,3.58,13.95
2013-03-04,1.98,0.0,65.03,2.2,14.02
2013-03-05,3.08,0.44,70.18,3.88,4.7
2013-03-06,5.09,4.59,79.36,4.47,4.91
2013-03-07,4.52,1.54,72.27,2.85,10.9
2013-03-08,3.87,0.01,64.99,1.98,13.77
2013-03-09,5.66,0.0,60.66,1.35,16.45
2013-03-10,5.19,0.21,69.48,1.61,7.49
2013-03-11,5.58,0.03,66.6,1.55,14.54
2013-03-12,9.16,0.38,78.04,3.76,10.37
2013-03-13,9.93,0.06,77.54,2.24,9.11
2013-03-14,10.29,0.0,70.61,2.12,7.77
2013-03-15,9.28,0.0,70.33,2.71,15.12
2013-03-16,6.79,1.34,76.27,4.23,10.43
2013-03-17,4.22,0.05,54.89,5.05,16.57
2013-03-18,3.29,0.04,64.09,4.33,16.15
2013-03-19,4.64,1.0,60.25,3.46,13.53
2013-03-20,8.03,3.44,67.15,6.15,10.25
2013-03-21,3.23,0.21,59.3,4.18,16.36
2013-03-22,1.88,0.24,64.38,1.65,16.13
2013-03-23,1.59,0.0,57.59,1.33,16.94
2013-03-24,2.43,0.0,57.17,2.71,18.04
2013-03-25,5.12,0.0,59.62,2.62,18.61
2013-03-26,8.3,0.01,58.67,2.17,19.26
2013-03-27,9.52,0.75,68.1,1.36,11.21
2013-03-28,10.46,0.03,67.25,1.25,13.38
2013-03-29,11.09,0.02,60.23,1.64,18.0
2013-03-30,12.61,0.0,56.01,1.37,20.45
2013-03-31,13.22,0.0,58.33,2.7,21.01
2013-04-01,14.31,0.0,57.42,2.29,20.91
2013-04-02,12.76,0.0,62.43,2.45,21.08
2013-04-03,11.97,0.0,61.83,1.54,20.31
2013-04-04,10.91,2.67,78.95,3.06,6.21
2013-04-05,11.56,1.32,71.45,4.92,14.63
2013-04-06,9.97,1.8,70.32,4.6,17.55
2013-04-07,7.86,6.21,70.18,4.35,11.83
2013-04-08,6.37,0.24,68.05,0.99,14.21
2013-04-09,8.09,0.01,54.58,2.14,18.38
2013-04-10,10.32,0.88,64.35,5.09,15.35
2013-04-11,7.33,0.0,63.07,2.75,16.33
2013-04-12,6.08,2.06,72.04,2.75,13.41
2013-04-13,5.94,1.2,56.25,5.39,22.04
2013-04-14,5.42,0.74,64.69,1.17,17.39
2013-04-15,5.45,0.65,56.26,3.95,16.04
2013-04-16,4.67,0.0,48.2,3.96,19.49
2013-04-17,6.13,0.0,45.36,1.87,24.6
2013-04-18,9.73,0.28,59.76,2.01,20.31
2013-04-19,8.95,3.7,81.7,3.28,17.58
2013-04-20,10.36,0.01,61.75,3.76,22.81
2013-04-21,8.71,0.39,60.21,3.56,17.33
2013-04-22,7.06,0.0,43.88,2.43,26.84
2013-04-23,8.13,0.32,43.15,1.38,20.72
2013-04-24,11.68,0.0,45.25,1.75,25.68
2013-04-25,13.77,0.0,50.38,1.78,25.8
2013-04-26,15.75,0.0,53.01,1.8,24.17
2013-04-27,14.9,0.3,56.62,3.45,18.5
2013-04-28,13.31,0.64,53.29,3.81,23.04
2013-04-29,9.79,0.34,47.55,5.37,26.99
2013-04-30,6.65,0.02,49.36,2.31,24.21
2013-05-01,8.94,0.0,41.82,1.51,28.01
2013-05-02,13.85,0.0,37.7,1.62,26.87
2013-05-03,16.35,0.0,46.76,3.08,27.61
2013-05-04,16.88,0.0,46.91,4.71,27.98
2013-05-05,18.39,0.0,44.87,4.13,28.52
2013-05-06,20.79,0.0,41.48,2.14,28.56
2013-05-07,21.0,0.0,41.56,1.37,28.43
2013-05-08,21.56,0.0,48.7,1.73,27.95
2013-05-09,22.16,0.0,51.44,1.31,28.21
2013-05-10,23.39,0.0,43.21,1.2,28.15
2013-05-11,23.98,0.0,41.96,1.39,22.93
2013-05-12,21.97,0.04,49.41,3.15,15.14
2013-05-13,16.37,3.4,57.45,4.09,12.08
2013-05-14,12.99,0.01,41.9,1.59,25.59
2013-05-15,12.83,0.1,54.31,1.52,19.97
2013-05-16,15.66,0.1,54.42,0.64,18.42
2013-05-17,15.14,0.21,56.17,1.55,19.37
2013-05-18,14.12,0.08,54.98,2.63,17.58
2013-05-19,15.01,0.01,54.54,1.55,22.98
2013-05-20,15.82,0.01,55.67,1.88,26.36
2013-05-21,13.38,4.57,63.66,3.39,10.86
2013-05-22,7.39,1.36,71.37,3.7,12.08
2013-05-23,10.03,0.26,58.26,2.01,19.58
2013-05-24,9.53,1.77,67.5,2.34,16.59
2013-05-25,12.67,0.02,57.06,2.2,22.05
2013-05-26,15.15,0.23,54.4,2.22,21.13
2013-05-27,12.45,1.34,72.19,2.54,17.24
2013-05-28,14.29,0.84,65.78,2.1,16.49
2013-05-29,11.02,5.86,77.1,2.12,12.1
2013-05-30,13.07,0.15,56.76,2.96,26.73
2013-05-31,14.63,0.01,52.78,1.76,29.89
2013-06-01,16.77,0.0,46.72,1.59,24.44
2013-06-02,16.48,2.67,52.64,2.31,23.44
2013-06-03,18.2,0.01,48.48,2.01,26.38
2013-06-04,20.37,0.0,47.28,2.17,30.28
2013-06-05,22.97,0.0,45.04,1.53,29.2
2013-06-06,24.44,0.0,43.87,1.93,28.62
2013-06-07,21.16,0.0,47.13,4.04,26.63
2013-06-08,20.02,0.0,45.13,2.51,31.31
2013-06-09,18.83,0.0,43.26,2.83,32.26
2013-06-10,18.51,0.0,41.22,1.68,32.15
2013-06-11,17.0,0.0,44.69,3.59,28.5
2013-06-12,15.43,0.0,46.7,2.36,29.76
2013-06-13,15.41,0.58,51.62,2.75,25.76
2013-06-14,16.4,0.0,47.37,2.77,28.76
2013-06-15,20.25,0.0,39.99,1.91,30.75
2013-06-16,24.14,0.0,36.54,2.45,25.91
2013-06-17,22.51,1.47,48.55,2.85,24.9
2013-06-18,16.65,4.5,64.51,2.33,7.81
2013-06-19,15.08,2.57,65.52,2.63,11.37
2013-06-20,12.22,9.64,72.22,3.94,8.05
2013-06-21,14.04,2.02,67.2,1.21,17.07
2013-06-22,17.23,0.0,51.54,1.73,22.58
2013-06-23,18.99,2.51,55.96,2.18,20.13
2013-06-24,16.02,3.0,73.04,2.02,10.91
2013-06-25,15.34,5.53,74.27,2.55,18.37
2013-06-26,17.57,0.27,65.61,2.43,16.88
2013-06-27,22.27,0.03,56.47,1.69,18.47
2013-06-28,25.94,0.0,48.45,1.8,29.92
2013-06-29,24.47,1.44,55.76,3.46,18.95
2013-06-30,27.19,0.0,50.75,1.86,29.96
2013-07-01,29.67,0.09,45.47,3.1,27.19
2013-07-02,30.3,0.02,44.8,2.25,28.72
2013-07-03,26.53,0.01,39.8,2.42,30.96
2013-07-04,23.11,0.0,40.47,3.15,31.09
2013-07-05,21.08,0.0,47.75,2.62,30.38
2013-07-06,23.25,0.0,43.96,1.45,28.73
2013-07-07,24.9,0.0,40.34,1.78,28.04
2013-07-08,24.81,0.02,40.39,2.0,27.73
2013-07-09,26.11,0.0,34.69,1.49,29.99
2013-07-10,26.13,0.0,37.62,3.02,30.43
2013-07-11,22.0,0.0,37.32,3.13,31.16
2013-07-12,20.32,0.0,34.63,2.36,20.28
2013-07-13,21.02,0.0,37.39,1.22,30.5
2013-07-14,23.78,0.0,29.97,1.3,30.76
2013-07-15,22.92,0.0,34.1,3.65,30.49
2013-07-16,25.75,0.39,37.54,4.49,26.51
2013-07-17,26.84,0.15,40.72,3.3,26.94
2013-07-18,26.71,0.15,37.69,1.24,29.66
2013-07-19,28.04,0.0,27.82,1.15,30.19
2013-07-20,25.99,0.0,40.9,2.47,30.27
2013-07-21,24.52,0.0,42.52,1.97,29.78
2013-07-22,25.24,0.0,43.33,2.27,29.52
2013-07-23,26.92,0.0,38.0,1.36,29.37
2013-07-24,28.27,0.0,31.43,1.19,28.79
2013-07-25,27.76,0.0,34.19,1.64,28.89
2013-07-26,26.49,0.0,35.98,2.17,29.08
2013-07-27,23.81,0.0,38.21,2.08,29.44
2013-07-28,21.62,0.0,42.63,1.89,28.47
2013-07-29,23.37,0.0,39.79,1.72,27.26
2013-07-30,24.63,0.0,40.29,1.78,24.19
2013-07-31,22.73,0.07,43.54,1.75,14.97
2013-08-01,22.43,3.5,50.38,1.99,13.01
2013-08-02,16.57,14.59,79.09,3.25,12.19
2013-08-03,19.75,3.52,65.41,1.18,18.23
2013-08-04,23.48,0.09,49.72,1.33,25.5
2013-08-05,25.36,0.0,42.51,1.7,25.3
2013-08-06,26.71,0.0,37.5,1.64,25.54
2013-08-07,25.45,0.0,39.53,1.4,27.46
2013-08-08,23.5,0.0,52.05,1.31,23.42
2013-08-09,25.93,0.14,46.43,1.71,21.58
2013-08-10,25.02,1.64,56.62,2.13,23.9
2013-08-11,23.97,0.78,55.07,2.5,21.36
2013-08-12,23.71,0.0,49.81,1.72,25.26
2013-08-13,24.67,0.0,44.78,1.73,25.4
2013-08-14,26.94,0.0,42.29,1.92,20.18
2013-08-15,26.09,0.0,45.81,2.16,17.12
2013-08-16,24.13,0.04,49.92,1.67,15.52
2013-08-17,23.71,0.0,48.13,2.44,20.74
2013-08-18,22.78,0.0,49.15,2.1,24.54
2013-08-19,23.24,0.0,46.19,3.15,24.59
2013-08-20,22.94,0.0,37.77,1.9,25.4
2013-08-21,23.17,0.0,34.31,2.51,22.63
2013-08-22,24.64,0.6,36.01,2.54,18.71
2013-08-23,23.0,0.7,51.16,2.97,16.55
2013-08-24,22.17,0.01,47.83,1.96,19.91
2013-08-25,21.4,4.65,54.59,2.08,17.0
2013-08-26,20.75,0.68,60.53,2.63,17.61
2013-08-27,22.55,0.0,45.69,1.42,22.57
2013-08-28,24.28,0.0,42.85,1.99,21.01
2013-08-29,22.63,0.13,50.01,2.77,16.22
2013-08-30,22.64,0.27,51.06,2.53,22.14
2013-08-31,22.83,0.0,40.59,2.29,22.98
2013-09-01,24.53,0.0,34.9,2.53,22.43
2013-09-02,24.21,1.43,48.0,2.56,15.8
2013-09-03,24.93,0.24,54.68,2.37,19.68
2013-09-04,25.54,0.59,46.66,1.89,18.91
2013-09-05,21.99,9.0,64.7,2.15,13.0
2013-09-06,17.01,3.11,71.57,3.49,10.78
2013-09-07,17.73,0.31,68.17,1.78,9.82
2013-09-08,19.3,0.0,60.31,1.59,20.17
2013-09-09,22.52,0.0,51.19,1.08,20.87
2013-09-10,23.36,0.0,44.79,1.8,20.63
2013-09-11,24.48,0.0,42.76,3.72,20.55
2013-09-12,23.64,0.0,46.25,2.44,19.74
2013-09-13,24.59,0.0,45.73,1.14,19.86
2013-09-14,23.92,0.0,53.11,2.02,16.8
2013-09-15,25.47,4.43,44.59,2.81,13.24
2013-09-16,18.92,0.08,62.83,3.11,14.16
2013-09-17,16.36,5.16,65.86,2.35,10.88
2013-09-18,15.36,0.35,55.61,2.53,15.32
2013-09-19,16.65,0.0,46.45,2.42,18.73
2013-09-20,17.62,0.0,39.33,2.97,17.15
2013-09-21,15.89,0.25,61.57,2.81,13.89
2013-09-22,12.59,2.31,75.17,4.12,10.16
2013-09-23,12.66,0.49,70.75,4.04,10.67
2013-09-24,11.94,0.54,60.8,2.07,14.14
2013-09-25,11.57,0.12,62.21,2.93,15.26
2013-09-26,12.41,0.03,53.8,2.92,15.38
2013-09-27,9.71,0.61,72.04,3.93,6.88
2013-09-28,13.01,10.99,85.04,6.03,4.58
2013-09-29,11.13,4.11,76.91,6.84,8.38
2013-09-30,10.44,1.25,69.4,6.26,11.5
2013-10-01,8.78,0.18,71.78,3.56,10.26
2013-10-02,7.88,0.3,75.75,1.55,8.89
2013-10-03,9.8,0.04,61.14,2.25,15.99
2013-10-04,9.7,0.0,51.67,1.38,15.91
2013-10-05,10.73,0.0,45.97,1.5,13.41
2013-10-06,11.97,0.0,46.15,1.85,13.61
2013-10-07,11.51,0.19,60.89,4.59,13.14
2013-10-08,8.41,1.28,76.03,2.64,8.56
2013-10-09,8.61,0.01,70.73,2.09,13.51
2013-10-10,10.27,0.02,53.86,1.34,12.56
2013-10-11,8.69,0.01,60.55,1.29,11.57
2013-10-12,8.65,0.41,67.87,1.29,6.58
2013-10-13,7.46,0.0,59.7,2.09,13.53
2013-10-14,8.09,0.0,56.17,1.89,13.71
2013-10-15,8.68,0.0,50.22,1.49,12.71
2013-10-16,10.24,0.0,51.58,1.44,12.73
2013-10-17,8.53,0.03,64.25,1.76,13.18
2013-10-18,9.54,0.0,57.94,1.02,12.91
2013-10-19,9.32,0.0,52.94,0.88,11.76
2013-10-20,9.51,0.0,62.39,0.8,12.18
2013-10-21,11.49,0.0,61.15,1.05,12.2
2013-10-22,11.39,0.0,64.57,1.97,12.14
2013-10-23,10.91,0.0,62.56,2.85,11.88
2013-10-24,10.02,0.0,61.72,2.09,11.53
2013-10-25,8.7,0.0,69.45,0.93,10.37
2013-10-26,6.62,0.03,86.36,0.97,10.99
2013-10-27,6.33,1.3,78.32,4.49,3.28
2013-10-28,4.82,0.0,38.64,8.09,10.39
2013-10-29,3.37,0.02,49.79,2.27,10.72
2013-10-30,3.58,0.01,63.63,1.47,8.65
2013-10-31,7.38,0.6,76.04,2.15,10.29
2013-11-01,6.03,0.29,87.01,1.62,7.2
2013-11-02,7.36,6.26,70.7,5.92,5.81
2013-11-03,4.41,0.53,65.23,2.62,7.02
2013-11-04,2.31,0.15,59.77,1.52,9.3
2013-11-05,2.06,1.73,84.89,1.95,2.61
2013-11-06,3.73,0.45,90.98,1.68,3.83
2013-11-07,5.72,8.47,91.75,3.59,2.32
2013-11-08,6.35,0.14,76.08,3.28,7.36
2013-11-09,5.12,0.1,72.52,2.02,5.05
2013-11-10,6.37,0.15,82.26,2.16,2.92
2013-11-11,6.72,0.01,80.24,3.97,6.39
2013-11-12,4.91,0.41,89.12,1.87,2.98
2013-11-13,5.69,0.07,85.38,1.18,5.13
2013-11-14,4.75,0.0,84.92,0.65,5.04
2013-11-15,1.85,3.48,90.49,4.58,2.38
2013-11-16,3.66,0.5,71.87,4.54,7.1
2013-11-17,4.13,0.13,84.1,4.29,4.56
2013-11-18,6.96,3.09,83.94,4.41,3.23
2013-11-19,7.36,0.55,70.94,4.93,5.78
2013-11-20,-2.39,0.0,40.76,3.5,8.23
2013-11-21,-2.56,0.0,50.84,2.12,8.0
2013-11-22,-1.39,0.0,51.99,2.88,7.26
2013-11-23,-1.2,0.0,66.36,3.54,7.02
2013-11-24,-0.26,0.0,72.28,2.26,6.84
2013-11-25,0.79,0.0,70.78,2.21,5.76
2013-11-26,1.15,0.0,77.76,0.96,5.32
2013-11-27,0.69,0.0,82.83,2.52,6.04
2013-11-28,0.52,0.02,91.31,1.65,5.39
2013-11-29,-1.08,0.67,94.54,1.09,1.86
2013-11-30,0.7,0.56,92.91,0.77,1.98
2013-12-01,5.27,5.74,97.74,5.06,2.58
2013-12-02,1.7,0.29,64.18,4.44,5.17
2013-12-03,-3.44,0.08,44.12,6.07,6.06
2013-12-04,-4.88,0.01,48.19,2.64,6.61
2013-12-05,-7.87,0.0,67.83,1.43,4.12
2013-12-06,-8.61,0.05,46.03,6.46,5.17
2013-12-07,-12.32,0.0,39.07,4.65,6.49
2013-12-08,-10.48,0.0,49.19,1.67,5.46
2013-12-09,-8.0,0.01,65.6,1.37,4.59
2013-12-10,-5.81,0.01,88.81,0.9,5.17
2013-12-11,-3.32,0.03,85.69,1.34,3.22
2013-12-12,-2.67,0.53,80.2,1.59,2.65
2013-12-13,-1.28,0.18,95.75,0.74,4.51
2013-12-14,0.22,0.15,97.8,1.36,2.22
2013-12-15,0.74,0.09,96.58,2.49,4.16
2013-12-16,-0.25,0.09,96.16,1.4,3.93
2013-12-17,-0.78,0.0,93.1,1.15,3.61
2013-12-18,-0.92,0.12,90.41,2.09,2.37
2013-12-19,-3.64,0.0,58.39,2.47,4.71
2013-12-20,-3.14,4.82,85.34,1.88,1.39
2013-12-21,-1.94,0.23,95.28,1.05,3.62
2013-12-22,-0.31,0.73,98.41,0.9,2.81
2013-12-23,1.81,0.9,96.99,3.3,3.38
2013-12-24,-0.84,0.06,94.73,1.62,5.8
2013-12-25,-2.29,0.01,83.64,1.31,4.06
2013-12-26,-2.22,0.0,91.79,1.22,3.47
2013-12-27,-4.3,0.0,94.08,1.38,2.88
2013-12-28,-3.64,0.07,95.86,0.79,4.33
2013-12-29,-1.57,0.06,90.61,1.15,3.11
2013-12-30,-2.12,0.34,93.28,1.39,2.43
2013-12-31,-1.69,0.24,95.95,0.96,3.62
2014-01-01,-0.15,0.29,97.18,1.17,3.46
2014-01-02,0.22,1.47,94.43,2.26,1.22
2014-01-03,0.85,0.87,81.39,3.17,6.23
2014-01-04,-2.31,0.01,70.41,1.89,6.51
2014-01-05,-2.79,0.0,63.76,2.76,5.89
2014-01-06,-2.97,0.01,69.54,2.62,5.13
2014-01-07,-1.63,2.11,84.77,0.91,2.71
2014-01-08,-0.28,4.13,99.16,2.07,1.34
2014-01-09,1.18,1.53,93.51,4.67,3.62
2014-01-10,2.86,2.44,95.67,5.38,5.04
2014-01-11,5.86,2.45,79.93,8.1,5.76
2014-01-12,3.64,0.18,81.66,6.09,4.15
2014-01-13,4.31,0.02,86.37,5.61,5.61
2014-01-14,2.17,0.09,89.42,2.07,5.88
2014-01-15,0.61,0.02,85.3,0.99,5.46
2014-01-16,-0.29,0.0,87.31,1.23,6.35
2014-01-17,-1.05,0.04,89.44,1.48,4.81
2014-01-18,-1.5,0.03,89.91,1.41,3.33
2014-01-19,-2.22,0.03,90.2,1.09,2.09
2014-01-20,-1.68,0.0,88.24,2.91,2.7
2014-01-21,-1.61,0.02,86.51,2.02,2.73
2014-01-22,-2.52,0.07,87.43,0.85,3.0
2014-01-23,-2.29,0.01,86.29,2.49,3.66
2014-01-24,-1.4,0.0,88.97,2.49,3.24
2014-01-25,-2.16,0.01,85.21,1.85,2.85
2014-01-26,-2.67,0.08,84.55,1.82,3.92
2014-01-27,-2.12,0.0,78.43,2.31,2.95
2014-01-28,-1.71,2.78,77.08,2.05,2.06
2014-01-29,-0.43,6.21,93.68,1.32,2.61
2014-01-30,-0.83,0.63,88.85,1.31,2.72
2014-01-31,-0.96,0.27,70.35,1.65,5.42
2014-02-01,-3.43,0.0,65.58,2.04,7.89
2014-02-02,-2.39,0.05,76.54,2.01,6.55
2014-02-03,-4.3,0.09,64.56,3.61,5.37
2014-02-04,-8.73,0.01,54.9,6.55,8.92
2014-02-05,-12.65,0.01,54.71,6.12,9.36
2014-02-06,-11.54,2.01,59.96,5.26,7.45
2014-02-07,-9.11,1.18,75.34,2.86,7.25
2014-02-08,-6.24,2.62,70.56,4.81,6.51
2014-02-09,-5.85,1.79,81.31,2.01,4.16
2014-02-10,-4.0,1.91,94.36,2.28,3.93
2014-02-11,0.77,1.51,97.63,2.8,4.38
2014-02-12,3.86,2.57,89.44,5.34,10.96
2014-02-13,3.76,0.13,78.4,4.42,11.29
2014-02-14,3.84,3.38,84.77,4.1,8.84
2014-02-15,3.44,6.92,94.93,3.78,3.16
2014-02-16,3.16,0.13,72.54,5.59,11.91
2014-02-17,4.84,2.48,70.08,6.17,10.12
2014-02-18,3.84,3.15,83.74,5.37,4.29
2014-02-19,1.6,0.09,73.77,5.0,12.24
2014-02-20,2.31,0.8,82.23,5.16,10.05
2014-02-21,1.65,0.04,69.59,2.48,11.3
2014-02-22,-0.52,0.67,75.56,1.26,5.89
2014-02-23,-0.49,2.21,84.55,2.57,4.92
2014-02-24,-1.4,4.6,70.46,4.51,4.21
2014-02-25,-1.2,0.37,66.44,4.38,13.65
2014-02-26,-1.09,0.0,66.14,4.37,9.85
2014-02-27,0.58,1.67,85.94,2.03,5.66
2014-02-28,0.61,0.28,71.0,5.34,11.48
2014-03-01,-7.33,0.15,50.0,7.54,4.85
2014-03-02,-5.97,4.94,75.53,2.78,5.21
2014-03-03,1.57,3.1,97.48,2.42,4.05
2014-03-04,4.12,0.95,90.02,2.79,9.23
2014-03-05,8.05,13.26,92.22,4.03,10.76
2014-03-06,7.46,1.23,82.09,4.84,6.15
2014-03-07,6.98,0.18,74.9,2.79,12.54
2014-03-08,6.01,3.27,79.68,2.83,6.12
2014-03-09,10.18,3.91,83.45,3.37,12.28
2014-03-10,6.5,1.76,74.08,2.84,12.54
2014-03-11,5.1,0.0,61.96,1.61,17.22
2014-03-12,6.29,0.0,53.91,1.51,17.55
2014-03-13,7.9,0.0,53.15,1.28,15.59
2014-03-14,7.18,2.33,72.96,4.34,13.75
2014-03-15,6.61,0.0,70.38,2.23,12.08
2014-03-16,9.96,0.78,75.78,4.53,11.85
2014-03-17,6.04,0.83,51.99,4.93,17.17
2014-03-18,4.12,0.0,55.1,1.83,18.4
2014-03-19,6.84,0.09,56.31,4.16,12.44
2014-03-20,3.88,0.0,55.42,2.76,16.58
2014-03-21,3.44,0.0,51.59,1.74,17.33
2014-03-22,4.38,0.0,52.54,2.14,17.2
2014-03-23,7.04,0.0,49.04,1.81,19.55
2014-03-24,7.99,0.0,53.12,2.96,16.76
2014-03-25,6.76,0.01,70.92,3.17,9.68
2014-03-26,7.07,1.12,75.66,2.88,14.82
2014-03-27,6.67,0.9,74.7,3.37,14.7
2014-03-28,6.25,7.35,90.85,3.21,5.7
2014-03-29,8.2,1.67,72.78,4.48,15.97
2014-03-30,6.32,0.43,67.33,2.79,18.72
2014-03-31,7.18,0.05,60.83,2.37,18.58
2014-04-01,8.45,0.01,59.43,3.04,19.53
2014-04-02,8.15,0.0,58.02,2.33,19.05
2014-04-03,8.13,0.07,63.63,2.52,14.35
2014-04-04,8.36,0.44,61.08,2.96,16.64
2014-04-05,7.9,0.61,71.72,3.32,15.9
2014-04-06,10.72,0.02,61.91,3.56,21.81
2014-04-07,12.82,0.0,63.14,1.82,18.63
2014-04-08,14.92,0.14,55.88,3.03,20.41
2014-04-09,11.2,0.53,48.54,2.91,21.27
2014-04-10,10.56,0.01,51.75,1.4,21.9
2014-04-11,11.23,0.0,54.24,3.0,22.55
2014-04-12,10.85,0.0,52.82,3.52,20.73
2014-04-13,9.08,0.0,42.92,3.11,24.95
2014-04-14,10.31,0.0,42.57,1.97,20.36
2014-04-15,11.02,0.0,48.77,4.15,22.88
2014-04-16,9.65,0.48,65.59,2.23,11.82
2014-04-17,8.95,6.19,86.36,3.21,9.45
2014-04-18,8.59,0.25,55.33,3.55,25.01
2014-04-19,10.32,0.01,49.42,4.26,16.93
2014-04-20,10.56,0.0,56.84,2.51,22.44
2014-04-21,10.41,2.38,62.53,2.15,11.97
2014-04-22,8.95,2.46,65.74,3.49,16.06
2014-04-23,7.96,5.59,75.84,4.38,19.15
2014-04-24,10.9,6.91,67.82,4.27,16.03
2014-04-25,9.09,0.68,60.79,1.29,15.45
2014-04-26,9.1,0.11,54.21,3.13,22.45
2014-04-27,8.51,1.64,57.9,3.96,21.49
2014-04-28,9.01,0.0,55.46,2.27,25.29
2014-04-29,11.57,0.0,46.6,3.03,27.14
2014-04-30,15.24,0.0,43.38,3.01,27.44
2014-05-01,19.13,0.0,39.87,1.95,25.06
2014-05-02,18.76,0.0,46.69,2.52,23.56
2014-05-03,14.48,0.49,57.48,3.91,24.78
2014-05-04,12.41,1.84,64.1,4.32,17.99
2014-05-05,11.72,0.14,61.12,2.69,22.0
2014-05-06,12.24,0.05,55.97,2.26,21.62
2014-05-07,13.96,0.0,45.24,2.06,27.34
2014-05-08,12.99,2.63,63.81,3.62,18.69
2014-05-09,11.68,1.66,58.88,4.79,24.31
2014-05-10,10.78,0.85,60.76,1.5,23.58
2014-05-11,12.78,0.0,49.48,3.14,26.96
2014-05-12,13.6,0.0,40.39,2.73,29.32
2014-05-13,16.14,0.0,40.67,1.93,27.03
2014-05-14,19.68,0.0,40.26,1.26,27.4
2014-05-15,22.82,0.0,40.34,1.17,22.25
2014-05-16,20.54,0.03,44.71,3.02,23.08
2014-05-17,16.4,0.11,53.95,2.85,20.64
2014-05-18,14.9,0.39,55.02,2.84,22.61
2014-05-19,15.11,0.16,55.09,1.82,23.91
2014-05-20,18.09,0.0,44.65,1.05,27.72
2014-05-21,19.14,0.0,51.62,1.68,26.91
2014-05-22,21.62,0.0,48.82,1.73,28.78
2014-05-23,18.87,1.66,59.63,2.42,16.29
2014-05-24,16.76,0.0,53.0,2.36,27.69
2014-05-25,17.09,0.05,52.04,2.28,18.55
2014-05-26,17.29,0.04,50.74,3.13,23.22
2014-05-27,16.19,0.02,44.89,2.1,27.97
2014-05-28,14.13,0.2,51.63,2.95,20.29
2014-05-29,14.77,0.01,51.55,2.64,26.01
2014-05-30,17.92,0.0,42.9,1.9,28.2
2014-05-31,20.02,0.01,40.19,2.51,27.69
2014-06-01,20.15,0.01,47.87,2.17,27.75
2014-06-02,21.99,0.07,45.81,1.88,27.5
2014-06-03,21.29,0.2,48.27,2.07,25.09
2014-06-04,20.18,0.01,46.13,2.87,30.25
2014-06-05,19.32,0.01,32.85,2.8,30.99
2014-06-06,20.37,0.0,30.64,1.88,30.48
2014-06-07,19.76,0.0,39.18,1.75,26.99
2014-06-08,21.11,0.0,45.81,2.6,29.35
2014-06-09,20.98,0.0,39.59,3.3,31.15
2014-06-10,18.4,0.0,41.8,3.0,27.72
2014-06-11,19.51,0.0,43.1,1.99,28.39
2014-06-12,20.55,0.32,43.61,3.92,23.13
2014-06-13,14.86,1.05,57.28,3.57,13.19
2014-06-14,16.31,0.12,50.39,3.05,21.53
2014-06-15,15.28,0.28,53.92,2.66,18.61
2014-06-16,12.16,6.03,63.09,2.23,14.52
2014-06-17,11.79,7.36,76.23,1.79,13.73
2014-06-18,16.02,1.63,65.71,1.77,22.83
2014-06-19,19.56,0.0,46.79,2.92,28.17
2014-06-20,18.99,0.03,47.6,3.63,29.62
2014-06-21,17.23,0.0,41.75,1.24,26.45
2014-06-22,21.17,0.0,32.22,1.08,31.04
2014-06-23,24.13,0.0,35.14,1.53,29.06
2014-06-24,21.22,0.48,50.18,3.26,19.47
2014-06-25,20.37,0.03,51.09,1.47,23.97
2014-06-26,18.41,8.83,66.14,2.6,15.3
2014-06-27,18.16,6.15,64.41,3.8,21.26
2014-06-28,19.01,0.1,53.33,3.71,25.46
2014-06-29,18.92,0.07,48.32,3.28,25.8
2014-06-30,19.97,0.0,49.02,1.62,31.38
2014-07-01,24.78,0.0,41.34,3.54,31.33
2014-07-02,26.61,0.0,44.82,2.16,19.62
2014-07-03,23.8,0.0,38.84,3.17,26.79
2014-07-04,21.68,0.0,40.84,2.17,26.69
2014-07-05,24.11,0.0,40.89,2.08,25.49
2014-07-06,26.53,0.03,43.03,2.68,29.21
2014-07-07,27.55,0.01,38.83,2.03,30.42
2014-07-08,29.09,0.0,34.98,1.25,30.11
2014-07-09,26.57,0.01,41.28,2.19,26.64
2014-07-10,25.45,0.0,38.25,1.27,31.37
2014-07-11,27.31,0.0,34.93,1.37,30.05
2014-07-12,28.89,0.0,34.65,1.58,24.79
2014-07-13,25.99,0.43,42.87,2.42,24.24
2014-07-14,26.92,1.42,48.88,2.82,23.91
2014-07-15,29.28,0.0,41.77,1.84,27.53
2014-07-16,29.71,0.0,41.19,1.75,28.86
2014-07-17,25.78,0.0,42.18,3.3,27.3
2014-07-18,24.53,0.0,42.79,2.82,25.42
2014-07-19,26.2,0.01,44.58,4.03,26.47
2014-07-20,22.21,0.0,43.84,2.93,21.87
2014-07-21,19.84,0.01,44.69,2.31,26.94
2014-07-22,21.53,1.62,52.85,2.07,13.29
2014-07-23,20.82,3.53,63.02,3.73,18.12
2014-07-24,17.89,0.07,53.83,4.04,20.29
2014-07-25,20.11,0.0,47.68,1.49,29.04
2014-07-26,24.17,0.0,33.49,1.65,29.25
2014-07-27,26.49,0.0,30.03,1.17,26.41
2014-07-28,30.78,0.0,26.89,1.34,28.01
2014-07-29,31.16,0.0,28.65,1.32,28.22
2014-07-30,29.06,0.0,35.93,1.54,26.17
2014-07-31,29.46,0.0,37.91,1.73,26.64
2014-08-01,29.29,0.0,36.01,1.48,16.41
2014-08-02,29.3,2.52,37.41,1.86,19.08
2014-08-03,27.75,0.19,41.66,1.97,23.28
2014-08-04,29.0,0.0,33.94,1.91,24.06
2014-08-05,27.68,0.0,36.39,1.81,25.77
2014-08-06,24.45,0.0,44.12,2.33,27.41
2014-08-07,23.86,0.0,42.56,2.33,27.07
2014-08-08,22.66,0.0,44.31,2.18,21.98
2014-08-09,24.73,0.0,37.87,1.02,25.58
2014-08-10,26.39,0.0,31.05,2.0,25.32
2014-08-11,28.14,0.0,32.09,2.76,22.28
2014-08-12,25.87,5.31,52.58,3.41,15.46
2014-08-13,23.38,1.48,57.21,1.3,20.6
2014-08-14,20.95,6.34,63.65,1.95,13.94
2014-08-15,21.17,2.27,60.66,1.81,15.42
2014-08-16,23.44,0.0,49.84,1.52,22.83
2014-08-17,25.47,0.0,44.94,1.07,22.96
2014-08-18,26.96,0.0,40.91,1.24,24.23
2014-08-19,25.25,0.03,49.8,2.14,21.0
2014-08-20,22.61,0.01,53.56,2.4,20.62
2014-08-21,19.97,0.05,51.05,2.14,20.71
2014-08-22,20.08,0.3,46.72,2.3,18.95
2014-08-23,21.4,0.03,47.82,2.79,23.12
2014-08-24,20.64,0.81,48.53,3.11,17.4
2014-08-25,21.15,0.0,45.82,2.3,21.89
2014-08-26,24.25,0.0,35.23,1.36,23.09
2014-08-27,25.81,0.0,37.75,2.12,22.92
2014-08-28,22.72,0.0,54.12,2.25,21.46
2014-08-29,21.15,0.01,51.74,3.06,18.77
2014-08-30,19.15,0.03,54.49,3.03,15.74
2014-08-31,17.82,0.0,53.94,3.2,17.51
2014-09-01,17.79,0.0,52.25,2.09,22.63
2014-09-02,19.27,0.08,50.88,3.14,21.66
2014-09-03,16.44,0.14,52.51,3.62,15.02
2014-09-04,16.71,0.0,53.1,2.49,22.28
2014-09-05,18.83,0.0,39.48,3.23,22.54
2014-09-06,20.61,0.0,34.52,2.53,22.32
2014-09-07,21.04,0.0,32.58,1.77,22.1
2014-09-08,19.17,0.0,53.17,2.85,19.11
2014-09-09,18.14,0.0,42.56,3.34,20.61
2014-09-10,15.26,0.0,28.54,5.0,18.34
2014-09-11,12.76,0.01,32.72,4.62,21.81
2014-09-12,14.43,0.0,28.78,3.36,20.93
2014-09-13,16.63,0.0,33.19,3.51,20.47
2014-09-14,17.61,0.0,35.11,2.8,20.31
2014-09-15,20.16,0.0,31.12,2.79,19.32
2014-09-16,19.71,0.0,35.57,1.84,15.55
2014-09-17,21.06,0.0,41.83,1.56,13.08
2014-09-18,20.19,0.01,49.16,2.95,13.18
2014-09-19,20.22,0.0,52.57,2.12,16.61
2014-09-20,21.06,0.0,42.94,2.69,18.44
2014-09-21,22.42,0.0,38.25,2.45,18.11
2014-09-22,21.34,1.5,52.28,2.32,11.85
2014-09-23,18.8,2.84,73.36,2.02,7.91
2014-09-24,18.04,2.0,67.31,2.72,5.37
2014-09-25,14.85,0.69,69.71,2.28,8.82
2014-09-26,15.1,0.07,63.06,2.08,14.16
2014-09-27,16.83,0.0,52.29,3.64,15.52
2014-09-28,18.52,0.01,51.28,3.32,15.29
2014-09-29,18.94,0.61,54.81,2.9,14.0
2014-09-30,14.37,0.2,55.74,3.88,15.09
2014-10-01,12.21,0.0,60.18,2.49,15.9
2014-10-02,12.86,0.0,47.3,1.76,16.22
2014-10-03,13.07,0.0,36.42,2.02,14.94
2014-10-04,15.75,0.0,40.65,1.12,11.37
2014-10-05,17.36,0.0,50.59,1.3,15.07
2014-10-06,19.16,0.0,54.1,1.19,14.76
2014-10-07,19.42,0.0,59.34,1.44,15.0
2014-10-08,16.26,0.0,70.44,1.08,8.59
2014-10-09,16.33,0.0,60.26,0.96,13.46
2014-10-10,16.0,0.0,57.05,1.95,13.74
2014-10-11,15.59,0.15,57.89,4.49,10.2
2014-10-12,12.22,0.0,65.04,2.3,10.88
2014-10-13,14.68,0.0,44.09,2.16,11.51
2014-10-14,14.3,0.05,58.55,2.82,7.44
2014-10-15,10.9,4.27,74.76,4.23,5.33
2014-10-16,10.87,0.0,62.6,2.5,10.84
2014-10-17,11.44,0.44,55.81,2.62,5.09
2014-10-18,13.92,0.35,65.01,1.97,9.9
2014-10-19,14.17,0.0,59.93,2.64,11.0
2014-10-20,13.04,2.78,67.9,2.68,8.04
2014-10-21,10.99,0.18,73.82,3.54,10.58
2014-10-22,12.28,4.68,62.53,5.03,2.38
2014-10-23,10.78,3.44,81.42,3.4,5.74
2014-10-24,9.85,1.82,85.5,2.23,6.32
2014-10-25,13.17,0.76,64.9,5.66,7.57
2014-10-26,8.93,0.18,69.75,4.78,9.16
2014-10-27,5.43,0.01,76.17,1.51,8.28
2014-10-28,8.38,4.49,72.83,2.69,3.93
2014-10-29,10.45,1.68,83.23,2.57,7.37
2014-10-30,11.11,0.72,73.91,2.69,3.21
2014-10-31,9.38,1.5,82.38,1.75,2.32
2014-11-01,7.29,2.37,80.31,2.54,6.29
2014-11-02,6.41,0.05,75.55,2.42,10.13
2014-11-03,8.46,1.18,87.91,3.15,3.98
2014-11-04,10.46,3.85,82.76,4.13,5.17
2014-11-05,11.02,0.56,80.83,1.54,4.54
2014-11-06,12.8,0.27,71.39,4.45,5.09
2014-11-07,8.47,0.0,68.02,1.86,9.35
2014-11-08,6.74,0.0,70.2,1.05,6.21
2014-11-09,7.69,2.71,71.09,3.83,6.68
2014-11-10,3.42,0.05,47.19,2.74,8.66
2014-11-11,-3.35,0.01,34.76,7.55,9.16
2014-11-12,-4.17,0.0,36.09,5.09,9.37
2014-11-13,-3.01,0.09,43.32,3.75,8.23
2014-11-14,-3.61,0.01,51.15,2.62,9.01
2014-11-15,-3.52,0.0,42.58,2.65,8.9
2014-11-16,-3.94,0.0,43.34,2.31,8.52
2014-11-17,-2.96,0.0,55.96,2.45,8.33
2014-11-18,-3.45,0.0,70.82,2.03,6.09
2014-11-19,-1.15,0.04,73.27,2.19,4.99
2014-11-20,-0.18,0.84,88.94,1.2,5.69
2014-11-21,2.05,8.03,93.76,3.05,1.91
2014-11-22,1.65,1.4,97.21,3.65,4.11
2014-11-23,1.68,1.64,95.36,4.13,3.74
2014-11-24,1.6,1.55,96.38,2.59,2.09
2014-11-25,4.45,7.42,94.55,2.9,1.49
2014-11-26,7.31,0.4,93.11,2.6,1.65
2014-11-27,10.42,0.24,78.09,5.37,5.37
2014-11-28,9.34,1.82,79.56,6.69,4.26
2014-11-29,-3.03,0.42,53.1,4.29,5.11
2014-11-30,-5.07,0.0,51.79,3.04,7.18
2014-12-01,-5.0,0.01,68.14,1.27,4.92
2014-12-02,-5.04,0.0,77.58,3.04,4.3
2014-12-03,-2.49,0.2,69.41,3.9,5.01
2014-12-04,0.18,2.43,88.98,1.76,2.57
2014-12-05,1.54,0.88,96.83,2.48,2.72
2014-12-06,1.53,5.3,97.95,2.57,2.26
2014-12-07,2.27,0.18,95.23,2.4,3.23
2014-12-08,2.36,0.26,94.16,2.23,2.94
2014-12-09,6.17,3.9,90.12,2.5,1.86
2014-12-10,9.75,1.88,71.27,3.62,1.54
2014-12-11,9.57,2.11,75.67,4.74,1.14
2014-12-12,4.48,1.85,88.32,1.42,1.85
2014-12-13,0.58,0.28,93.7,1.17,5.51
2014-12-14,0.26,0.02,90.8,2.19,3.86
2014-12-15,-0.19,0.05,81.3,3.2,5.31
2014-12-16,0.96,1.29,84.5,2.39,2.33
2014-12-17,1.16,0.58,91.34,2.26,1.93
2014-12-18,2.86,0.48,90.55,1.46,2.06
2014-12-19,3.88,3.42,92.31,2.82,2.54
2014-12-20,4.59,11.04,92.85,4.07,1.5
2014-12-21,7.38,0.43,82.86,4.97,4.93
2014-12-22,3.46,0.08,79.4,2.06,5.87
2014-12-23,2.43,0.43,82.48,2.4,3.54
2014-12-24,2.14,5.99,90.22,2.94,2.67
2014-12-25,-0.61,0.01,80.8,1.19,5.65
2014-12-26,-2.67,0.0,86.88,1.42,5.33
2014-12-27,-0.06,2.16,95.91,3.58,3.19
2014-12-28,0.16,0.25,83.39,1.78,4.75
2014-12-29,-5.28,0.11,53.72,8.27,4.83
2014-12-30,-8.72,0.0,45.21,3.38,5.78
2014-12-31,-7.81,0.0,59.88,1.52,6.0
2015-01-01,-6.26,0.03,69.21,2.17,4.59
2015-01-02,-5.21,0.34,83.59,1.45,3.4
2015-01-03,-3.07,0.4,86.51,1.25,3.29
2015-01-04,-0.69,7.03,91.19,1.55,1.69
2015-01-05,3.46,2.2,98.61,4.2,3.58
2015-01-06,1.97,0.01,97.42,1.32,1.84
2015-01-07,1.33,0.03,92.96,1.51,4.24
2015-01-08,0.35,0.08,84.09,3.67,3.12
2015-01-09,-0.52,0.02,73.06,2.44,3.18
2015-01-10,-0.09,0.24,88.96,0.59,1.85
2015-01-11,-0.07,0.21,90.45,1.53,3.35
2015-01-12,0.1,0.07,80.64,1.38,5.36
2015-01-13,0.37,0.08,86.48,1.44,2.04
2015-01-14,-0.44,0.0,79.31,2.95,2.83
2015-01-15,-0.11,1.35,80.68,2.04,2.58
2015-01-16,1.08,4.22,93.91,2.37,4.04
2015-01-17,0.57,17.74,96.62,2.55,1.33
2015-01-18,4.11,5.02,95.81,4.52,6.26
2015-01-19,2.09,2.85,92.36,2.46,7.26
2015-01-20,-0.74,0.05,93.31,2.06,6.3
2015-01-21,-0.37,0.0,81.14,2.01,3.62
2015-01-22,-0.21,0.39,85.17,0.91,3.37
2015-01-23,1.03,3.11,87.97,1.4,2.82
2015-01-24,2.73,1.45,98.52,1.36,3.98
2015-01-25,3.39,0.07,97.21,1.1,4.39
2015-01-26,3.49,0.01,87.85,1.86,7.43
2015-01-27,2.86,0.06,93.17,1.18,3.82
2015-01-28,2.75,0.43,94.62,1.17,3.84
2015-01-29,2.74,0.02,90.26,2.73,4.45
2015-01-30,0.96,0.53,89.97,1.77,3.22
2015-01-31,0.52,0.37,83.86,1.47,4.05
2015-02-01,-0.02,2.42,89.32,2.52,3.1
2015-02-02,1.75,3.25,96.61,2.17,2.71
2015-02-03,3.07,0.95,92.94,1.0,4.79
2015-02-04,3.3,1.35,94.64,1.87,4.14
2015-02-05,7.88,5.31,87.94,3.2,3.94
2015-02-06,10.7,11.46,77.56,5.01,2.78
2015-02-07,8.47,3.84,87.5,4.19,4.0
2015-02-08,8.44,0.78,80.78,2.55,6.73
2015-02-09,8.5,2.71,85.89,4.74,6.17
2015-02-10,7.48,0.72,85.3,1.87,6.81
2015-02-11,7.52,0.0,76.9,1.75,6.06
2015-02-12,8.82,0.0,71.22,1.24,8.69
2015-02-13,7.85,0.0,73.01,1.63,8.8
2015-02-14,7.16,0.0,79.96,1.47,5.73
2015-02-15,4.73,0.0,70.18,2.15,11.49
2015-02-16,4.06,0.0,65.13,3.49,11.57
2015-02-17,5.11,0.0,53.12,2.37,12.26
2015-02-18,4.8,0.0,59.78,1.6,8.47
2015-02-19,4.87,0.12,80.84,0.91,6.66
2015-02-20,4.9,0.18,76.5,0.94,10.67
2015-02-21,3.75,0.08,56.74,5.12,10.1
2015-02-22,-0.27,0.0,48.88,3.17,13.28
2015-02-23,2.1,0.0,48.09,1.85,13.49
2015-02-24,3.91,0.0,51.33,1.53,10.75
2015-02-25,3.69,0.07,72.52,1.46,12.28
2015-02-26,3.88,0.14,83.43,1.06,8.34
2015-02-27,4.34,0.03,64.47,4.78,10.02
2015-02-28,1.45,0.0,44.8,4.84,14.84
2015-03-01,2.15,0.0,52.71,1.74,12.97
2015-03-02,2.92,0.02,58.49,3.04,9.96
2015-03-03,0.3,0.0,48.62,2.13,15.71
2015-03-04,2.38,0.0,45.03,1.58,15.63
2015-03-05,4.45,0.0,50.08,1.5,13.67
2015-03-06,7.75,0.0,51.41,1.21,12.56
2015-03-07,9.64,0.0,50.6,0.85,15.55
2015-03-08,9.29,0.0,56.84,1.6,16.26
2015-03-09,9.41,0.0,56.89,1.82,15.96
2015-03-10,11.04,0.0,58.25,1.29,15.57
2015-03-11,9.94,0.62,78.51,1.91,7.96
2015-03-12,10.82,0.02,68.83,2.82,14.09
2015-03-13,11.46,0.01,64.35,2.26,14.05
2015-03-14,12.53,5.66,77.09,4.41,8.16
2015-03-15,10.62,17.9,88.3,3.33,2.91
2015-03-16,8.39,0.02,68.18,2.52,15.98
2015-03-17,7.61,0.75,74.03,2.21,7.01
2015-03-18,8.75,0.75,69.01,1.98,17.35
2015-03-19,8.3,0.0,70.07,2.03,9.83
2015-03-20,9.14,0.05,69.44,1.9,8.28
2015-03-21,9.85,0.35,63.52,4.25,16.47
2015-03-22,9.19,0.71,63.61,1.72,10.82
2015-03-23,7.46,0.86,74.18,3.61,13.06
2015-03-24,6.03,8.13,73.89,2.33,12.82
2015-03-25,6.83,3.03,88.44,2.47,7.64
2015-03-26,11.97,0.1,74.18,1.76,16.46
2015-03-27,13.93,2.45,69.99,2.6,18.84
2015-03-28,11.13,3.38,63.55,4.57,17.82
2015-03-29,11.63,0.05,62.73,2.11,14.69
2015-03-30,12.62,0.0,56.26,1.76,16.88
2015-03-31,9.82,0.08,58.85,4.88,17.97
2015-04-01,6.82,0.27,59.69,3.09,19.27
2015-04-02,6.07,0.01,59.56,1.78,19.94
2015-04-03,7.97,0.06,54.88,3.04,18.32
2015-04-04,6.68,0.02,53.7,1.51,22.39
2015-04-05,5.55,1.6,62.93,2.14,14.88
2015-04-06,5.66,5.69,72.83,2.25,7.7
2015-04-07,8.49,0.03,54.97,3.17,18.23
2015-04-08,9.26,0.02,55.84,2.48,19.95
2015-04-09,8.94,0.14,66.38,1.75,19.39
2015-04-10,10.19,0.03,58.77,2.58,14.3
2015-04-11,8.62,0.2,51.55,5.2,21.46
2015-04-12,7.0,0.01,58.8,3.13,20.96
2015-04-13,9.06,0.33,58.02,3.01,13.75
2015-04-14,7.2,0.81,50.99,4.68,19.57
2015-04-15,7.04,0.0,52.96,1.49,24.86
2015-04-16,10.9,0.0,43.57,1.29,24.69
2015-04-17,13.41,0.0,48.53,1.84,25.01
2015-04-18,14.52,0.0,40.7,2.69,25.73
2015-04-19,16.43,0.0,35.1,1.62,25.11
2015-04-20,18.28,0.0,32.65,0.92,25.03
2015-04-21,17.42,0.0,43.21,2.22,23.31
2015-04-22,10.66,0.0,47.16,3.2,26.03
2015-04-23,7.98,0.04,59.4,2.77,16.02
2015-04-24,8.79,0.02,57.08,3.56,20.99
2015-04-25,8.88,0.21,55.69,1.15,18.73
2015-04-26,9.72,0.0,47.33,1.39,24.38
2015-04-27,13.64,0.0,48.47,2.67,25.09
2015-04-28,16.58,0.51,50.95,3.31,25.84
2015-04-29,11.78,0.01,48.68,3.42,25.44
2015-04-30,12.22,0.01,52.83,2.21,25.59
2015-05-01,16.43,0.0,44.54,2.72,24.17
2015-05-02,14.46,0.0,39.49,2.36,27.8
2015-05-03,15.87,0.0,37.29,1.78,27.53
2015-05-04,16.8,0.0,40.33,3.09,27.0
2015-05-05,12.07,0.0,46.41,3.36,26.02
2015-05-06,11.21,0.05,47.68,1.64,24.4
2015-05-07,14.27,0.0,42.34,2.69,28.79
2015-05-08,16.14,0.0,38.69,3.79,27.83
2015-05-09,16.53,0.0,41.06,2.87,27.74
2015-05-10,17.12,0.0,41.52,2.41,23.79
2015-05-11,16.21,1.29,56.64,2.11,20.38
2015-05-12,13.85,6.49,75.73,1.12,12.13
2015-05-13,10.06,12.36,82.42,1.44,8.41
2015-05-14,13.72,0.04,59.48,1.46,22.01
2015-05-15,16.23,0.05,52.95,2.53,24.98
2015-05-16,17.87,0.22,54.94,2.14,25.81
2015-05-17,16.62,0.67,61.63,2.3,15.61
2015-05-18,17.53,0.06,51.6,3.13,28.45
2015-05-19,19.08,0.01,48.31,3.32,27.84
2015-05-20,19.94,0.05,50.05,2.64,27.96
2015-05-21,19.48,0.32,60.67,1.9,25.07
2015-05-22,19.39,1.49,62.25,1.63,23.79
2015-05-23,19.79,0.28,59.09,1.68,27.74
2015-05-24,19.62,0.13,56.95,2.22,25.83
2015-05-25,17.46,1.81,56.8,1.89,20.57
2015-05-26,16.96,2.61,57.2,1.06,17.57
2015-05-27,18.6,0.3,53.34,1.06,25.2
2015-05-28,21.54,0.04,48.57,2.0,27.33
2015-05-29,22.66,0.19,52.4,2.05,26.87
2015-05-30,23.58,0.19,50.49,2.64,27.96
2015-05-31,21.2,0.12,45.29,1.15,23.18
2015-06-01,20.61,0.76,59.92,3.29,18.44
2015-06-02,17.71,0.08,50.85,4.12,17.67
2015-06-03,17.23,0.03,50.86,2.11,18.89
2015-06-04,19.94,0.0,45.75,1.01,24.22
2015-06-05,22.52,0.0,43.93,2.24,30.83
2015-06-06,25.71,0.0,37.23,1.56,29.57
2015-06-07,27.8,0.0,39.63,1.6,30.07
2015-06-08,28.67,0.0,35.64,1.77,31.28
2015-06-09,26.75,0.0,34.84,2.33,31.17
2015-06-10,25.12,0.0,38.53,2.33,31.47
2015-06-11,23.4,0.0,38.61,3.48,30.9
2015-06-12,19.43,0.0,37.94,3.97,31.96
2015-06-13,18.92,0.0,31.33,1.24,30.09
2015-06-14,20.87,0.0,31.15,2.18,31.63
2015-06-15,22.93,0.0,38.48,3.36,29.55
2015-06-16,24.39,0.0,36.11,1.93,28.6
2015-06-17,23.49,0.0,36.56,2.5,31.14
2015-06-18,24.62,0.01,36.53,2.78,24.36
2015-06-19,20.64,0.0,40.37,3.99,30.55
2015-06-20,20.25,0.0,36.68,1.8,31.35
2015-06-21,19.65,0.0,42.27,2.51,23.02
2015-06-22,22.35,0.0,40.96,1.96,27.21
2015-06-23,22.72,0.0,41.98,2.26,30.55
2015-06-24,24.27,0.0,35.17,1.88,22.35
2015-06-25,25.91,0.0,33.9,1.1,30.5
2015-06-26,30.28,0.0,31.05,1.03,28.96
2015-06-27,31.15,0.0,33.94,1.27,27.55
2015-06-28,32.23,0.11,39.99,2.06,25.1
2015-06-29,30.0,0.41,46.34,3.9,21.79
2015-06-30,28.83,0.0,39.96,2.23,30.09
2015-07-01,28.86,0.01,35.92,2.66,31.16
2015-07-02,31.04,0.0,29.55,2.33,30.58
2015-07-03,31.01,0.0,29.24,1.96,30.81
2015-07-04,29.97,0.0,34.78,1.9,30.32
2015-07-05,28.56,0.0,28.77,4.44,29.52
2015-07-06,27.76,0.0,33.85,2.43,28.63
2015-07-07,27.74,0.0,34.7,1.61,27.88
2015-07-08,29.1,0.0,31.81,2.69,27.49
2015-07-09,29.86,0.0,29.88,2.34,25.15
2015-07-10,28.3,0.08,40.19,4.2,18.27
2015-07-11,24.37,0.23,41.97,3.74,20.27
2015-07-12,23.74,0.01,42.08,3.01,25.24
2015-07-13,23.68,0.06,43.4,2.35,25.04
2015-07-14,23.85,0.0,39.8,1.68,27.56
2015-07-15,23.78,0.01,38.78,2.96,27.61
2015-07-16,22.1,0.01,42.68,2.9,24.45
2015-07-17,23.29,0.0,33.79,2.97,30.33
2015-07-18,25.82,0.0,31.36,1.92,29.71
2015-07-19,28.08,0.0,28.13,1.84,28.25
2015-07-20,26.81,0.0,34.55,3.41,29.5
2015-07-21,23.53,0.0,39.22,3.64,26.94
2015-07-22,20.93,0.0,39.33,2.38,30.1
2015-07-23,21.88,0.0,42.3,2.63,27.45
2015-07-24,23.02,0.0,43.36,2.58,27.67
2015-07-25,21.13,0.95,51.12,3.29,15.17
2015-07-26,18.73,0.02,47.38,2.76,21.61
2015-07-27,18.6,0.15,47.15,3.27,22.43
2015-07-28,21.06,0.0,41.63,1.47,28.04
2015-07-29,25.76,0.0,27.71,1.17,28.75
2015-07-30,28.73,0.0,22.7,1.31,28.89
2015-07-31,30.15,0.0,22.3,1.51,28.36
2015-08-01,29.12,0.0,23.98,1.65,28.27
2015-08-02,27.87,0.0,26.29,1.75,24.76
2015-08-03,25.63,0.22,42.05,3.0,11.07
2015-08-04,24.54,0.0,39.69,2.95,26.17
2015-08-05,21.61,0.0,42.9,3.57,27.03
2015-08-06,20.54,0.0,41.01,1.87,25.94
2015-08-07,23.43,0.0,29.96,1.05,27.16
2015-08-08,23.76,0.0,33.06,2.4,26.63
2015-08-09,23.08,0.14,48.19,1.05,18.75
2015-08-10,25.47,0.05,41.52,1.73,19.2
2015-08-11,27.34,0.03,42.38,3.9,21.21
2015-08-12,29.31,0.0,33.91,1.98,23.83
2015-08-13,28.14,0.03,40.05,1.48,22.38
2015-08-14,23.77,0.03,42.08,5.3,19.43
2015-08-15,19.78,0.02,43.28,2.82,25.05
2015-08-16,20.81,0.0,41.89,0.85,24.12
2015-08-17,22.92,0.0,35.34,1.39,23.06
2015-08-18,25.15,0.0,33.64,2.05,23.74
2015-08-19,25.1,0.0,36.15,2.0,23.98
2015-08-20,23.38,0.0,42.03,3.3,23.47
2015-08-21,20.22,0.0,39.07,3.87,22.18
2015-08-22,19.78,0.0,34.43,2.48,24.89
2015-08-23,21.69,0.0,27.22,2.09,22.5
2015-08-24,22.81,0.0,33.81,1.48,16.93
2015-08-25,23.25,0.05,31.89,1.31,19.32
2015-08-26,25.04,0.0,31.12,1.5,17.29
2015-08-27,24.69,0.0,33.45,2.36,19.35
2015-08-28,22.64,0.05,42.45,2.38,10.59
2015-08-29,21.86,0.52,45.44,5.1,13.3
2015-08-30,17.31,1.56,55.25,4.25,14.01
2015-08-31,18.13,0.0,52.25,3.11,15.55
2015-09-01,19.14,0.0,50.57,2.66,18.69
2015-09-02,18.12,0.11,45.55,3.32,20.81
2015-09-03,14.35,0.0,47.61,2.36,22.36
2015-09-04,14.85,1.03,44.08,1.54,18.06
2015-09-05,12.42,18.1,68.33,2.69,11.07
2015-09-06,11.72,0.69,69.84,2.55,12.28
2015-09-07,15.51,0.02,57.81,1.44,16.75
2015-09-08,17.17,0.0,53.61,2.28,15.07
2015-09-09,21.23,0.0,45.89,1.28,20.48
2015-09-10,21.57,0.0,42.69,1.41,20.77
2015-09-11,22.94,0.0,40.18,2.45,20.54
2015-09-12,23.71,0.0,39.64,1.69,19.03
2015-09-13,18.93,0.03,48.68,3.25,13.15
2015-09-14,13.96,0.05,52.36,1.47,6.94
2015-09-15,11.0,0.01,55.25,1.98,15.69
2015-09-16,13.38,0.0,47.99,1.8,16.06
2015-09-17,14.0,0.64,55.31,2.11,11.91
2015-09-18,15.18,0.0,59.24,1.89,15.8
2015-09-19,16.78,0.0,53.03,2.38,12.94
2015-09-20,20.5,0.0,54.44,3.51,17.87
2015-09-21,17.76,0.0,50.85,1.72,18.12
2015-09-22,15.45,0.0,42.85,1.6,17.49
2015-09-23,14.57,0.0,43.12,2.02,18.18
2015-09-24,17.17,0.0,37.71,1.62,12.67
2015-09-25,19.09,0.0,44.1,1.51,13.18
2015-09-26,15.25,0.02,48.27,2.68,17.46
2015-09-27,13.38,0.0,41.1,1.92,17.79
2015-09-28,13.96,0.0,38.03,2.8,17.63
2015-09-29,15.61,0.0,34.24,2.14,17.36
2015-09-30,15.6,0.0,39.78,1.18,16.68
2015-10-01,16.64,0.0,42.68,1.17,13.51
2015-10-02,15.51,0.01,53.15,2.41,10.32
2015-10-03,15.6,0.22,54.78,3.82,14.43
2015-10-04,15.31,0.0,41.4,3.45,15.5
2015-10-05,14.95,0.0,41.92,2.01,15.35
2015-10-06,15.86,0.0,41.98,1.34,10.08
2015-10-07,14.34,1.91,74.95,1.68,5.71
2015-10-08,15.43,0.12,74.71,1.72,6.68
2015-10-09,17.25,0.02,67.53,2.46,10.19
2015-10-10,17.44,0.4,68.17,5.62,10.15
2015-10-11,13.18,0.08,53.04,3.08,14.13
2015-10-12,14.99,0.0,41.59,1.99,13.46
2015-10-13,15.85,0.0,57.4,1.74,13.11
2015-10-14,14.27,0.0,45.91,2.28,12.57
2015-10-15,13.32,0.0,40.93,3.9,12.36
2015-10-16,15.87,0.0,37.14,4.0,12.27
2015-10-17,14.05,0.05,52.31,2.34,10.83
2015-10-18,14.16,1.25,81.22,1.51,3.82
2015-10-19,12.93,0.02,72.84,1.67,8.99
2015-10-20,13.26,0.01,53.92,1.75,12.48
2015-10-21,11.43,0.0,55.27,1.35,10.82
2015-10-22,11.8,0.0,51.27,1.64,11.99
2015-10-23,9.63,0.0,58.67,1.17,8.97
2015-10-24,8.27,0.0,53.86,2.68,4.32
2015-10-25,10.28,0.77,61.53,3.8,7.7
2015-10-26,10.09,0.44,77.5,2.94,8.28
2015-10-27,9.51,0.0,74.62,1.99,9.97
2015-10-28,6.83,6.27,77.48,2.01,4.97
2015-10-29,10.34,1.23,78.03,2.77,7.03
2015-10-30,12.72,5.62,77.79,5.95,7.74
2015-10-31,12.72,9.34,90.23,4.85,4.15
2015-11-01,10.04,0.39,75.74,5.31,9.32
2015-11-02,6.84,0.77,80.21,1.69,8.3
2015-11-03,4.01,0.19,72.0,2.79,8.65
2015-11-04,1.75,0.0,73.05,1.62,9.79
2015-11-05,3.63,2.43,84.72,2.21,4.59
2015-11-06,4.84,0.08,87.75,1.67,4.85
2015-11-07,7.94,2.07,67.54,2.1,6.06
2015-11-08,8.39,4.24,79.19,2.9,5.11
2015-11-09,6.19,1.25,81.23,1.9,4.26
2015-11-10,3.0,0.0,68.54,2.1,9.0
2015-11-11,4.72,0.16,69.88,3.97,8.43
2015-11-12,3.41,0.76,79.4,3.45,3.86
2015-11-13,9.28,3.98,79.83,6.3,4.98
2015-11-14,9.85,1.72,82.16,3.09,1.69
2015-11-15,5.71,0.52,66.84,3.33,2.96
2015-11-16,1.55,2.17,72.9,3.2,5.18
2015-11-17,8.42,1.92,77.83,8.77,2.33
2015-11-18,4.25,0.03,61.51,3.04,7.32
2015-11-19,1.98,0.59,83.75,1.5,5.37
2015-11-20,-0.35,0.0,56.11,1.62,8.13
2015-11-21,-0.96,0.0,59.6,2.06,7.64
2015-11-22,-0.27,0.0,65.9,1.6,7.2
2015-11-23,-0.1,0.88,74.81,1.31,4.23
2015-11-24,0.23,3.81,81.26,4.36,3.04
2015-11-25,-1.5,0.0,50.13,5.87,6.84
2015-11-26,-2.9,0.02,64.27,3.15,7.19
2015-11-27,-2.86,0.0,71.09,2.44,6.84
2015-11-28,-4.07,0.0,78.14,2.13,5.98
2015-11-29,-6.71,0.01,89.06,1.53,1.87
2015-11-30,-6.13,0.05,82.96,0.85,1.49
2015-12-01,-4.47,0.16,80.57,1.66,2.76
2015-12-02,-0.64,3.97,88.29,2.26,1.73
2015-12-03,2.91,1.72,84.24,3.25,1.49
2015-12-04,1.11,1.41,98.01,3.13,2.79
2015-12-05,2.12,0.66,82.36,2.47,3.14
2015-12-06,4.26,8.91,89.87,3.6,3.76
2015-12-07,4.24,22.02,98.22,2.59,0.86
2015-12-08,10.13,7.14,88.91,5.92,2.46
2015-12-09,7.74,6.71,78.84,5.85,5.53
2015-12-10,4.24,2.71,85.14,4.86,2.01
2015-12-11,2.69,0.22,84.26,1.29,4.74
2015-12-12,1.86,6.61,93.38,3.16,1.03
2015-12-13,2.93,0.35,91.13,3.76,4.7
2015-12-14,0.15,0.51,88.43,1.51,5.17
2015-12-15,-1.2,0.28,82.13,1.5,5.63
2015-12-16,-1.12,1.02,78.15,2.75,5.58
2015-12-17,-1.24,9.54,81.12,3.32,1.52
2015-12-18,1.73,7.18,97.16,2.34,1.92
2015-12-19,-1.48,0.45,95.89,1.35,1.36
2015-12-20,-1.05,2.06,92.22,3.6,1.49
2015-12-21,0.18,6.75,94.6,3.14,0.88
2015-12-22,-1.45,2.09,89.42,1.8,3.04
2015-12-23,-0.31,2.33,95.55,3.97,2.05
2015-12-24,-2.17,0.45,95.1,2.35,2.0
2015-12-25,-4.76,0.06,91.7,1.31,4.05
2015-12-26,-3.6,0.02,87.92,1.39,1.78
2015-12-27,-3.31,2.11,79.62,2.18,0.83
2015-12-28,-3.8,0.8,88.33,0.77,2.99
2015-12-29,-4.39,0.05,87.91,0.92,2.03
2015-12-30,-7.95,0.0,89.92,2.5,5.72
2015-12-31,-9.38,0.0,86.45,3.03,5.4
2016-01-01,-10.65,0.0,88.2,2.79,5.39
2016-01-02,-10.44,0.0,85.62,2.92,5.22
2016-01-03,-6.25,5.68,88.64,3.26,2.3
2016-01-04,-3.18,0.21,94.69,1.54,2.43
2016-01-05,0.04,0.45,93.49,1.9,2.31
2016-01-06,-0.02,0.37,95.55,1.83,2.62
2016-01-07,-1.03,0.06,94.57,0.93,1.88
2016-01-08,0.01,0.05,86.26,0.94,2.42
2016-01-09,-1.21,0.0,85.93,1.18,3.58
2016-01-10,-1.42,0.05,87.47,1.6,1.98
2016-01-11,-1.9,0.06,79.27,1.43,3.82
2016-01-12,0.62,3.14,90.16,2.2,2.22
2016-01-13,2.17,6.68,95.98,2.63,2.77
2016-01-14,0.02,0.33,91.11,2.49,6.29
2016-01-15,-0.66,0.21,87.66,1.05,3.89
2016-01-16,0.68,4.7,96.87,2.0,1.48
2016-01-17,1.2,5.41,95.98,2.17,2.31
2016-01-18,0.68,0.69,96.47,1.93,2.24
2016-01-19,1.52,9.5,96.81,2.92,1.99
2016-01-20,2.52,0.79,91.7,2.91,5.91
2016-01-21,3.13,4.11,89.23,2.23,2.35
2016-01-22,4.8,0.47,84.58,2.89,4.91
2016-01-23,3.14,2.88,91.57,2.55,1.67
2016-01-24,2.34,0.06,81.2,1.41,6.22
2016-01-25,1.79,0.0,84.86,1.05,4.79
2016-01-26,1.36,0.3,90.24,1.52,3.38
2016-01-27,2.5,1.06,89.21,1.68,4.49
2016-01-28,4.3,7.83,93.46,4.04,3.19
2016-01-29,2.41,3.42,94.94,3.8,2.28
2016-01-30,1.0,0.29,86.24,2.56,6.76
2016-01-31,0.15,0.01,75.51,1.44,6.85
2016-02-01,0.13,0.08,78.15,1.29,5.84
2016-02-02,-0.07,0.01,80.42,0.74,5.37
2016-02-03,0.86,3.55,79.78,1.94,4.76
2016-02-04,1.74,0.68,90.39,2.78,4.13
2016-02-05,4.6,0.22,82.8,3.03,5.45
2016-02-06,3.61,0.04,85.42,3.15,3.58
2016-02-07,3.05,0.05,77.4,1.33,6.85
2016-02-08,4.17,0.0,83.6,2.25,8.12
2016-02-09,4.32,0.01,80.81,2.11,10.31
2016-02-10,4.09,0.01,82.54,1.59,6.27
2016-02-11,5.34,1.81,88.32,1.81,4.74
2016-02-12,6.13,2.09,88.87,1.79,3.25
2016-02-13,4.78,1.7,84.69,3.84,5.9
2016-02-14,6.19,2.48,92.64,3.66,4.29
2016-02-15,8.56,1.05,85.03,3.9,6.71
2016-02-16,8.78,0.1,81.06,2.7,9.03
2016-02-17,8.39,0.03,80.45,2.83,4.91
2016-02-18,5.62,4.28,80.49,4.45,9.02
2016-02-19,5.11,2.36,84.98,4.2,5.43
2016-02-20,3.96,0.04,70.12,2.76,12.09
2016-02-21,1.92,0.01,76.22,2.51,6.56
2016-02-22,2.98,0.02,71.14,1.37,11.45
2016-02-23,3.43,0.0,65.4,2.74,13.36
2016-02-24,4.94,0.0,61.85,1.48,10.53
2016-02-25,5.18,0.0,71.23,1.61,11.98
2016-02-26,6.03,0.06,75.35,1.85,11.69
2016-02-27,8.02,1.83,74.91,2.27,12.58
2016-02-28,7.08,0.16,73.65,4.89,8.17
2016-02-29,5.1,0.04,70.44,2.95,13.25
2016-03-01,6.83,4.46,76.68,3.44,2.69
2016-03-02,6.86,0.74,68.05,3.62,11.81
2016-03-03,7.94,0.54,65.64,2.7,12.76
2016-03-04,8.44,0.0,71.18,3.12,12.05
2016-03-05,11.15,4.87,70.65,4.15,10.39
2016-03-06,8.29,4.66,72.39,4.49,12.31
2016-03-07,5.46,0.53,69.39,2.98,12.18
2016-03-08,3.8,0.13,75.21,1.9,11.56
2016-03-09,5.12,7.96,84.96,3.52,7.46
2016-03-10,9.77,1.34,63.85,5.33,9.88
2016-03-11,7.75,2.71,84.78,2.46,8.74
2016-03-12,6.4,2.55,78.8,4.16,6.85
2016-03-13,5.15,3.9,80.07,4.18,5.39
2016-03-14,4.8,0.54,73.9,4.39,13.25
2016-03-15,4.11,0.1,70.84,3.15,15.43
2016-03-16,4.24,0.03,66.76,1.81,16.49
2016-03-17,3.91,0.0,56.14,3.29,18.52
2016-03-18,4.83,0.0,53.24,4.56,17.42
2016-03-19,7.96,0.0,62.2,3.01,17.08
2016-03-20,8.86,3.26,74.31,2.83,9.28
2016-03-21,8.35,6.37,79.13,2.34,12.22
2016-03-22,5.36,20.6,87.0,4.05,10.07
2016-03-23,7.81,0.84,72.26,4.01,13.37
2016-03-24,7.5,0.44,63.27,5.44,16.14
2016-03-25,5.66,0.22,66.17,1.93,15.9
2016-03-26,5.81,0.01,62.76,1.96,17.25
2016-03-27,6.92,0.98,65.96,3.95,13.09
2016-03-28,5.84,0.83,70.5,1.61,11.04
2016-03-29,8.66,0.0,61.83,4.3,21.28
2016-03-30,10.88,0.0,57.56,2.26,21.01
2016-03-31,13.13,0.0,56.95,1.17,20.63
2016-04-01,14.5,0.0,55.53,1.66,21.36
2016-04-02,13.39,0.0,61.71,2.5,20.8
2016-04-03,11.77,0.01,63.52,1.34,20.38
2016-04-04,10.33,4.11,60.21,5.08,16.63
2016-04-05,8.76,0.0,63.13,2.46,17.48
2016-04-06,11.65,0.0,57.12,1.14,17.18
2016-04-07,15.43,0.0,56.65,3.65,22.69
2016-04-08,18.36,0.0,48.8,2.09,22.94
2016-04-09,16.04,0.0,52.24,2.76,23.63
2016-04-10,14.67,0.0,52.34,1.79,23.79
2016-04-11,12.95,0.0,63.54,1.98,22.63
2016-04-12,11.8,0.45,60.52,2.35,19.58
2016-04-13,10.31,0.43,60.39,2.76,19.18
2016-04-14,9.0,2.6,67.28,2.56,14.75
2016-04-15,9.85,0.09,61.13,1.46,18.81
2016-04-16,11.75,0.0,56.37,1.64,22.15
2016-04-17,14.48,0.0,53.63,2.85,24.8
2016-04-18,16.87,0.0,45.53,3.17,25.37
2016-04-19,18.62,0.0,40.77,1.63,25.2
2016-04-20,19.95,0.0,45.46,1.73,25.17
2016-04-21,18.09,0.01,58.16,2.61,18.87
2016-04-22,17.07,1.06,57.27,3.08,16.54
2016-04-23,13.19,0.03,60.65,3.23,20.72
2016-04-24,12.03,0.06,54.33,3.73,20.04
2016-04-25,11.2,0.01,51.96,2.88,23.87
2016-04-26,11.87,0.0,55.42,1.47,24.89
2016-04-27,10.0,0.51,66.94,1.83,17.38
2016-04-28,14.84,0.77,55.67,1.08,22.12
2016-04-29,11.92,5.41,72.86,0.79,12.12
2016-04-30,13.68,0.16,60.23,2.41,22.43
2016-05-01,15.9,0.0,54.09,3.18,27.64
2016-05-02,19.29,0.0,47.67,1.95,26.89
2016-05-03,20.33,0.0,46.22,2.31,26.45
2016-05-04,18.82,2.43,59.15,1.76,18.02
2016-05-05,16.54,3.34,72.79,1.48,16.5
2016-05-06,19.73,0.02,54.6,4.86,25.69
2016-05-07,21.32,0.0,50.05,2.52,28.09
2016-05-08,16.88,0.0,49.73,4.33,27.98
2016-05-09,12.8,0.07,46.16,3.64,22.17
2016-05-10,14.9,0.01,47.13,1.38,26.74
2016-05-11,16.59,0.0,42.88,2.51,28.04
2016-05-12,19.42,0.0,39.69,2.01,27.3
2016-05-13,18.42,0.0,48.54,5.28,28.46
2016-05-14,15.02,2.43,59.11,3.32,9.98
2016-05-15,12.7,8.01,82.67,1.07,7.74
2016-05-16,15.53,1.09,65.07,1.35,24.85
2016-05-17,17.8,0.02,59.33,1.8,27.27
2016-05-18,18.99,0.13,53.01,2.82,23.02
2016-05-19,13.15,0.32,52.71,2.88,18.4
2016-05-20,13.5,1.47,59.41,1.71,23.39
2016-05-21,13.1,3.21,70.7,2.14,16.82
2016-05-22,13.34,0.91,60.18,4.24,20.99
2016-05-23,13.65,0.04,59.95,2.69,16.0
2016-05-24,15.62,0.94,57.44,1.27,21.75
2016-05-25,17.3,0.0,54.6,2.67,28.65
2016-05-26,14.54,0.0,58.21,3.14,25.52
2016-05-27,13.51,0.0,47.23,3.27,25.43
2016-05-28,14.54,0.0,52.74,2.36,25.17
2016-05-29,16.89,0.0,48.75,3.3,29.22
2016-05-30,17.04,0.0,40.28,1.31,31.15
2016-05-31,19.74,0.0,38.09,1.76,30.49
2016-06-01,20.86,0.0,43.94,2.31,24.62
2016-06-02,18.99,0.09,52.92,2.9,18.99
2016-06-03,21.52,0.0,45.05,1.1,30.54
2016-06-04,24.73,0.0,44.01,2.68,30.65
2016-06-05,27.61,0.0,38.78,2.32,29.78
2016-06-06,28.76,0.0,37.33,1.81,30.22
2016-06-07,27.05,0.0,42.88,2.11,29.84
2016-06-08,21.99,0.72,48.3,3.46,12.26
2016-06-09,18.24,0.92,51.23,2.84,26.58
2016-06-10,15.15,4.56,57.68,3.9,23.25
2016-06-11,14.65,0.11,52.49,2.85,23.92
2016-06-12,17.68,0.0,45.08,1.94,30.86
2016-06-13,17.67,0.01,43.78,3.84,24.1
2016-06-14,13.05,0.15,49.31,4.02,26.94
2016-06-15,13.82,0.04,45.78,1.65,27.02
2016-06-16,13.37,0.27,51.91,2.89,23.96
2016-06-17,16.26,0.24,47.83,2.19,27.24
2016-06-18,13.99,7.25,64.23,3.09,9.32
2016-06-19,15.17,0.34,49.63,1.89,29.87
2016-06-20,20.18,0.01,42.56,2.71,30.06
2016-06-21,19.42,1.54,50.29,2.75,28.7
2016-06-22,21.41,0.0,41.31,1.69,27.96
2016-06-23,19.59,0.42,50.02,4.22,23.23
2016-06-24,15.67,2.23,52.63,3.77,18.95
2016-06-25,18.07,0.0,52.06,1.49,28.13
2016-06-26,21.81,0.0,43.72,2.29,31.2
2016-06-27,25.48,0.0,38.75,2.45,30.95
2016-06-28,26.83,0.05,38.07,1.21,30.06
2016-06-29,26.58,0.0,43.68,1.73,29.66
2016-06-30,24.44,0.0,44.76,2.66,30.96
2016-07-01,22.97,0.0,45.32,2.0,26.98
2016-07-02,23.09,0.0,51.2,2.21,23.86
2016-07-03,21.15,0.03,42.87,4.24,30.48
2016-07-04,19.15,0.01,44.58,3.48,27.11
2016-07-05,18.47,0.13,47.65,2.39,22.19
2016-07-06,19.26,0.04,46.59,1.86,28.46
2016-07-07,20.37,0.25,49.13,3.05,16.32
2016-07-08,18.19,2.23,71.03,2.82,17.47
2016-07-09,19.03,4.05,53.34,3.46,27.44
2016-07-10,17.03,0.96,57.92,3.45,17.87
2016-07-11,18.78,0.01,51.38,2.98,25.3
2016-07-12,20.56,0.28,47.16,2.15,20.71
2016-07-13,21.1,0.0,46.95,1.71,28.31
2016-07-14,22.44,0.0,40.55,2.5,30.22
2016-07-15,20.42,0.0,42.18,3.22,28.11
2016-07-16,20.63,0.29,49.43,1.97,20.16
2016-07-17,22.24,0.25,45.45,2.23,22.36
2016-07-18,20.24,0.44,53.08,2.58,15.46
2016-07-19,20.88,0.02,49.79,1.8,20.82
2016-07-20,23.42,0.0,38.47,1.56,28.73
2016-07-21,25.61,0.03,33.37,1.87,28.86
2016-07-22,21.78,0.99,48.86,3.51,19.54
2016-07-23,21.38,0.0,46.49,1.55,29.01
2016-07-24,24.94,0.0,34.39,0.79,29.06
2016-07-25,28.19,0.0,30.6,0.93,28.29
2016-07-26,27.57,0.08,41.44,1.04,26.24
2016-07-27,27.39,0.01,45.72,1.37,26.48
2016-07-28,30.0,0.0,35.09,1.45,26.86
2016-07-29,30.44,0.04,35.2,1.85,27.17
2016-07-30,25.74,0.01,41.85,3.77,28.45
2016-07-31,21.66,0.04,42.62,2.38,28.58
2016-08-01,22.82,0.0,37.97,1.42,27.89
2016-08-02,20.08,0.01,42.57,4.37,27.21
2016-08-03,20.18,0.01,49.53,1.98,26.29
2016-08-04,23.63,0.0,40.81,1.9,27.29
2016-08-05,25.69,0.0,35.02,1.67,26.16
2016-08-06,22.36,0.01,40.03,2.59,26.54
2016-08-07,20.94,0.06,42.68,3.25,25.35
2016-08-08,18.45,0.14,50.09,2.74,19.92
2016-08-09,17.5,1.09,56.23,1.77,14.71
2016-08-10,21.3,0.01,47.74,1.35,23.27
2016-08-11,24.73,0.0,39.21,0.85,24.31
2016-08-12,27.09,0.0,34.74,1.13,24.51
2016-08-13,27.93,0.0,32.25,1.01,22.89
2016-08-14,27.32,0.0,34.52,1.78,24.97
2016-08-15,25.7,0.0,38.36,1.36,25.83
2016-08-16,26.28,0.01,37.71,1.29,25.28
2016-08-17,26.54,0.01,46.74,1.28,24.75
2016-08-18,27.49,0.04,34.73,4.37,25.19
2016-08-19,24.02,0.0,30.86,4.12,25.34
2016-08-20,25.77,0.0,25.02,1.24,25.51
2016-08-21,24.01,0.02,35.31,3.63,24.85
2016-08-22,18.41,0.03,45.75,2.35,23.58
2016-08-23,20.74,0.0,40.69,2.02,24.23
2016-08-24,22.28,0.0,40.95,3.18,22.55
2016-08-25,23.21,0.0,35.62,2.07,22.81
2016-08-26,24.4,0.0,35.89,1.87,22.68
2016-08-27,23.29,0.0,39.88,3.53,14.27
2016-08-28,20.87,0.0,43.2,1.45,20.37
2016-08-29,24.79,0.0,32.72,2.08,22.16
2016-08-30,21.32,0.0,46.05,1.77,12.46
2016-08-31,20.51,0.01,49.49,2.75,21.62
2016-09-01,17.5,0.35,55.88,3.03,13.6
2016-09-02,16.29,2.42,60.18,3.15,17.09
2016-09-03,15.81,0.01,53.48,1.54,20.0
2016-09-04,16.31,0.0,47.69,2.3,18.67
2016-09-05,16.33,0.11,53.0,2.29,20.24
2016-09-06,13.95,2.57,70.11,2.73,14.33
2016-09-07,16.74,0.06,61.12,2.4,17.29
2016-09-08,16.64,0.03,51.8,3.47,19.82
2016-09-09,16.64,0.0,42.65,1.25,21.13
2016-09-10,19.87,0.03,41.59,2.84,20.66
2016-09-11,17.43,0.09,48.46,4.0,20.48
2016-09-12,14.78,0.0,39.85,5.45,20.99
2016-09-13,15.03,0.0,34.12,3.29,21.22
2016-09-14,15.99,0.0,34.79,1.57,20.45
2016-09-15,17.55,0.0,44.13,1.67,19.53
2016-09-16,19.25,0.02,41.38,2.44,17.97
2016-09-17,16.67,4.68,66.11,4.19,7.79
2016-09-18,15.6,0.09,58.4,2.49,17.67
2016-09-19,14.11,0.03,58.03,2.59,14.88
2016-09-20,13.78,0.0,51.09,1.18,18.04
2016-09-21,14.43,0.1,48.19,2.14,16.54
2016-09-22,15.0,0.29,58.82,2.51,12.46
2016-09-23,12.95,0.31,67.24,3.62,8.88
2016-09-24,12.88,0.0,61.77,1.55,17.61
2016-09-25,16.6,0.0,45.04,1.63,16.15
2016-09-26,19.45,0.0,47.93,2.19,16.89
2016-09-27,19.87,0.0,47.44,2.06,16.69
2016-09-28,18.39,0.0,47.05,2.13,15.87
2016-09-29,19.56,0.01,51.45,1.4,15.05
2016-09-30,16.84,0.52,52.49,2.53,9.73
2016-10-01,12.31,0.68,56.16,3.5,14.87
2016-10-02,12.71,0.0,46.95,1.91,14.92
2016-10-03,11.44,0.01,50.26,1.41,12.62
2016-10-04,11.25,0.67,64.2,2.68,10.14
2016-10-05,11.06,0.27,73.34,2.67,10.54
2016-10-06,11.43,1.48,75.68,2.15,9.7
2016-10-07,12.99,4.45,64.28,3.7,9.92
2016-10-08,15.24,2.05,69.18,3.21,9.12
2016-10-09,12.5,21.15,81.66,2.91,5.57
2016-10-10,8.46,6.62,63.61,2.3,11.04
2016-10-11,6.3,0.0,57.53,2.62,14.9
2016-10-12,7.19,0.0,55.29,1.79,13.99
2016-10-13,9.95,14.89,81.27,3.06,3.24
2016-10-14,11.95,3.66,69.29,6.48,9.49
2016-10-15,10.6,6.37,80.04,4.37,3.33
2016-10-16,10.42,4.14,77.9,3.89,6.12
2016-10-17,9.29,2.16,81.87,4.58,8.49
2016-10-18,8.25,0.31,81.78,2.21,7.92
2016-10-19,8.58,0.09,76.94,1.84,11.05
2016-10-20,11.16,5.86,76.45,3.7,3.8
2016-10-21,9.13,0.49,80.97,0.93,5.94
2016-10-22,9.06,0.69,78.93,2.45,10.56
2016-10-23,9.14,0.01,74.17,2.65,7.88
2016-10-24,13.43,0.86,67.36,2.58,7.36
2016-10-25,11.21,0.34,70.05,1.56,10.13
2016-10-26,12.5,6.08,87.45,2.23,2.59
2016-10-27,8.96,6.57,94.76,1.28,2.75
2016-10-28,8.95,0.37,79.72,2.63,5.67
2016-10-29,7.56,0.63,85.25,2.22,3.1
2016-10-30,10.1,11.34,87.41,3.43,5.38
2016-10-31,8.47,2.44,83.35,4.77,4.2
2016-11-01,8.85,0.08,75.57,2.59,8.34
2016-11-02,10.02,0.01,61.83,2.11,4.51
2016-11-03,10.86,0.0,65.47,1.41,9.19
2016-11-04,10.31,0.01,63.88,1.75,9.1
2016-11-05,10.28,0.89,70.68,1.81,5.48
2016-11-06,9.32,2.69,79.07,2.58,8.4
2016-11-07,9.54,0.03,73.34,2.32,6.59
2016-11-08,11.42,0.0,70.62,2.03,8.68
2016-11-09,10.21,0.0,81.26,1.78,7.82
2016-11-10,11.03,0.0,79.06,2.94,7.78
2016-11-11,10.7,0.12,74.45,1.39,5.26
2016-11-12,11.12,1.55,74.74,3.69,6.63
2016-11-13,7.85,2.18,91.86,1.91,2.2
2016-11-14,9.37,8.03,91.42,3.65,6.0
2016-11-15,9.51,2.75,80.21,4.58,7.01
2016-11-16,4.77,0.09,73.42,2.5,7.48
2016-11-17,2.69,0.06,82.08,1.66,4.83
2016-11-18,1.96,0.0,72.99,3.82,2.77
2016-11-19,5.89,1.51,73.49,2.61,2.69
2016-11-20,5.88,0.73,86.74,2.18,2.75
2016-11-21,4.23,0.5,92.43,1.46,3.71
2016-11-22,4.24,0.3,79.93,2.5,4.27
2016-11-23,4.49,5.08,84.44,4.37,5.28
2016-11-24,5.1,1.53,69.39,4.65,1.27
2016-11-25,5.9,1.53,77.02,3.3,3.28
2016-11-26,5.29,0.03,65.38,1.99,5.07
2016-11-27,4.3,2.06,76.76,3.54,5.04
2016-11-28,3.04,0.35,85.67,2.34,6.5
2016-11-29,0.64,0.1,91.87,1.81,4.94
2016-11-30,2.3,1.37,87.95,3.17,2.5
2016-12-01,1.61,0.04,81.82,1.95,5.97
2016-12-02,1.39,0.94,90.47,3.3,1.77
2016-12-03,4.55,0.76,79.67,4.37,4.66
2016-12-04,2.02,0.85,75.95,4.47,5.83
2016-12-05,-1.61,4.16,86.18,2.04,3.89
2016-12-06,-3.98,1.6,66.22,3.83,4.94
2016-12-07,-5.07,0.0,57.25,3.31,4.23
2016-12-08,-6.64,1.39,61.89,5.4,4.23
2016-12-09,-4.47,1.69,84.85,1.92,2.26
2016-12-10,-3.76,3.08,91.15,1.62,1.04
2016-12-11,-0.8,1.67,97.86,2.56,1.08
2016-12-12,-2.87,0.57,84.9,1.69,3.44
2016-12-13,-6.6,0.02,72.0,3.12,3.8
2016-12-14,-9.39,2.01,78.85,5.45,2.51
2016-12-15,-7.23,0.86,82.2,1.95,4.12
2016-12-16,-11.05,0.01,66.07,3.71,3.94
2016-12-17,-12.77,0.01,80.02,1.99,4.92
2016-12-18,-7.61,0.19,89.78,2.04,2.68
2016-12-19,-2.2,2.27,88.75,4.41,2.67
2016-12-20,0.93,3.1,89.31,5.39,5.14
2016-12-21,-3.14,0.37,86.99,2.06,3.82
2016-12-22,-3.34,0.03,76.55,1.95,3.14
2016-12-23,-1.3,3.44,90.78,2.33,1.33
2016-12-24,-4.61,0.48,88.93,1.63,4.53
2016-12-25,-7.54,0.01,85.06,1.5,5.16
2016-12-26,-3.63,2.72,83.51,2.17,4.42
2016-12-27,-0.17,3.25,92.52,4.96,4.08
2016-12-28,-2.43,0.02,91.4,2.6,4.07
2016-12-29,-0.97,0.99,86.24,3.02,2.86
2016-12-30,-1.68,0.35,94.25,1.49,5.84
2016-12-31,-4.45,0.5,88.37,1.78,3.6
2017-01-01,-4.89,1.51,90.57,3.24,3.1
2017-01-02,-8.28,0.37,74.4,6.26,4.3
2017-01-03,-11.57,0.09,74.55,4.9,3.68
2017-01-04,-13.2,0.0,76.98,5.78,6.85
2017-01-05,-14.23,0.0,77.2,2.71,6.08
2017-01-06,-10.83,0.0,78.77,1.61,6.23
2017-01-07,-11.07,2.89,83.73,3.13,2.69
2017-01-08,-4.68,5.63,96.43,3.14,1.57
2017-01-09,-3.82,2.6,99.12,1.63,1.89
2017-01-10,-4.89,2.23,91.05,3.85,5.06
2017-01-11,-11.28,0.31,84.54,3.56,5.79
2017-01-12,-11.15,0.03,91.7,1.81,6.91
2017-01-13,-10.86,0.18,95.46,1.84,5.21
2017-01-14,-10.62,0.05,93.91,2.97,5.69
2017-01-15,-11.83,0.18,96.74,1.87,3.73
2017-01-16,-10.79,0.06,94.58,1.51,5.42
2017-01-17,-6.6,3.52,93.0,2.0,4.31
2017-01-18,0.84,6.49,93.74,3.85,1.98
2017-01-19,-0.28,0.27,95.96,2.18,4.01
2017-01-20,-0.17,0.09,90.6,3.0,5.53
2017-01-21,0.51,0.93,90.15,1.78,4.51
2017-01-22,0.38,4.63,94.47,3.02,1.61
2017-01-23,-0.88,0.37,89.09,1.37,3.82
2017-01-24,-2.76,0.29,89.25,0.99,3.98
2017-01-25,-2.83,0.09,90.4,0.95,3.68
2017-01-26,-1.99,0.01,88.31,0.83,4.01
2017-01-27,-2.36,0.03,89.24,1.26,3.33
2017-01-28,-2.58,0.0,81.0,1.32,3.17
2017-01-29,-3.14,0.01,89.37,1.59,4.51
2017-01-30,-1.82,0.65,91.88,0.87,3.87
2017-01-31,-2.6,1.02,74.25,2.87,7.85
2017-02-01,-6.22,0.0,66.06,5.51,9.97
2017-02-02,-6.76,0.12,64.43,4.99,10.14
2017-02-03,-4.24,4.69,89.51,2.76,3.11
2017-02-04,-2.24,1.34,94.31,1.2,5.7
2017-02-05,1.17,5.73,95.85,2.51,4.54
2017-02-06,0.41,0.68,92.0,3.74,7.84
2017-02-07,-2.12,0.17,87.72,2.7,3.4
2017-02-08,-1.64,5.97,93.8,2.26,3.54
2017-02-09,2.52,4.51,97.34,2.57,2.94
2017-02-10,2.5,0.29,88.67,4.98,10.69
2017-02-11,1.15,0.02,76.34,2.36,11.54
2017-02-12,0.28,0.0,81.1,1.57,7.79
2017-02-13,1.09,0.0,80.35,2.93,10.44
2017-02-14,2.17,0.28,73.35,1.83,10.59
2017-02-15,3.03,14.17,88.54,2.37,3.02
2017-02-16,6.5,9.87,92.99,4.56,4.48
2017-02-17,3.72,0.13,85.14,2.96,11.09
2017-02-18,2.48,3.46,91.11,2.75,5.14
2017-02-19,2.72,1.63,85.37,2.24,4.71
2017-02-20,2.48,2.85,89.59,2.46,4.8
2017-02-21,1.71,7.4,93.73,2.87,4.73
2017-02-22,0.18,0.08,81.52,1.52,9.48
2017-02-23,-1.08,0.0,75.58,2.02,13.92
2017-02-24,-0.77,0.04,71.58,1.16,11.02
2017-02-25,-0.36,0.22,72.76,1.84,12.69
2017-02-26,-0.41,3.78,89.41,1.94,7.25
2017-02-27,-0.58,0.73,84.24,2.65,6.59
2017-02-28,-0.73,0.08,73.07,2.65,14.39
2017-03-01,2.98,0.07,80.98,4.33,10.89
2017-03-02,2.22,0.77,89.3,2.11,6.85
2017-03-03,5.0,0.72,83.36,4.5,7.64
2017-03-04,3.0,0.09,74.66,2.41,14.15
2017-03-05,0.97,3.02,74.08,3.34,10.7
2017-03-06,0.09,0.41,76.92,4.3,10.64
2017-03-07,0.48,7.99,96.34,3.07,6.91
2017-03-08,2.85,3.42,87.85,1.82,10.5
2017-03-09,4.42,8.2,96.0,1.71,4.85
2017-03-10,7.93,0.03,77.56,4.1,13.42
2017-03-11,5.06,1.52,88.58,2.79,5.8
2017-03-12,6.59,0.01,80.81,2.55,7.58
2017-03-13,7.15,7.37,87.95,1.12,5.82
2017-03-14,10.49,6.01,88.65,3.07,7.42
2017-03-15,10.7,2.78,87.05,4.57,8.43
2017-03-16,5.72,0.11,60.52,3.03,18.2
2017-03-17,5.04,1.95,79.41,2.65,7.48
2017-03-18,8.77,3.67,79.33,4.57,7.6
2017-03-19,4.08,0.0,57.96,1.21,18.42
2017-03-20,6.72,0.33,70.12,3.72,9.74
2017-03-21,9.17,3.83,81.84,2.18,8.08
2017-03-22,7.2,2.11,83.7,2.05,10.11
2017-03-23,5.69,0.07,70.85,2.73,16.45
2017-03-24,5.46,10.14,89.5,2.93,5.39
2017-03-25,6.75,0.25,70.44,3.22,16.49
2017-03-26,5.33,1.45,82.5,1.81,6.87
2017-03-27,7.07,1.04,75.46,2.57,16.03
2017-03-28,6.95,0.89,78.28,3.82,10.73
2017-03-29,8.36,6.71,88.05,3.67,7.11
2017-03-30,6.14,0.05,70.6,3.21,18.36
2017-03-31,6.72,0.0,68.57,1.54,20.72
2017-04-01,8.37,0.18,71.58,2.64,15.57
2017-04-02,6.41,0.01,63.13,3.16,20.3
2017-04-03,6.13,0.0,53.99,2.07,22.38
2017-04-04,7.11,0.05,51.18,1.8,15.07
2017-04-05,10.5,0.67,77.49,2.01,12.92
2017-04-06,12.02,0.31,73.6,2.92,11.01
2017-04-07,10.31,6.83,62.75,5.83,11.79
2017-04-08,5.55,0.43,69.79,2.6,14.17
2017-04-09,5.34,0.05,65.22,2.84,21.1
2017-04-10,6.08,2.09,67.48,3.65,15.95
2017-04-11,8.06,0.03,64.76,2.75,21.1
2017-04-12,9.65,8.89,85.6,2.43,7.27
2017-04-13,8.03,3.69,71.03,4.18,18.67
2017-04-14,6.31,0.19,67.98,3.05,17.17
2017-04-15,6.41,0.01,64.92,2.07,22.25
2017-04-16,8.92,0.15,62.22,3.45,18.43
2017-04-17,10.6,4.54,73.26,2.45,14.48
2017-04-18,10.72,2.05,65.93,2.23,17.83
2017-04-19,11.47,1.01,60.89,1.81,17.7
2017-04-20,9.75,0.65,67.27,3.19,20.3
2017-04-21,9.72,0.0,64.73,1.91,24.54
2017-04-22,12.44,0.05,57.22,3.96,17.48
2017-04-23,10.57,0.24,66.1,3.05,16.94
2017-04-24,9.34,0.94,74.2,2.18,15.7
2017-04-25,9.27,0.62,66.73,2.83,19.75
2017-04-26,9.48,1.49,65.83,3.65,17.95
2017-04-27,7.84,0.1,60.64,2.95,19.32
2017-04-28,9.77,0.03,60.5,1.98,22.24
2017-04-29,9.48,0.08,62.27,2.43,21.17
2017-04-30,10.99,0.51,57.48,4.14,25.19
2017-05-01,7.36,0.66,71.19,1.68,12.89
2017-05-02,11.77,0.06,65.94,1.0,21.22
2017-05-03,16.13,0.0,64.43,1.38,22.17
2017-05-04,20.42,1.68,62.11,2.96,26.37
2017-05-05,16.57,1.54,70.22,3.59,13.05
2017-05-06,10.9,0.17,52.04,2.66,19.25
2017-05-07,10.88,0.0,52.07,2.25,28.65
2017-05-08,13.44,0.0,44.99,0.98,24.73
2017-05-09,15.75,0.0,45.87,1.25,27.1
2017-05-10,18.15,0.0,49.88,1.76,27.57
2017-05-11,14.64,1.37,71.11,2.82,11.91
2017-05-12,10.06,1.2,63.37,3.39,20.81
2017-05-13,7.69,0.62,68.74,3.13,19.58
2017-05-14,8.59,0.44,66.86,2.11,21.02
2017-05-15,10.08,0.93,63.33,2.28,21.28
2017-05-16,9.25,6.06,67.59,3.76,13.79
2017-05-17,12.25,1.19,63.61,1.46,21.09
2017-05-18,13.99,0.08,63.0,1.58,22.39
2017-05-19,16.94,0.03,56.63,1.5,25.0
2017-05-20,16.37,4.09,63.56,1.94,20.03
2017-05-21,19.67,0.0,51.06,1.03,29.09
2017-05-22,21.57,0.0,47.4,1.29,30.04
2017-05-23,22.37,0.02,45.5,3.03,30.19
2017-05-24,14.0,0.0,45.26,3.9,28.18
2017-05-25,14.13,0.4,58.76,1.21,20.13
2017-05-26,17.93,0.0,49.37,1.28,29.94
2017-05-27,20.22,0.0,48.56,1.81,30.32
2017-05-28,22.55,0.0,45.2,1.94,30.96
2017-05-29,23.55,0.0,44.36,1.23,30.71
2017-05-30,22.8,1.83,53.47,2.83,23.91
2017-05-31,17.25,0.15,67.38,2.39,16.66
2017-06-01,17.29,0.53,59.96,2.21,18.81
2017-06-02,18.22,0.0,56.79,2.25,29.48
2017-06-03,21.4,0.21,53.73,2.31,22.7
2017-06-04,15.15,0.13,54.21,2.25,16.67
2017-06-05,16.45,0.0,48.79,1.67,31.86
2017-06-06,20.54,0.0,47.21,2.22,29.05
2017-06-07,24.11,0.0,47.11,2.42,24.72
2017-06-08,18.88,1.4,56.48,4.07,13.05
2017-06-09,14.6,0.09,49.7,3.49,28.83
2017-06-10,13.68,0.28,53.45,3.23,20.84
2017-06-11,15.85,0.04,50.76,1.05,27.01
2017-06-12,18.09,0.0,50.5,4.17,29.12
2017-06-13,15.92,0.01,48.07,4.58,31.14
2017-06-14,14.51,0.01,54.47,2.9,25.56
2017-06-15,15.13,5.2,74.57,3.28,13.16
2017-06-16,17.1,2.29,61.92,3.98,16.16
2017-06-17,16.65,0.0,49.22,1.92,24.69
2017-06-18,20.4,0.03,54.16,1.64,25.33
2017-06-19,25.18,0.0,52.53,1.46,26.74
2017-06-20,22.8,0.0,50.24,3.65,30.8
2017-06-21,19.44,0.0,42.31,3.38,32.49
2017-06-22,19.42,0.0,39.34,2.68,32.52
2017-06-23,22.11,0.0,37.24,1.93,32.19
2017-06-24,23.61,0.0,39.34,2.2,31.38
2017-06-25,26.12,0.0,41.91,2.9,30.2
2017-06-26,26.88,1.18,46.52,2.5,20.6
2017-06-27,21.67,0.0,45.14,2.27,30.34
2017-06-28,20.26,1.63,52.27,2.81,29.52
2017-06-29,21.75,0.01,51.9,1.45,30.58
2017-06-30,24.4,0.0,44.89,1.62,30.87
2017-07-01,25.17,0.0,45.97,1.65,26.96
2017-07-02,24.23,0.0,47.41,2.13,30.94
2017-07-03,23.25,0.0,45.08,2.27,31.38
2017-07-04,24.81,0.0,38.14,1.33,28.76
2017-07-05,26.38,0.0,43.28,1.6,30.99
2017-07-06,28.79,0.0,39.73,1.67,30.36
2017-07-07,29.01,0.0,36.69,1.92,27.22
2017-07-08,26.65,0.0,36.92,1.69,31.02
2017-07-09,26.07,0.0,39.6,2.68,29.03
2017-07-10,23.22,0.0,46.66,3.53,27.33
2017-07-11,21.96,0.0,45.03,1.92,30.48
2017-07-12,23.91,0.0,41.33,2.07,29.97
2017-07-13,24.34,0.0,41.63,2.52,30.31
2017-07-14,26.15,0.0,37.25,1.11,30.26
2017-07-15,26.61,0.02,33.67,2.64,26.89
2017-07-16,20.09,0.0,42.27,2.74,30.7
2017-07-17,21.83,0.0,39.41,1.41,29.99
2017-07-18,25.53,0.0,28.45,0.92,29.9
2017-07-19,24.29,0.0,38.58,2.56,29.36
2017-07-20,21.38,0.0,46.7,3.64,26.98
2017-07-21,21.37,0.0,44.21,1.44,27.68
2017-07-22,25.57,0.0,40.19,1.24,28.1
2017-07-23,27.03,0.0,43.08,2.9,28.67
2017-07-24,24.05,0.0,33.58,3.06,30.04
2017-07-25,25.85,0.0,34.5,2.25,29.47
2017-07-26,26.44,0.0,37.17,2.2,26.65
2017-07-27,25.48,0.0,45.47,3.04,28.9
2017-07-28,24.51,0.0,43.22,1.61,29.21
2017-07-29,24.66,0.0,43.83,1.64,28.75
2017-07-30,24.68,0.0,44.38,2.13,29.05
2017-07-31,26.62,0.0,36.33,1.27,28.69
2017-08-01,28.6,0.0,28.44,1.36,28.08
2017-08-02,27.87,0.0,37.86,3.63,26.53
2017-08-03,29.56,0.0,33.03,2.21,25.16
2017-08-04,26.91,0.0,37.92,2.37,21.9
2017-08-05,26.28,0.0,38.65,2.19,20.34
2017-08-06,26.72,0.0,38.59,1.72,19.86
2017-08-07,27.66,0.0,34.67,1.25,19.2
2017-08-08,28.47,0.0,34.46,1.1,19.3
2017-08-09,27.92,0.0,36.57,1.51,18.79
2017-08-10,27.39,0.0,37.61,1.17,18.12
2017-08-11,27.66,0.0,40.69,1.59,18.25
2017-08-12,22.67,0.48,59.27,2.88,12.42
2017-08-13,20.6,0.44,54.27,3.32,21.41
2017-08-14,18.76,0.0,47.64,1.64,23.8
2017-08-15,20.79,0.02,41.81,1.38,24.83
2017-08-16,22.29,0.0,44.39,2.23,25.36
2017-08-17,22.05,0.0,50.2,1.84,25.68
2017-08-18,22.28,0.0,46.65,2.64,22.34
2017-08-19,21.21,0.0,47.87,2.17,24.38
2017-08-20,20.12,0.0,45.71,1.35,18.91
2017-08-21,23.4,0.0,37.35,1.48,23.81
2017-08-22,24.48,0.0,38.12,1.76,21.71
2017-08-23,22.69,0.06,50.64,2.24,18.67
2017-08-24,21.89,0.0,42.15,3.12,22.82
2017-08-25,19.98,0.0,39.83,1.31,23.65
2017-08-26,22.52,0.0,32.21,1.33,23.65
2017-08-27,24.86,0.0,30.37,1.82,22.12
2017-08-28,25.74,0.09,39.22,2.17,17.07
2017-08-29,28.09,0.0,36.52,1.91,18.4
2017-08-30,24.64,0.0,40.79,2.01,20.42
2017-08-31,21.6,0.0,51.15,2.22,22.29
2017-09-01,23.8,0.0,38.35,1.18,22.58
2017-09-02,27.19,0.0,30.07,1.44,22.03
2017-09-03,27.16,0.0,32.02,1.03,15.93
2017-09-04,24.88,0.0,37.96,3.86,14.43
2017-09-05,23.45,0.0,38.03,3.88,7.88
2017-09-06,22.29,0.0,42.95,1.56,7.99
2017-09-07,20.84,0.0,62.36,1.45,5.93
2017-09-08,22.65,0.0,56.99,2.22,14.01
2017-09-09,21.16,0.0,52.79,2.83,15.55
2017-09-10,19.81,0.0,48.83,1.71,19.6
2017-09-11,22.52,0.0,36.28,1.18,20.78
2017-09-12,23.25,0.0,39.66,2.01,19.35
2017-09-13,18.72,0.0,45.41,2.71,17.12
2017-09-14,16.67,0.0,42.65,3.7,14.33
2017-09-15,14.67,0.0,42.46,3.62,19.67
2017-09-16,14.11,0.0,44.2,2.11,15.31
2017-09-17,15.01,0.72,47.01,3.46,12.66
2017-09-18,13.4,2.64,57.83,3.96,15.91
2017-09-19,10.72,3.32,73.76,4.1,10.9
2017-09-20,8.38,4.33,81.88,2.17,8.84
2017-09-21,9.01,0.66,75.01,1.19,11.62
2017-09-22,11.32,0.06,59.65,1.79,12.73
2017-09-23,13.23,0.02,54.05,1.45,13.98
2017-09-24,14.33,0.0,51.53,1.43,14.34
2017-09-25,14.57,0.04,61.82,1.54,11.43
2017-09-26,17.22,0.0,58.41,1.03,16.71
2017-09-27,17.32,0.0,51.86,2.34,16.95
2017-09-28,18.21,0.0,45.9,2.03,16.76
2017-09-29,16.91,0.0,49.73,2.49,14.46
2017-09-30,12.97,0.07,57.94,3.88,15.51
2017-10-01,11.52,0.13,57.22,2.46,13.29
2017-10-02,10.37,0.03,57.56,2.77,13.96
2017-10-03,9.93,0.0,45.67,3.55,16.29
2017-10-04,10.99,0.0,41.62,2.51,13.89
2017-10-05,12.79,0.0,44.47,1.25,15.23
2017-10-06,13.01,0.0,46.34,3.73,12.15
2017-10-07,11.62,0.46,59.7,4.16,14.39
2017-10-08,10.11,0.02,55.93,2.62,15.24
2017-10-09,9.31,0.0,57.79,1.9,13.91
2017-10-10,11.37,0.01,45.85,3.43,7.71
2017-10-11,6.39,1.02,74.53,2.67,10.77
2017-10-12,4.97,4.53,86.36,3.1,8.68
2017-10-13,5.4,1.61,83.27,1.49,7.64
2017-10-14,5.6,0.01,63.84,2.35,9.84
2017-10-15,8.33,0.0,45.27,1.33,13.22
2017-10-16,8.85,0.0,52.04,2.11,13.3
2017-10-17,9.85,0.0,63.31,3.98,9.1
2017-10-18,11.21,2.31,76.52,2.95,3.81
2017-10-19,11.48,7.69,79.97,3.79,3.49
2017-10-20,8.36,2.29,75.59,4.8,10.59
2017-10-21,6.38,11.26,89.87,4.62,4.88
2017-10-22,11.3,5.28,70.79,5.43,11.32
2017-10-23,9.29,0.02,66.76,1.07,10.55
2017-10-24,8.87,0.0,69.25,2.23,11.76
2017-10-25,9.44,0.01,82.36,1.92,7.62
2017-10-26,8.92,0.0,68.95,3.42,11.14
2017-10-27,8.99,0.0,57.95,2.36,10.85
2017-10-28,9.67,0.0,64.33,2.35,10.88
2017-10-29,8.28,0.0,69.89,3.82,9.64
2017-10-30,5.84,0.0,41.92,4.41,10.04
2017-10-31,6.34,0.0,52.66,2.58,9.67
2017-11-01,7.91,0.06,68.26,2.4,7.24
2017-11-02,5.78,2.85,83.72,3.46,7.03
2017-11-03,2.41,0.36,80.72,1.93,7.49
2017-11-04,0.6,1.01,84.56,1.49,3.46
2017-11-05,1.29,4.32,87.89,1.68,2.61
2017-11-06,-0.78,0.05,70.02,1.68,4.61
2017-11-07,-1.05,0.03,79.71,2.78,3.51
2017-11-08,2.31,2.76,72.24,3.77,4.44
2017-11-09,3.91,2.93,90.43,2.71,2.52
2017-11-10,4.12,2.16,90.81,1.09,2.83
2017-11-11,5.29,0.09,84.54,1.49,2.98
2017-11-12,5.15,0.01,79.36,1.83,5.44
2017-11-13,6.03,1.47,77.78,4.68,4.11
2017-11-14,5.33,0.18,73.15,3.94,6.73
2017-11-15,5.16,8.53,76.63,2.87,2.88
2017-11-16,4.57,1.06,85.41,3.89,6.59
2017-11-17,3.41,0.09,79.15,3.8,7.64
2017-11-18,4.02,0.02,74.18,1.93,6.89
2017-11-19,3.14,2.37,66.99,3.19,2.98
2017-11-20,6.58,9.21,84.54,4.12,2.41
2017-11-21,4.5,8.1,95.81,2.42,1.38
2017-11-22,10.24,2.23,94.15,1.81,3.35
2017-11-23,10.78,4.17,86.81,4.85,3.99
2017-11-24,4.71,0.01,83.75,2.84,5.06
2017-11-25,3.45,0.7,81.29,1.85,4.36
2017-11-26,5.94,1.31,84.21,3.25,2.37
2017-11-27,2.51,0.06,82.04,2.5,6.59
2017-11-28,1.33,3.13,87.79,2.8,1.24
2017-11-29,1.88,0.09,88.99,2.18,5.11
2017-11-30,0.55,1.34,84.13,1.4,2.05
2017-12-01,0.14,1.06,97.04,1.87,2.31
2017-12-02,2.16,0.95,92.53,1.87,2.5
2017-12-03,0.23,0.62,81.22,2.19,5.71
2017-12-04,-1.33,0.0,73.2,1.22,4.05
2017-12-05,-0.16,0.0,74.46,1.04,5.86
2017-12-06,-0.95,0.0,80.2,3.11,5.98
2017-12-07,-0.98,0.0,77.64,3.6,3.74
2017-12-08,-1.75,0.0,84.21,2.5,2.0
2017-12-09,-3.13,0.0,88.36,2.05,1.68
2017-12-10,-3.81,0.0,86.92,2.05,1.82
2017-12-11,-3.94,0.01,88.4,2.59,2.06
2017-12-12,-4.63,0.04,84.46,1.39,1.48
2017-12-13,-3.41,0.01,83.07,1.17,3.98
2017-12-14,-1.82,0.09,88.05,1.99,1.46
2017-12-15,-2.53,2.85,93.84,0.86,1.27
2017-12-16,-2.8,0.19,95.17,0.96,1.68
2017-12-17,-0.16,1.06,97.09,2.8,1.55
2017-12-18,2.18,4.23,98.49,3.16,2.41
2017-12-19,2.52,9.65,96.35,3.64,0.99
2017-12-20,-0.84,0.28,86.47,2.68,5.35
2017-12-21,-1.89,0.22,76.85,1.34,2.76
2017-12-22,-2.03,2.02,82.51,2.31,2.31
2017-12-23,-7.77,0.02,65.65,2.61,5.45
2017-12-24,-7.81,1.62,70.82,4.42,3.85
2017-12-25,-6.86,1.06,82.4,1.54,2.48
2017-12-26,-7.05,0.12,80.63,2.13,2.59
2017-12-27,-5.95,0.3,86.88,0.88,2.06
2017-12-28,-2.81,4.33,94.15,1.58,1.48
2017-12-29,0.74,19.79,99.45,1.27,1.12
2017-12-30,0.12,0.03,92.95,4.31,5.29
2017-12-31,-7.4,0.0,85.46,4.85,4.88
2018-01-01,-6.74,0.01,86.73,3.77,2.44
2018-01-02,-7.22,0.0,85.59,4.97,3.34
2018-01-03,-3.96,0.03,90.42,3.89,5.76
2018-01-04,-2.62,0.03,92.63,3.02,3.1
2018-01-05,0.96,1.74,94.64,2.07,2.67
2018-01-06,0.11,0.36,98.03,1.62,2.07
2018-01-07,0.88,1.59,95.03,1.36,2.09
2018-01-08,1.36,1.94,95.08,1.25,3.61
2018-01-09,1.08,4.19,98.63,1.43,2.6
2018-01-10,0.88,0.57,92.43,3.13,5.82
2018-01-11,0.7,13.57,99.3,1.34,0.97
2018-01-12,2.59,0.52,98.71,1.32,1.99
2018-01-13,2.64,0.36,94.56,1.27,3.69
2018-01-14,2.04,0.05,93.69,4.19,4.97
2018-01-15,1.83,0.36,89.88,3.76,5.24
2018-01-16,2.85,2.97,94.15,1.82,2.88
2018-01-17,3.99,1.02,87.25,3.04,2.38
2018-01-18,3.87,4.62,95.06,2.76,3.54
2018-01-19,1.37,0.14,89.56,3.14,5.67
2018-01-20,1.27,0.19,85.81,2.89,5.74
2018-01-21,1.66,1.05,80.77,4.25,2.25
2018-01-22,1.17,0.35,87.38,2.8,5.9
2018-01-23,1.71,9.69,91.77,2.51,1.82
2018-01-24,4.66,6.81,93.37,3.26,2.13
2018-01-25,1.14,0.4,88.12,3.31,5.89
2018-01-26,1.27,1.04,89.55,4.23,5.59
2018-01-27,4.54,1.58,79.88,5.03,4.81
2018-01-28,4.37,1.75,98.65,1.28,2.86
2018-01-29,6.15,1.04,86.0,3.29,2.26
2018-01-30,3.78,0.08,75.45,4.89,8.62
2018-01-31,1.34,0.04,82.1,2.15,7.73
2018-02-01,2.37,7.71,89.3,1.96,3.49
2018-02-02,4.64,1.92,95.03,2.66,3.67
2018-02-03,7.86,0.55,85.24,4.12,7.51
2018-02-04,7.92,2.46,90.34,3.86,4.59
2018-02-05,6.21,0.14,78.99,3.04,7.61
2018-02-06,3.95,0.01,82.89,1.51,7.31
2018-02-07,6.75,0.01,83.94,2.16,4.55
2018-02-08,7.14,0.03,83.86,3.43,8.75
2018-02-09,2.33,0.05,58.31,3.72,8.32
2018-02-10,-1.6,0.0,59.29,2.7,11.44
2018-02-11,-0.44,0.0,65.98,3.97,8.56
2018-02-12,-2.83,0.0,43.9,4.31,11.63
2018-02-13,-0.46,0.08,56.86,1.81,10.36
2018-02-14,0.03,7.75,83.64,1.95,6.61
2018-02-15,-0.24,0.03,73.31,1.81,11.85
2018-02-16,2.46,1.35,83.49,3.4,10.57
2018-02-17,2.46,7.69,88.15,4.89,5.85
2018-02-18,-2.27,0.16,69.61,5.62,5.99
2018-02-19,-6.78,0.04,49.83,4.52,11.68
2018-02-20,-5.51,0.05,59.57,2.64,8.09
2018-02-21,-5.95,0.06,63.74,2.13,8.74
2018-02-22,-5.41,0.02,70.15,3.15,11.3
2018-02-23,-4.36,0.38,70.19,3.23,7.76
2018-02-24,-0.96,1.37,79.59,2.96,8.7
2018-02-25,0.73,1.14,84.09,5.52,8.93
2018-02-26,-0.9,0.01,70.75,1.37,14.15
2018-02-27,-0.01,0.01,80.04,4.01,8.74
2018-02-28,1.5,1.82,84.72,3.15,10.72
2018-03-01,3.26,8.15,87.91,3.5,4.96
2018-03-02,2.22,0.71,77.49,3.53,5.71
2018-03-03,2.66,0.06,57.16,1.31,14.75
2018-03-04,2.34,0.14,65.91,1.57,9.53
2018-03-05,2.82,0.35,71.95,2.26,12.2
2018-03-06,2.66,0.0,68.12,1.41,13.03
2018-03-07,3.48,0.1,75.16,2.15,12.77
2018-03-08,6.11,1.94,79.59,3.93,4.93
2018-03-09,4.51,0.12,68.26,3.83,14.16
2018-03-10,4.04,0.0,64.92,2.78,16.7
2018-03-11,6.58,0.0,67.71,2.96,16.25
2018-03-12,8.72,0.0,62.54,3.8,16.49
2018-03-13,9.88,1.38,68.41,3.09,10.45
2018-03-14,6.77,6.36,78.25,3.0,10.81
2018-03-15,4.76,0.29,75.96,1.43,10.98
2018-03-16,5.24,0.45,71.19,2.13,15.08
2018-03-17,4.91,1.48,77.9,1.8,11.83
2018-03-18,6.4,1.06,69.48,2.28,13.84
2018-03-19,4.97,0.0,67.69,1.93,18.08
2018-03-20,6.08,0.0,59.56,1.8,19.12
2018-03-21,7.46,0.68,76.34,2.61,10.39
2018-03-22,7.48,3.49,76.21,4.6,5.99
2018-03-23,3.67,0.64,71.63,3.69,11.32
2018-03-24,3.72,3.45,66.91,3.7,12.11
2018-03-25,3.65,0.05,63.68,1.66,17.56
2018-03-26,3.84,0.04,75.62,3.59,9.51
2018-03-27,7.87,0.07,75.02,4.97,15.38
2018-03-28,6.98,0.0,64.55,3.02,18.89
2018-03-29,7.72,0.0,63.07,1.47,17.97
2018-03-30,8.93,0.0,64.22,3.41,18.82
2018-03-31,7.72,0.0,47.48,2.39,15.24
2018-04-01,5.84,0.31,60.96,3.55,14.47
2018-04-02,3.1,0.11,59.36,3.11,18.32
2018-04-03,4.07,0.04,64.05,1.58,11.57
2018-04-04,5.95,1.11,72.43,1.83,12.29
2018-04-05,7.11,6.71,90.22,1.5,6.42
2018-04-06,8.89,3.28,71.26,3.27,8.27
2018-04-07,9.08,11.12,75.66,4.29,8.32
2018-04-08,8.02,2.24,75.47,5.05,11.8
2018-04-09,8.5,0.02,72.61,2.48,19.2
2018-04-10,9.13,0.41,73.09,3.34,10.63
2018-04-11,9.04,4.66,69.33,2.44,16.99
2018-04-12,7.11,7.2,64.92,5.1,17.5
2018-04-13,6.6,1.04,81.01,4.43,11.52
2018-04-14,9.59,0.7,74.56,3.54,14.88
2018-04-15,9.8,8.29,79.55,2.51,12.02
2018-04-16,6.71,2.79,69.67,5.64,10.87
2018-04-17,7.52,0.43,63.08,4.23,21.72
2018-04-18,8.14,0.0,60.38,2.37,17.66
2018-04-19,10.31,0.0,58.78,2.78,25.02
2018-04-20,11.63,0.0,54.92,2.03,24.39
2018-04-21,10.41,0.02,53.28,3.84,22.62
2018-04-22,8.69,0.0,55.26,2.14,22.38
2018-04-23,11.12,0.0,51.74,2.51,26.83
2018-04-24,13.81,0.0,52.59,3.09,26.36
2018-04-25,16.93,0.0,47.25,1.39,26.29
2018-04-26,17.55,0.0,49.11,2.48,26.73
2018-04-27,17.29,0.04,53.55,3.41,26.22
2018-04-28,12.19,5.88,64.14,3.31,14.66
2018-04-29,11.24,0.02,59.51,2.66,20.82
2018-04-30,11.04,0.03,60.76,2.01,18.24
2018-05-01,12.64,0.03,58.27,1.33,20.61
2018-05-02,15.23,0.0,53.35,1.47,27.03
2018-05-03,17.01,0.0,55.57,1.32,24.59
2018-05-04,16.63,0.69,64.54,1.92,24.12
2018-05-05,16.45,0.01,63.37,1.21,14.83
2018-05-06,17.28,3.92,74.26,2.18,15.61
2018-05-07,17.14,1.13,74.82,1.08,20.5
2018-05-08,20.03,0.16,59.83,1.94,23.28
2018-05-09,17.04,3.02,63.07,3.16,20.18
2018-05-10,13.41,2.5,62.52,2.5,17.48
2018-05-11,14.26,2.5,64.74,2.01,19.75
2018-05-12,18.18,0.0,57.1,2.74,29.11
2018-05-13,20.37,0.0,51.24,2.43,28.81
2018-05-14,21.12,0.0,49.38,1.78,28.6
2018-05-15,22.66,0.0,44.6,1.47,28.77
2018-05-16,19.07,0.71,64.87,2.59,25.57
2018-05-17,18.57,6.11,69.75,1.52,17.75
2018-05-18,15.83,3.09,77.15,2.51,8.63
2018-05-19,17.88,0.2,59.42,1.71,20.51
2018-05-20,17.95,1.99,61.52,1.45,21.57
2018-05-21,19.51,0.15,58.59,1.26,28.39
2018-05-22,22.88,0.01,52.13,1.06,29.21
2018-05-23,23.36,2.75,55.47,1.78,27.75
2018-05-24,21.83,0.18,55.97,2.24,29.14
2018-05-25,20.86,0.11,52.69,2.01,22.46
2018-05-26,18.46,0.15,44.88,3.09,30.21
2018-05-27,18.72,0.0,49.33,1.26,30.03
2018-05-28,20.25,0.0,50.33,2.65,30.69
2018-05-29,16.04,0.0,46.81,2.86,23.86
2018-05-30,14.87,0.0,42.48,1.11,28.87
2018-05-31,15.03,0.06,47.84,2.24,18.93
2018-06-01,14.79,0.01,49.22,2.99,28.8
2018-06-02,18.22,0.0,48.78,1.39,28.37
2018-06-03,20.35,0.09,50.49,3.03,22.92
2018-06-04,16.53,0.0,45.15,3.09,28.98
2018-06-05,17.05,0.0,44.46,2.25,30.25
2018-06-06,19.37,0.0,41.43,0.92,24.31
2018-06-07,21.38,0.1,41.49,1.99,26.09
2018-06-08,19.23,0.26,51.46,3.37,27.7
2018-06-09,14.32,4.82,61.79,3.47,14.69
2018-06-10,13.06,0.18,49.06,4.58,27.63
2018-06-11,14.13,0.01,46.97,2.83,31.01
2018-06-12,15.92,0.0,44.09,1.45,25.35
2018-06-13,18.37,0.02,45.54,3.73,23.73
2018-06-14,16.24,0.0,52.46,2.02,29.73
2018-06-15,18.02,3.39,49.76,1.63,25.92
2018-06-16,17.43,1.8,63.01,3.17,18.64
2018-06-17,20.9,0.06,50.55,4.11,26.29
2018-06-18,19.19,1.38,67.21,2.35,17.68
2018-06-19,21.87,0.01,56.39,1.64,27.1
2018-06-20,23.75,0.02,49.96,1.84,26.79
2018-06-21,23.38,2.19,53.94,2.45,20.94
2018-06-22,20.77,0.0,51.73,3.59,25.74
2018-06-23,20.53,0.0,50.86,1.97,24.42
2018-06-24,23.29,0.0,51.58,2.23,30.8
2018-06-25,20.5,0.1,43.51,4.25,28.38
2018-06-26,17.87,0.0,46.86,1.57,32.04
2018-06-27,21.08,0.0,38.47,1.83,29.4
2018-06-28,19.19,0.05,47.15,3.68,20.45
2018-06-29,19.37,0.05,50.0,2.48,25.8
2018-06-30,20.62,0.01,49.54,3.53,17.98
2018-07-01,18.86,0.0,48.85,3.57,29.05
2018-07-02,17.13,0.01,46.07,3.53,24.59
2018-07-03,17.48,0.01,47.64,2.23,20.11
2018-07-04,20.08,0.0,47.55,4.14,24.72
2018-07-05,24.26,0.0,46.27,2.61,28.59
2018-07-06,24.27,0.43,48.05,3.46,25.84
2018-07-07,22.05,0.0,40.49,2.19,30.1
2018-07-08,23.84,0.0,34.36,1.21,30.66
2018-07-09,25.11,0.04,39.34,2.11,29.85
2018-07-10,21.62,0.0,46.46,3.69,25.35
2018-07-11,24.31,0.0,42.11,1.51,29.5
2018-07-12,26.81,0.0,36.93,1.08,30.12
2018-07-13,28.59,0.0,34.64,2.56,30.02
2018-07-14,25.65,0.0,35.3,2.59,29.71
2018-07-15,27.35,0.0,30.15,2.04,30.37
2018-07-16,27.99,0.0,33.35,1.19,28.4
2018-07-17,28.54,0.0,34.52,2.46,29.5
2018-07-18,25.27,0.0,39.81,3.24,29.89
2018-07-19,23.3,0.0,44.1,3.08,30.38
2018-07-20,20.85,0.0,40.98,2.52,30.29
2018-07-21,20.92,0.0,40.23,2.37,30.11
2018-07-22,24.12,0.0,38.04,1.64,29.4
2018-07-23,26.25,0.0,31.72,1.33,29.2
2018-07-24,27.15,0.0,33.56,1.77,29.17
2018-07-25,28.07,0.0,35.81,1.91,28.65
2018-07-26,27.6,0.0,36.48,2.17,26.94
2018-07-27,27.46,0.03,36.04,2.32,23.11
2018-07-28,27.35,0.49,37.95,1.97,23.68
2018-07-29,27.9,0.0,36.02,1.52,26.35
2018-07-30,29.41,0.0,31.41,1.6,25.76
2018-07-31,27.53,0.0,37.69,1.78,22.28
2018-08-01,25.5,0.0,37.55,2.92,27.96
2018-08-02,23.28,0.0,40.23,3.39,28.52
2018-08-03,20.72,0.0,47.81,3.18,26.46
2018-08-04,22.0,0.0,46.16,1.32,23.9
2018-08-05,24.8,0.0,34.72,0.96,23.6
2018-08-06,27.19,0.0,28.58,1.09,24.73
2018-08-07,27.38,0.0,34.28,1.37,24.9
2018-08-08,28.31,0.0,33.42,1.77,22.74
2018-08-09,29.69,0.0,33.37,1.66,22.18
2018-08-10,29.29,0.0,36.89,2.53,19.05
2018-08-11,24.23,0.0,41.41,4.01,25.98
2018-08-12,20.85,0.0,47.7,1.49,23.48
2018-08-13,21.63,0.0,42.72,2.44,19.85
2018-08-14,23.9,0.0,36.8,1.45,20.86
2018-08-15,25.79,0.0,34.57,1.24,18.38
2018-08-16,26.96,0.82,47.27,2.3,16.92
2018-08-17,24.03,0.01,43.47,2.2,16.07
2018-08-18,23.19,0.0,41.96,1.18,20.2
2018-08-19,22.44,0.0,43.65,2.5,14.92
2018-08-20,21.27,0.0,43.41,4.31,16.46
2018-08-21,21.51,0.0,40.84,2.89,22.28
2018-08-22,22.93,0.0,38.4,1.62,21.12
2018-08-23,20.61,0.0,46.07,2.87,16.13
2018-08-24,18.04,0.0,50.72,2.86,22.33
2018-08-25,16.11,0.01,56.75,1.84,13.74
2018-08-26,14.81,1.7,66.43,1.96,11.55
2018-08-27,17.08,0.59,57.4,2.8,16.82
2018-08-28,18.87,0.0,47.37,1.56,22.78
2018-08-29,21.07,0.0,39.67,2.69,20.06
2018-08-30,19.59,0.0,50.06,2.2,21.39
2018-08-31,18.13,0.0,54.4,2.46,22.52
2018-09-01,18.13,0.0,48.44,1.78,22.63
2018-09-02,19.04,0.0,41.93,1.61,22.38
2018-09-03,19.26,0.0,45.5,2.22,21.88
2018-09-04,18.72,0.0,37.2,3.02,21.78
2018-09-05,19.85,0.0,36.72,2.55,20.78
2018-09-06,22.56,0.0,35.25,1.6,19.61
2018-09-07,21.86,0.12,40.81,2.12,20.56
2018-09-08,18.4,0.0,52.01,2.44,18.3
2018-09-09,18.49,0.0,47.8,1.75,19.23
2018-09-10,17.88,0.03,52.7,2.67,15.91
2018-09-11,15.97,0.06,53.64,2.53,15.03
2018-09-12,15.04,0.18,56.31,1.83,18.05
2018-09-13,14.54,0.03,54.42,2.39,18.61
2018-09-14,15.6,0.01,50.9,1.43,17.93
2018-09-15,15.85,0.02,51.39,1.73,15.12
2018-09-16,14.31,0.13,55.32,4.01,13.03
2018-09-17,13.93,0.0,56.53,0.68,18.28
2018-09-18,15.81,0.0,41.18,1.31,19.55
2018-09-19,15.24,0.0,45.48,1.64,18.29
2018-09-20,13.81,0.0,56.57,2.46,17.39
2018-09-21,16.74,0.0,48.59,1.83,13.11
2018-09-22,15.83,0.0,57.47,4.12,13.42
2018-09-23,13.12,0.01,57.5,2.16,16.38
2018-09-24,14.89,0.0,48.1,1.93,17.45
2018-09-25,15.94,0.0,41.7,1.45,16.89
2018-09-26,17.05,0.0,34.45,1.38,16.17
2018-09-27,18.17,0.0,39.58,2.05,16.47
2018-09-28,16.25,0.0,44.25,4.03,16.63
2018-09-29,14.39,0.0,40.4,5.81,11.99
2018-09-30,11.55,0.01,44.52,2.56,9.66
2018-10-01,15.3,0.03,49.93,1.99,11.89
2018-10-02,15.04,0.41,56.58,4.69,12.11
2018-10-03,8.94,0.0,46.72,1.85,13.36
2018-10-04,9.87,0.0,49.71,1.6,14.05
2018-10-05,8.34,2.16,67.82,1.9,7.97
2018-10-06,9.74,1.33,67.74,2.22,12.86
2018-10-07,8.51,0.0,76.08,1.19,7.56
2018-10-08,10.44,2.97,69.68,1.65,5.34
2018-10-09,9.6,3.65,65.35,3.97,8.09
2018-10-10,8.75,0.0,50.73,2.8,13.25
2018-10-11,8.59,0.0,57.64,1.49,14.03
2018-10-12,11.11,0.0,51.86,2.6,14.07
2018-10-13,9.23,0.0,50.02,3.42,13.94
2018-10-14,8.64,0.0,42.78,1.23,14.21
2018-10-15,10.67,0.0,35.42,1.05,13.66
2018-10-16,9.59,0.0,45.6,2.29,13.31
2018-10-17,10.58,0.0,49.42,1.89,13.04
2018-10-18,10.42,0.0,55.74,1.09,11.25
2018-10-19,11.27,0.0,52.87,1.23,11.91
2018-10-20,10.92,0.0,52.29,1.23,12.34
2018-10-21,10.58,0.0,56.36,1.5,12.05
2018-10-22,10.78,0.0,56.84,1.65,11.58
2018-10-23,9.99,0.02,64.52,1.72,8.81
2018-10-24,9.2,0.0,72.22,1.85,9.4
2018-10-25,8.98,1.53,72.29,1.58,3.55
2018-10-26,12.32,1.84,75.01,3.37,6.94
2018-10-27,10.27,2.11,69.55,2.09,10.76
2018-10-28,9.54,3.32,75.84,2.47,6.56
2018-10-29,8.07,0.13,70.87,2.35,10.29
2018-10-30,6.77,0.32,75.5,1.6,9.3
2018-10-31,8.3,2.47,89.6,3.47,5.65
2018-11-01,11.22,2.52,89.67,2.93,3.46
2018-11-02,11.65,0.56,74.37,5.81,9.11
2018-11-03,9.05,2.7,81.02,2.79,2.55
2018-11-04,9.85,4.75,71.92,4.89,9.8
2018-11-05,7.27,0.29,79.05,3.19,6.89
2018-11-06,6.16,0.21,76.49,1.47,6.76
2018-11-07,3.06,0.01,68.01,2.78,9.44
2018-11-08,0.3,0.0,54.43,1.33,9.7
2018-11-09,0.3,1.08,65.27,1.44,3.16
2018-11-10,-0.69,0.04,89.27,1.42,7.39
2018-11-11,-0.79,0.0,85.35,2.14,5.5
2018-11-12,0.04,0.0,68.76,3.09,7.06
2018-11-13,1.06,0.0,63.05,1.95,6.2
2018-11-14,2.74,0.01,76.01,2.3,3.05
2018-11-15,3.06,0.29,94.54,1.02,5.28
2018-11-16,3.67,0.04,76.06,2.75,7.3
2018-11-17,1.3,0.0,57.3,3.31,8.35
2018-11-18,0.8,0.0,64.1,2.01,7.87
2018-11-19,1.32,0.0,68.72,2.3,7.46
2018-11-20,0.49,0.0,74.15,1.88,7.2
2018-11-21,1.74,1.85,70.71,2.16,2.15
2018-11-22,3.73,4.4,87.45,2.91,4.15
2018-11-23,3.55,8.36,92.16,3.23,3.25
2018-11-24,2.14,0.08,84.56,1.62,7.01
2018-11-25,0.92,0.01,80.92,1.86,6.21
2018-11-26,3.47,5.49,74.9,2.82,2.26
2018-11-27,6.9,4.87,92.39,3.43,3.03
2018-11-28,5.46,4.75,92.05,1.96,3.45
2018-11-29,3.64,0.06,87.4,1.41,3.38
2018-11-30,1.46,3.11,94.03,1.52,2.71
2018-12-01,1.45,2.48,87.42,1.44,2.84
2018-12-02,-0.05,0.02,79.42,1.17,4.92
2018-12-03,-1.1,0.0,81.98,1.27,4.08
2018-12-04,-2.03,0.0,80.24,1.87,3.93
2018-12-05,-2.32,0.0,72.27,2.81,4.84
2018-12-06,-4.26,0.0,71.63,2.99,4.84
2018-12-07,-4.83,0.0,80.93,2.4,4.2
2018-12-08,-2.55,0.02,80.88,2.12,2.72
2018-12-09,-0.94,0.58,84.01,2.69,2.64
2018-12-10,-0.85,3.63,96.4,1.35,1.77
2018-12-11,1.04,8.6,95.25,4.87,0.95
2018-12-12,1.48,0.15,90.86,4.08,4.0
2018-12-13,1.84,1.65,78.24,3.17,4.07
2018-12-14,2.69,0.13,71.77,3.96,2.16
2018-12-15,2.5,0.04,83.58,3.0,4.5
2018-12-16,4.27,9.24,90.08,2.88,1.11
2018-12-17,4.29,1.03,88.43,2.53,3.36
2018-12-18,6.22,10.5,90.16,5.69,4.18
2018-12-19,4.0,0.01,93.31,2.82,3.71
2018-12-20,5.93,1.15,78.0,4.97,1.89
2018-12-21,0.72,0.0,73.1,2.94,4.33
2018-12-22,-0.38,0.22,80.54,2.05,3.8
2018-12-23,2.04,1.56,91.12,2.35,2.08
2018-12-24,1.35,1.02,91.99,2.09,2.47
2018-12-25,-0.81,0.04,79.51,1.84,5.27
2018-12-26,-0.49,2.73,86.73,1.13,1.3
2018-12-27,-2.08,0.03,85.6,1.3,3.61
2018-12-28,-1.08,4.04,89.74,2.29,0.9
2018-12-29,3.11,1.88,93.05,6.38,2.99
2018-12-30,1.0,0.68,86.21,2.93,5.02
2018-12-31,-1.41,0.0,59.65,2.51,5.55
2019-01-01,-1.64,0.07,72.0,1.74,3.62
2019-01-02,-1.35,0.01,76.38,1.84,3.56
2019-01-03,1.93,1.91,82.62,4.28,1.58
2019-01-04,2.42,0.57,84.38,3.01,4.72
2019-01-05,1.76,0.1,78.46,2.61,4.13
2019-01-06,2.88,0.17,76.17,4.77,4.56
2019-01-07,0.55,0.06,80.64,3.66,6.4
2019-01-08,0.16,4.12,81.54,4.29,2.09
2019-01-09,4.05,4.71,89.56,2.47,1.78
2019-01-10,2.27,0.11,97.31,1.63,2.9
2019-01-11,1.47,0.02,89.42,3.38,4.9
2019-01-12,-0.03,0.0,86.76,2.63,5.48
2019-01-13,-1.28,0.0,84.01,3.02,3.47
2019-01-14,-2.32,0.0,76.77,3.16,3.23
2019-01-15,-1.69,0.0,79.8,2.89,3.93
2019-01-16,-0.06,0.07,84.39,2.87,4.0
2019-01-17,1.62,7.84,94.11,2.9,1.93
2019-01-18,1.85,3.52,89.95,2.98,3.41
2019-01-19,2.32,1.22,98.4,1.74,3.25
2019-01-20,0.87,6.62,95.6,3.45,1.93
2019-01-21,-0.83,0.0,78.5,1.97,7.9
2019-01-22,-0.03,8.36,93.97,3.75,1.33
2019-01-23,1.31,0.75,88.02,3.28,6.02
2019-01-24,1.13,0.01,80.75,1.01,6.53
2019-01-25,0.4,0.01,90.73,1.23,5.9
2019-01-26,0.92,0.0,92.34,1.18,5.01
2019-01-27,-0.53,0.09,93.4,1.74,5.11
2019-01-28,-0.8,0.0,79.92,3.45,7.23
2019-01-29,-1.57,0.0,76.52,3.47,8.81
2019-01-30,-1.49,0.0,81.93,1.69,4.15
2019-01-31,-1.15,0.0,87.88,1.05,2.33
2019-02-01,0.62,5.63,92.75,1.22,2.59
2019-02-02,1.91,0.48,95.65,1.71,5.72
2019-02-03,2.3,1.53,79.67,1.33,5.63
2019-02-04,-3.09,1.43,59.09,6.56,5.19
2019-02-05,-5.64,0.68,69.9,2.31,7.43
2019-02-06,-8.14,0.0,59.39,2.63,10.64
2019-02-07,-6.15,0.0,64.9,1.05,9.84
2019-02-08,-3.74,3.08,70.74,1.22,5.25
2019-02-09,-6.64,1.11,65.4,9.65,7.65
2019-02-10,-9.61,3.25,69.13,4.1,8.58
2019-02-11,-5.39,4.09,86.51,2.65,5.19
2019-02-12,0.44,4.52,94.69,4.25,3.38
2019-02-13,-0.65,1.63,91.99,1.52,10.18
2019-02-14,-1.56,2.76,90.85,4.23,4.44
2019-02-15,0.05,2.13,89.45,1.01,2.76
2019-02-16,-0.78,0.15,86.73,1.33,4.35
2019-02-17,-2.85,0.09,72.68,4.11,7.63
2019-02-18,-5.34,0.0,58.98,2.33,11.44
2019-02-19,-3.23,0.73,90.45,1.37,6.09
2019-02-20,-1.82,1.63,84.16,2.78,12.71
2019-02-21,-2.27,0.0,70.51,3.06,13.83
2019-02-22,-2.35,0.31,79.65,3.6,6.57
2019-02-23,-1.93,0.23,84.14,1.31,12.0
2019-02-24,-3.92,1.12,72.53,5.3,11.57
2019-02-25,-6.85,0.74,63.42,6.53,8.31
2019-02-26,-7.29,0.04,59.42,5.86,13.04
2019-02-27,-3.05,6.08,80.96,4.06,5.45
2019-02-28,-3.08,0.7,82.99,1.51,9.81
2019-03-01,-3.09,0.02,80.28,1.67,11.28
2019-03-02,-4.69,0.0,66.36,5.86,8.86
2019-03-03,-7.87,0.0,56.9,5.84,16.4
2019-03-04,-5.88,0.0,63.91,4.69,16.1
2019-03-05,-2.02,0.07,72.93,3.72,7.35
2019-03-06,1.95,4.49,89.55,3.11,4.83
2019-03-07,-0.13,0.41,85.0,3.41,15.41
2019-03-08,-0.83,0.26,79.17,0.97,11.71
2019-03-09,-0.66,0.0,70.78,1.79,13.07
2019-03-10,0.5,0.0,59.55,1.24,16.6
2019-03-11,0.88,0.03,67.26,2.06,8.29
2019-03-12,0.96,5.93,88.56,2.65,5.59
2019-03-13,2.31,0.0,62.66,1.73,18.45
2019-03-14,2.68,0.0,62.86,1.51,12.65
2019-03-15,4.5,0.0,60.18,1.4,12.79
2019-03-16,4.77,0.0,67.79,1.95,12.49
2019-03-17,7.12,0.0,65.3,2.35,15.94
2019-03-18,7.88,0.0,62.59,3.99,17.15
2019-03-19,9.06,0.0,57.85,2.81,16.83
2019-03-20,11.18,0.0,51.37,2.31,16.92
2019-03-21,9.78,0.0,60.16,1.98,15.39
2019-03-22,9.76,0.02,71.69,2.56,15.96
2019-03-23,10.25,0.25,67.92,2.0,15.37
2019-03-24,6.83,3.17,85.27,1.64,6.39
2019-03-25,8.39,0.1,66.76,2.9,10.24
2019-03-26,8.51,0.39,58.62,2.26,19.84
2019-03-27,7.02,0.94,67.31,3.55,11.6
2019-03-28,7.14,0.43,78.31,1.02,10.18
2019-03-29,7.92,0.72,70.58,1.2,13.44
2019-03-30,9.9,0.0,59.24,1.15,18.86
2019-03-31,10.24,0.03,54.53,1.14,19.1
2019-04-01,10.26,0.0,55.75,3.01,19.33
2019-04-02,11.53,0.01,54.34,3.02,18.68
2019-04-03,11.25,0.57,66.52,3.55,13.66
2019-04-04,9.52,0.1,62.98,1.41,14.97
2019-04-05,10.12,2.65,73.23,3.09,12.25
2019-04-06,7.1,0.79,73.94,3.69,11.37
2019-04-07,8.77,6.12,81.87,3.23,12.51
2019-04-08,8.4,4.69,88.86,2.16,7.45
2019-04-09,8.27,5.51,77.51,3.77,13.16
2019-04-10,6.87,0.7,73.18,3.59,13.46
2019-04-11,7.49,0.91,75.64,1.58,16.3
2019-04-12,8.23,2.78,74.69,1.14,13.99
2019-04-13,6.4,3.27,81.27,3.56,9.62
2019-04-14,5.89,0.02,61.83,3.5,14.95
2019-04-15,6.61,0.09,65.2,1.81,20.27
2019-04-16,9.77,0.12,59.07,2.52,18.82
2019-04-17,12.31,0.09,62.05,2.91,23.46
2019-04-18,14.37,0.0,63.36,1.9,18.05
2019-04-19,15.75,1.51,68.84,2.15,10.37
2019-04-20,12.7,0.8,59.23,2.4,21.05
2019-04-21,12.02,0.0,44.51,2.0,26.11
2019-04-22,12.93,0.02,62.0,2.72,19.45
2019-04-23,14.12,0.03,64.52,3.36,21.49
2019-04-24,12.04,0.0,52.09,1.98,26.88
2019-04-25,13.58,0.0,41.9,1.54,20.85
2019-04-26,14.31,0.07,41.19,2.66,24.46
2019-04-27,8.91,0.02,48.26,4.42,22.07
2019-04-28,8.68,0.0,44.14,3.74,17.94
2019-04-29,8.4,0.0,39.29,3.92,26.21
2019-04-30,9.35,0.0,42.1,2.32,25.97
2019-05-01,11.74,0.0,41.34,3.04,21.73
2019-05-02,11.16,0.0,54.72,2.56,24.23
2019-05-03,12.46,0.0,55.51,1.48,26.21
2019-05-04,15.4,0.0,53.72,1.96,25.66
2019-05-05,17.72,0.01,52.29,1.6,25.05
2019-05-06,18.69,0.0,43.91,2.16,27.35
2019-05-07,18.84,0.01,43.97,3.22,27.57
2019-05-08,18.69,0.0,41.89,3.45,22.9
2019-05-09,17.38,0.0,42.59,3.5,28.58
2019-05-10,19.0,0.0,40.85,1.47,28.66
2019-05-11,20.86,0.0,43.36,1.59,28.41
2019-05-12,19.34,0.0,48.97,2.58,23.93
2019-05-13,16.42,0.0,45.08,1.98,21.56
2019-05-14,13.23,1.42,69.29,2.86,12.6
2019-05-15,15.02,0.39,63.51,2.15,18.49
2019-05-16,16.05,5.96,69.92,1.96,10.99
2019-05-17,14.72,4.27,59.24,4.44,11.12
2019-05-18,14.52,0.05,56.55,3.13,25.32
2019-05-19,15.07,0.32,52.64,4.81,25.84
2019-05-20,15.18,0.01,47.65,2.91,23.25
2019-05-21,13.07,0.92,65.79,2.12,20.4
2019-05-22,16.58,0.0,49.35,3.9,17.07
2019-05-23,19.0,0.0,46.36,2.95,27.46
2019-05-24,15.98,1.63,62.17,2.09,11.69
2019-05-25,15.08,0.55,55.75,2.71,17.87
2019-05-26,17.16,4.1,61.95,4.05,16.25
2019-05-27,19.37,0.1,49.92,2.35,26.51
2019-05-28,20.99,0.36,48.51,1.35,28.43
2019-05-29,20.61,0.04,54.41,2.6,29.05
2019-05-30,20.46,0.73,58.42,2.1,27.44
2019-05-31,23.13,0.02,50.36,1.15,28.44
2019-06-01,24.26,0.09,46.98,1.5,28.94
2019-06-02,23.16,0.24,46.71,2.23,30.57
2019-06-03,20.44,0.0,39.77,3.35,29.97
2019-06-04,18.79,0.0,40.61,2.2,30.54
2019-06-05,17.43,0.31,52.68,2.19,17.49
2019-06-06,13.6,0.67,51.32,2.92,17.82
2019-06-07,13.19,0.32,49.42,3.71,23.96
2019-06-08,14.37,0.18,50.93,2.6,23.75
2019-06-09,17.73,0.0,43.39,1.63,28.7
2019-06-10,22.09,0.0,37.6,1.79,27.0
2019-06-11,24.14,0.0,41.6,2.53,30.61
2019-06-12,24.69,0.0,43.71,1.13,27.4
2019-06-13,26.99,0.01,36.93,2.96,29.51
2019-06-14,21.94,0.0,43.24,2.53,31.36
2019-06-15,22.12,0.0,46.32,1.89,29.94
2019-06-16,24.22,0.0,45.36,1.64,28.56
2019-06-17,24.56,0.45,50.11,2.26,28.66
2019-06-18,22.62,0.0,44.46,3.61,31.17
2019-06-19,18.02,0.01,42.19,4.38,27.97
2019-06-20,16.04,0.72,45.11,3.84,22.08
2019-06-21,16.86,0.2,50.93,1.8,18.07
2019-06-22,18.68,0.0,51.35,2.9,24.11
2019-06-23,18.24,0.0,48.57,3.76,23.54
2019-06-24,17.43,0.0,46.59,2.09,28.99
2019-06-25,18.88,0.0,44.53,1.71,27.11
2019-06-26,18.89,6.31,51.96,1.49,23.51
2019-06-27,16.42,1.2,58.63,3.37,18.68
2019-06-28,17.82,0.05,49.3,2.58,24.45
2019-06-29,20.54,0.01,39.67,1.52,29.09
2019-06-30,23.16,0.0,38.12,1.22,27.92
2019-07-01,24.37,0.02,39.04,2.06,28.93
2019-07-02,21.58,0.16,47.85,3.27,24.69
2019-07-03,19.62,0.4,53.82,1.94,24.98
2019-07-04,21.43,0.0,50.22,2.09,25.07
2019-07-05,22.93,0.0,46.53,2.48,24.21
2019-07-06,21.98,0.01,43.05,3.21,23.83
2019-07-07,19.89,0.0,48.29,2.42,25.05
2019-07-08,21.15,0.06,45.03,1.66,20.59
2019-07-09,22.84,0.01,44.47,1.73,23.54
2019-07-10,23.13,0.22,51.88,2.28,17.57
2019-07-11,23.63,0.01,48.62,2.31,23.29
2019-07-12,24.03,0.0,44.16,1.92,25.86
2019-07-13,25.15,0.01,41.27,2.44,24.83
2019-07-14,23.02,0.0,43.3,2.58,27.39
2019-07-15,20.32,0.3,51.39,2.01,14.92
2019-07-16,21.89,0.2,49.91,2.06,22.25
2019-07-17,21.79,0.02,50.43,3.56,13.37
2019-07-18,20.61,0.0,42.68,3.7,30.17
2019-07-19,19.2,0.0,41.23,2.04,28.51
2019-07-20,21.8,0.0,31.25,1.18,27.59
2019-07-21,23.53,0.0,36.79,2.79,29.46
2019-07-22,26.65,0.0,36.66,2.61,21.86
2019-07-23,26.36,0.97,41.07,3.18,28.19
2019-07-24,20.55,0.74,41.57,2.92,29.43
2019-07-25,23.99,0.01,30.87,1.22,29.18
2019-07-26,26.31,0.0,29.33,1.8,28.68
2019-07-27,23.44,0.0,42.73,3.83,27.83
2019-07-28,22.41,0.0,37.35,1.11,28.73
2019-07-29,25.03,0.0,27.26,1.33,28.22
2019-07-30,23.14,0.0,42.11,2.38,28.11
2019-07-31,24.16,0.0,42.47,2.19,28.21
2019-08-01,25.07,0.0,41.49,2.11,28.36
2019-08-02,25.29,0.0,42.66,3.35,24.46
2019-08-03,23.34,0.0,40.32,1.57,27.53
2019-08-04,24.91,0.0,32.86,2.63,26.82
2019-08-05,27.98,0.0,29.04,1.97,26.4
2019-08-06,29.01,0.0,29.49,1.68,26.14
2019-08-07,28.02,0.0,34.18,1.47,26.16
2019-08-08,26.5,0.0,45.62,2.53,20.2
2019-08-09,23.09,2.21,59.19,2.46,12.37
2019-08-10,20.77,2.36,65.22,2.5,19.34
2019-08-11,19.47,4.26,63.89,2.29,15.33
2019-08-12,20.61,0.07,54.25,1.6,23.9
2019-08-13,23.78,0.0,40.74,1.1,25.44
2019-08-14,25.14,0.0,37.23,2.02,24.69
2019-08-15,24.0,0.0,45.04,1.84,24.55
2019-08-16,22.08,0.0,48.55,2.78,23.47
2019-08-17,22.32,0.0,45.09,1.97,20.72
2019-08-18,22.01,0.0,46.35,2.13,25.0
2019-08-19,23.43,0.0,45.21,1.79,23.93
2019-08-20,26.14,0.0,38.46,1.12,23.76
2019-08-21,24.13,0.5,46.7,3.44,18.03
2019-08-22,21.27,0.01,51.12,1.68,22.29
2019-08-23,21.9,0.0,44.06,1.55,19.8
2019-08-24,22.53,0.0,41.84,2.7,20.2
2019-08-25,20.46,0.0,47.93,2.84,22.45
2019-08-26,21.22,0.0,39.64,1.17,24.1
2019-08-27,22.51,0.0,34.35,2.49,23.93
2019-08-28,25.52,0.0,30.09,1.61,22.98
2019-08-29,22.34,0.32,43.5,1.89,9.68
2019-08-30,23.59,0.05,53.34,1.82,17.55
2019-08-31,23.59,0.0,46.54,2.59,21.04
2019-09-01,23.46,0.0,51.45,2.57,22.11
2019-09-02,22.77,0.0,43.85,1.59,22.51
2019-09-03,23.37,0.0,39.25,2.16,19.38
2019-09-04,22.31,0.0,45.55,1.32,22.2
2019-09-05,22.78,0.01,36.65,2.27,18.81
2019-09-06,20.88,7.31,63.07,1.77,11.34
2019-09-07,21.63,0.01,56.74,2.52,15.46
2019-09-08,17.75,7.69,69.26,2.25,9.89
2019-09-09,16.71,1.01,66.19,3.2,13.81
2019-09-10,16.83,1.39,62.21,1.62,15.33
2019-09-11,17.92,0.12,60.42,1.19,18.31
2019-09-12,18.56,0.0,51.27,1.93,18.91
2019-09-13,18.69,0.01,50.49,2.6,16.74
2019-09-14,18.1,0.23,59.28,1.48,10.19
2019-09-15,17.42,0.07,56.38,3.61,10.79
2019-09-16,13.03,4.06,74.84,2.38,7.64
2019-09-17,13.96,1.04,66.54,3.75,10.59
2019-09-18,15.02,1.54,63.44,2.21,11.18
2019-09-19,15.28,0.02,58.56,1.57,15.43
2019-09-20,15.65,0.23,64.07,1.42,13.9
2019-09-21,15.37,0.0,60.82,1.88,17.68
2019-09-22,15.23,0.33,70.18,2.93,13.05
2019-09-23,14.34,0.4,66.85,2.37,8.39
2019-09-24,16.16,0.12,55.74,3.82,16.51
2019-09-25,14.51,0.04,53.8,2.02,17.31
2019-09-26,16.36,1.17,57.4,3.52,14.59
2019-09-27,11.89,0.19,62.36,2.09,12.93
2019-09-28,6.34,2.26,70.06,4.1,4.87
2019-09-29,4.35,0.93,66.5,4.65,5.74
2019-09-30,6.03,0.01,60.37,2.52,9.5
2019-10-01,6.79,0.0,51.96,1.76,13.51
2019-10-02,8.3,0.0,47.73,1.62,14.17
2019-10-03,10.16,0.08,57.25,1.39,10.3
2019-10-04,9.13,0.17,69.92,1.88,12.49
2019-10-05,11.06,0.02,59.58,2.13,14.23
2019-10-06,10.5,0.0,62.43,1.43,14.16
2019-10-07,13.96,0.12,51.52,4.35,10.47
2019-10-08,10.26,1.05,55.59,5.21,10.51
2019-10-09,3.96,0.06,42.26,3.66,13.81
2019-10-10,3.41,0.0,47.18,1.49,15.15
2019-10-11,5.91,0.0,43.71,3.12,14.78
2019-10-12,6.42,0.0,48.21,1.73,10.94
2019-10-13,6.86,0.05,60.16,1.56,9.02
2019-10-14,8.56,0.0,63.88,1.22,12.9
2019-10-15,8.46,0.0,62.92,1.89,7.16
2019-10-16,11.83,2.07,63.66,2.37,6.23
2019-10-17,10.44,2.96,75.09,4.84,9.28
2019-10-18,8.46,0.76,72.17,4.87,7.05
2019-10-19,5.94,11.39,85.99,2.76,3.85
2019-10-20,6.12,0.59,83.52,3.53,4.46
2019-10-21,9.26,4.96,78.98,3.38,4.97
2019-10-22,12.25,1.88,69.47,4.41,11.64
2019-10-23,8.12,0.0,58.1,2.21,11.55
2019-10-24,8.58,0.0,54.89,1.48,10.24
2019-10-25,10.04,0.0,61.36,3.75,9.86
2019-10-26,5.61,0.01,57.86,3.73,7.73
2019-10-27,3.21,0.0,52.5,1.57,11.64
2019-10-28,2.43,0.01,46.9,4.51,9.42
2019-10-29,-3.42,0.0,39.83,2.75,11.88
2019-10-30,-0.96,0.0,41.08,1.83,10.86
2019-10-31,1.03,0.0,42.17,1.07,9.8
2019-11-01,2.05,0.0,47.49,2.05,10.32
2019-11-02,4.31,0.0,47.42,1.37,9.36
2019-11-03,4.88,0.0,51.72,1.06,8.26
2019-11-04,6.09,0.0,70.34,1.19,8.16
2019-11-05,5.94,0.01,78.91,1.2,9.36
2019-11-06,5.42,0.0,66.36,3.72,9.65
2019-11-07,4.76,0.0,62.41,2.5,7.19
2019-11-08,4.42,0.0,68.35,1.2,5.5
2019-11-09,5.39,0.86,73.36,0.78,2.74
2019-11-10,5.22,0.01,78.38,2.26,6.88
2019-11-11,3.67,0.01,58.5,3.42,6.61
2019-11-12,2.85,1.34,79.2,1.34,4.7
2019-11-13,5.26,0.2,87.6,2.39,3.47
2019-11-14,5.39,0.05,81.96,2.27,3.37
2019-11-15,3.56,2.41,95.03,2.03,3.28
2019-11-16,3.84,0.58,95.36,1.37,3.66
2019-11-17,7.62,1.81,84.65,2.21,5.6
2019-11-18,7.36,1.68,96.27,1.37,2.48
2019-11-19,5.89,0.21,82.12,2.82,4.78
2019-11-20,3.66,0.0,64.35,4.68,7.83
2019-11-21,1.34,0.0,67.92,2.51,7.91
2019-11-22,-1.05,0.0,77.67,0.99,6.44
2019-11-23,0.01,0.0,87.08,1.42,2.57
2019-11-24,2.82,0.02,80.04,2.7,7.12
2019-11-25,0.02,1.3,92.02,0.81,3.84
2019-11-26,-0.94,0.5,83.57,3.05,3.73
2019-11-27,0.38,0.3,56.4,7.47,2.73
2019-11-28,-2.11,0.0,51.66,4.94,4.6
2019-11-29,-2.91,0.0,54.86,2.93,6.49
2019-11-30,-2.23,0.01,63.03,2.25,5.87
2019-12-01,-2.32,0.44,78.6,2.46,1.88
2019-12-02,-2.03,0.04,94.33,0.93,1.65
2019-12-03,0.22,0.11,97.24,1.5,1.55
2019-12-04,1.93,0.33,92.97,1.31,2.58
2019-12-05,1.76,0.12,96.63,1.03,2.88
2019-12-06,2.37,0.2,86.47,1.56,1.98
2019-12-07,3.02,6.15,95.96,1.05,2.28
2019-12-08,1.46,0.17,79.05,1.45,5.95
2019-12-09,-0.02,0.16,96.87,0.79,3.99
2019-12-10,0.1,2.32,94.46,0.91,2.51
2019-12-11,0.25,2.45,97.01,1.07,1.54
2019-12-12,2.58,4.6,98.08,3.05,1.98
2019-12-13,2.76,0.04,89.66,2.14,3.29
2019-12-14,-0.29,0.08,94.83,0.78,1.98
2019-12-15,-1.59,0.08,91.78,1.1,2.34
2019-12-16,-1.55,0.05,87.08,1.55,2.22
2019-12-17,-0.29,0.0,62.79,1.87,2.26
2019-12-18,-0.02,0.02,62.12,1.82,2.99
2019-12-19,1.85,8.93,92.42,2.97,1.28
2019-12-20,7.94,1.94,77.86,6.18,2.26
2019-12-21,7.64,1.49,78.75,3.07,2.45
2019-12-22,5.41,0.49,90.1,2.16,2.15
2019-12-23,2.91,0.16,88.0,0.88,2.53
2019-12-24,0.45,0.25,91.21,1.41,1.91
2019-12-25,-0.49,0.03,84.34,0.85,3.23
2019-12-26,-0.83,0.02,79.61,1.0,2.67
2019-12-27,-1.28,0.31,84.19,0.97,2.44
2019-12-28,-0.94,0.07,84.5,1.33,2.2
2019-12-29,-0.55,0.02,85.16,1.71,2.38
2019-12-30,-1.54,0.95,92.02,1.34,1.37
2019-12-31,1.9,4.15,91.68,5.0,2.05
2020-01-01,3.69,0.08,93.23,5.04,4.77
2020-01-02,2.2,1.46,86.94,3.22,4.82
2020-01-03,4.81,0.0,76.41,3.46,4.1
2020-01-04,4.46,0.14,64.87,5.51,6.2
2020-01-05,2.06,0.85,75.21,4.06,2.6
2020-01-06,4.15,2.87,86.44,6.45,2.98
2020-01-07,6.12,1.56,79.12,4.77,2.22
2020-01-08,3.25,0.13,74.11,4.04,3.95
2020-01-09,-1.14,0.45,68.41,1.64,5.17
2020-01-10,-0.27,7.64,92.37,4.28,0.96
2020-01-11,1.92,1.53,87.38,4.07,3.56
2020-01-12,1.25,2.65,86.56,5.3,2.22
2020-01-13,-3.69,1.82,69.52,2.85,3.87
2020-01-14,-5.59,0.6,79.5,1.89,5.03
2020-01-15,-1.93,1.13,74.6,4.63,3.98
2020-01-16,0.5,0.93,86.41,2.11,2.78
2020-01-17,-2.86,0.08,89.0,1.91,3.81
2020-01-18,0.14,1.7,88.18,1.8,1.86
2020-01-19,1.29,0.17,87.23,2.1,3.44
2020-01-20,1.59,0.02,87.53,2.1,4.15
2020-01-21,1.39,1.97,88.61,3.03,3.01
2020-01-22,1.57,4.99,94.85,2.56,3.01
2020-01-23,4.64,8.98,97.28,2.38,2.45
2020-01-24,5.51,6.29,89.86,3.29,4.91
2020-01-25,3.53,1.44,92.72,1.52,3.26
2020-01-26,3.7,2.09,89.35,2.55,3.82
2020-01-27,4.25,4.03,82.32,3.13,6.45
2020-01-28,4.91,3.14,92.49,2.7,3.31
2020-01-29,3.15,2.64,95.69,2.76,2.19
2020-01-30,2.92,1.26,91.82,1.83,4.76
2020-01-31,9.6,0.56,82.5,5.33,4.79
2020-02-01,8.24,0.87,68.22,5.71,3.52
2020-02-02,-0.6,0.0,66.42,1.97,9.88
2020-02-03,-2.52,0.28,70.15,1.59,8.75
2020-02-04,-1.68,3.67,73.9,2.37,2.56
2020-02-05,0.72,11.36,97.1,2.77,3.96
2020-02-06,2.04,7.11,98.67,1.23,2.72
2020-02-07,3.34,1.09,95.65,2.45,3.5
2020-02-08,2.14,0.25,77.24,4.44,7.37
2020-02-09,-0.18,0.0,76.64,1.96,7.12
2020-02-10,1.25,0.0,66.71,2.03,10.83
2020-02-11,2.79,0.0,73.75,3.23,10.8
2020-02-12,2.35,0.0,77.28,1.37,10.52
2020-02-13,2.69,0.18,77.3,2.78,6.2
2020-02-14,3.27,0.06,72.02,3.75,11.27
2020-02-15,2.32,3.12,90.54,4.49,6.41
2020-02-16,2.7,0.11,74.44,3.39,10.5
2020-02-17,1.81,0.03,66.48,2.04,11.46
2020-02-18,1.11,0.0,58.14,1.43,12.64
2020-02-19,0.5,0.0,64.34,2.61,12.85
2020-02-20,0.78,0.0,61.24,2.14,12.81
2020-02-21,1.75,0.0,61.33,1.43,12.73
2020-02-22,4.39,0.0,69.31,1.79,11.11
2020-02-23,4.9,0.75,64.26,5.47,7.9
2020-02-24,2.46,0.0,62.81,3.76,10.17
2020-02-25,1.67,0.0,65.49,1.35,11.21
2020-02-26,4.96,0.0,62.53,1.28,10.8
2020-02-27,5.31,0.0,72.8,1.53,10.09
2020-02-28,7.95,0.0,64.63,3.52,13.05
2020-02-29,4.32,0.1,64.37,3.93,12.4
2020-03-01,2.27,0.0,61.54,2.69,14.06
2020-03-02,5.16,0.05,72.06,3.76,11.73
2020-03-03,8.0,0.0,66.88,4.6,13.11
2020-03-04,6.2,0.0,55.24,3.21,14.12
2020-03-05,6.91,0.0,59.96,2.57,8.0
2020-03-06,8.23,1.82,74.18,1.93,7.84
2020-03-07,3.44,6.37,79.73,2.25,7.92
2020-03-08,3.42,0.03,59.66,1.75,14.77
2020-03-09,3.31,0.0,49.51,1.78,14.56
2020-03-10,4.26,0.0,63.67,2.57,9.49
2020-03-11,5.87,0.01,62.56,3.99,16.26
2020-03-12,3.56,0.0,55.55,1.49,17.51
2020-03-13,1.05,3.74,73.19,3.43,3.97
2020-03-14,-3.69,2.96,63.99,6.55,8.37
2020-03-15,-2.62,0.32,60.21,4.61,12.08
2020-03-16,2.22,0.0,64.02,3.65,17.62
2020-03-17,4.85,0.0,68.24,1.99,16.46
2020-03-18,6.42,0.01,63.52,1.86,18.55
2020-03-19,7.84,0.0,58.39,1.27,18.16
2020-03-20,8.07,0.0,58.75,2.02,18.86
2020-03-21,7.75,0.0,61.05,1.88,19.44
2020-03-22,8.05,0.0,48.2,2.02,17.14
2020-03-23,7.57,0.04,58.6,4.05,14.85
2020-03-24,4.63,0.19,67.76,2.82,15.04
2020-03-25,2.58,1.53,76.39,1.42,13.28
2020-03-26,3.7,0.01,67.42,2.37,16.82
2020-03-27,4.88,0.02,70.77,2.49,11.97
2020-03-28,7.32,0.17,72.45,3.79,13.04
2020-03-29,8.28,0.69,72.43,4.49,14.67
2020-03-30,7.82,0.84,63.75,5.69,16.38
2020-03-31,5.07,0.51,64.18,3.21,15.7
2020-04-01,2.81,0.46,69.13,1.21,17.02
2020-04-02,3.71,0.01,54.7,1.9,18.76
2020-04-03,4.03,0.01,56.14,3.03,18.08
2020-04-04,5.06,0.2,57.6,2.34,17.9
2020-04-05,6.44,0.34,73.36,1.54,14.77
2020-04-06,9.4,0.0,61.91,1.79,21.17
2020-04-07,9.21,0.0,56.48,2.43,20.3
2020-04-08,11.75,0.0,45.84,1.91,22.64
2020-04-09,13.88,0.0,42.12,1.35,23.28
2020-04-10,13.13,0.0,54.4,2.62,20.88
2020-04-11,9.49,0.0,48.13,5.07,21.99
2020-04-12,5.64,0.0,43.35,2.33,23.3
2020-04-13,7.2,0.0,41.03,1.94,25.12
2020-04-14,11.3,0.06,51.32,2.41,13.93
2020-04-15,9.88,0.46,52.78,4.36,18.72
2020-04-16,8.54,0.0,42.89,2.08,25.65
2020-04-17,11.53,0.0,37.93,2.05,23.99
2020-04-18,12.37,0.33,59.19,1.99,16.45
2020-04-19,13.18,0.02,56.73,1.64,20.63
2020-04-20,14.09,0.0,51.73,1.66,24.53
2020-04-21,12.12,0.0,56.02,3.12,24.14
2020-04-22,9.03,3.4,78.45,2.54,9.94
2020-04-23,12.26,0.59,60.61,3.44,22.32
2020-04-24,11.34,0.03,65.56,1.34,19.22
2020-04-25,13.03,0.94,65.66,3.85,14.91
2020-04-26,12.11,0.0,47.72,2.11,22.55
2020-04-27,13.82,0.14,50.85,4.86,23.73
2020-04-28,12.93,0.0,55.67,1.36,21.26
2020-04-29,16.13,0.14,56.24,3.02,17.36
2020-04-30,13.41,0.04,53.29,3.5,24.3
2020-05-01,11.94,0.0,50.84,1.86,27.1
2020-05-02,14.51,2.08,51.37,3.69,19.55
2020-05-03,9.91,0.32,53.65,3.7,25.43
2020-05-04,10.82,0.0,50.86,1.58,27.01
2020-05-05,16.37,0.02,43.12,1.93,23.44
2020-05-06,11.95,8.62,55.28,5.0,17.72
2020-05-07,12.3,0.0,51.69,1.24,27.4
2020-05-08,15.01,0.0,50.54,3.04,29.17
2020-05-09,18.28,0.0,45.96,4.24,29.0
2020-05-10,18.37,0.0,42.79,4.75,26.75
2020-05-11,15.59,2.24,52.52,5.13,22.69
2020-05-12,13.69,0.89,62.86,2.91,20.85
2020-05-13,12.98,0.35,58.7,3.26,21.06
2020-05-14,10.42,1.83,72.64,2.03,13.76
2020-05-15,13.74,0.27,60.54,2.02,22.7
2020-05-16,14.83,0.2,56.65,3.4,14.85
2020-05-17,14.92,2.4,69.4,2.18,14.49
2020-05-18,14.69,2.44,65.83,1.65,17.95
2020-05-19,13.48,2.34,70.12,1.44,15.44
2020-05-20,13.36,17.52,76.92,3.28,11.78
2020-05-21,11.96,0.06,52.62,4.63,25.29
2020-05-22,10.85,0.14,59.98,2.87,17.34
2020-05-23,12.99,0.0,56.02,2.03,28.0
2020-05-24,15.81,0.0,52.44,2.0,28.84
2020-05-25,15.55,0.59,66.52,2.49,12.97
2020-05-26,17.11,0.0,58.06,2.22,27.08
2020-05-27,18.91,0.0,41.8,1.84,30.76
2020-05-28,20.7,0.0,40.66,2.24,28.46
2020-05-29,24.36,0.0,42.27,2.3,29.03
2020-05-30,23.52,12.22,60.5,3.9,13.55
2020-05-31,15.53,0.64,53.01,3.81,21.81
2020-06-01,16.42,0.01,46.91,1.9,30.96
2020-06-02,16.82,0.0,46.51,2.56,22.96
2020-06-03,16.91,0.0,48.18,1.78,29.01
2020-06-04,17.39,0.0,43.3,2.31,30.19
2020-06-05,16.7,1.01,58.03,2.24,12.18
2020-06-06,15.79,0.01,52.91,3.54,25.2
2020-06-07,12.95,0.67,58.08,3.29,19.53
2020-06-08,14.42,0.29,50.31,4.1,25.94
2020-06-09,13.38,4.05,70.08,2.98,11.69
2020-06-10,18.68,0.01,60.22,1.92,23.03
2020-06-11,19.62,2.92,63.92,1.92,20.06
2020-06-12,19.48,3.14,62.84,2.16,21.68
2020-06-13,13.92,5.54,61.21,3.57,9.38
2020-06-14,13.23,0.13,53.72,2.62,23.0
2020-06-15,13.0,3.02,70.83,1.75,13.91
2020-06-16,14.66,2.29,56.64,2.31,20.08
2020-06-17,17.63,0.41,56.24,2.03,26.49
2020-06-18,20.49,0.01,50.79,1.39,30.06
2020-06-19,23.3,0.0,44.57,2.2,28.4
2020-06-20,22.57,0.37,51.7,2.85,15.08
2020-06-21,20.65,0.0,49.05,2.51,29.13
2020-06-22,21.55,0.0,46.15,1.51,31.23
2020-06-23,26.39,0.0,42.09,1.46,28.66
2020-06-24,25.86,0.07,43.16,2.78,27.11
2020-06-25,24.92,0.0,47.28,1.38,29.85
2020-06-26,26.34,0.31,42.24,3.14,28.41
2020-06-27,20.77,0.06,47.02,4.11,25.22
2020-06-28,16.08,2.07,54.98,2.49,19.83
2020-06-29,20.98,0.09,47.97,2.99,26.59
2020-06-30,19.2,0.34,49.76,4.15,24.95
2020-07-01,16.25,1.2,51.76,3.64,21.58
2020-07-02,17.92,0.01,48.68,3.0,26.32
2020-07-03,20.53,0.0,41.67,2.58,29.11
2020-07-04,19.86,0.0,44.58,1.86,28.26
2020-07-05,20.84,0.0,44.36,1.96,30.13
2020-07-06,21.55,0.01,44.11,2.62,30.36
2020-07-07,18.97,0.18,47.87,4.17,25.48
2020-07-08,18.83,0.0,50.54,2.1,28.98
2020-07-09,20.67,0.0,47.42,2.6,20.47
2020-07-10,20.94,0.0,46.57,2.17,30.21
2020-07-11,23.36,0.0,43.77,3.51,25.73
2020-07-12,19.94,0.0,45.01,3.96,27.23
2020-07-13,18.47,0.0,40.01,1.61,30.93
2020-07-14,22.33,0.0,30.66,1.47,30.04
2020-07-15,24.5,0.0,42.06,1.6,29.38
2020-07-16,25.7,0.0,44.64,3.18,27.69
2020-07-17,23.85,0.01,44.32,3.29,25.9
2020-07-18,24.6,0.0,41.36,1.31,28.51
2020-07-19,27.27,0.0,37.4,1.67,27.24
2020-07-20,28.2,0.0,36.65,1.99,29.01
2020-07-21,28.9,0.0,34.81,2.2,28.96
2020-07-22,26.0,0.0,44.2,3.13,28.76
2020-07-23,23.53,0.0,42.76,3.11,29.31
2020-07-24,20.65,0.0,43.97,3.32,25.94
2020-07-25,21.98,0.0,38.2,1.02,29.47
2020-07-26,24.95,0.0,33.92,2.3,28.8
2020-07-27,27.62,0.0,33.74,1.66,28.79
2020-07-28,28.45,0.0,33.9,1.98,25.59
2020-07-29,27.91,0.0,39.3,1.76,27.16
2020-07-30,30.63,0.0,32.8,3.95,25.4
2020-07-31,30.02,0.0,36.69,3.93,26.13
2020-08-01,24.7,0.0,39.01,1.94,17.37
2020-08-02,25.19,0.0,41.18,2.91,27.08
2020-08-03,24.39,0.0,41.61,2.45,27.53
2020-08-04,25.84,0.0,37.06,1.36,27.46
2020-08-05,27.62,0.1,30.32,1.72,27.15
2020-08-06,21.77,1.73,47.47,4.23,20.38
2020-08-07,19.6,0.0,45.05,1.95,26.63
2020-08-08,21.55,0.0,44.67,3.07,23.6
2020-08-09,22.82,0.0,34.86,2.17,27.07
2020-08-10,24.98,0.0,35.44,2.05,26.36
2020-08-11,22.88,0.0,43.01,3.09,26.33
2020-08-12,18.63,0.0,41.3,2.49,20.15
2020-08-13,19.65,0.0,39.04,1.55,24.42
2020-08-14,21.43,0.0,36.99,1.54,25.98
2020-08-15,25.8,0.0,28.36,1.41,25.98
2020-08-16,28.2,0.0,31.03,3.57,21.58
2020-08-17,30.95,0.04,37.53,2.33,22.73
2020-08-18,29.0,0.14,36.17,2.28,21.84
2020-08-19,26.0,0.02,35.3,2.21,25.09
2020-08-20,24.31,0.0,40.85,2.8,20.21
2020-08-21,25.21,0.0,43.69,3.46,19.64
2020-08-22,21.81,0.0,42.48,1.62,24.52
2020-08-23,24.24,0.0,29.8,1.21,23.99
2020-08-24,22.76,0.0,38.18,2.02,20.72
2020-08-25,21.92,0.0,43.54,2.11,23.1
2020-08-26,21.48,0.0,43.69,1.45,24.02
2020-08-27,21.43,0.0,39.65,1.75,23.96
2020-08-28,22.25,0.0,36.78,1.37,23.2
2020-08-29,20.94,0.0,37.21,3.81,20.97
2020-08-30,18.74,0.0,35.37,2.9,23.5
2020-08-31,19.56,0.4,44.24,2.43,21.88
2020-09-01,21.76,0.0,49.34,1.34,22.37
2020-09-02,22.94,0.0,48.45,2.79,20.79
2020-09-03,24.04,0.0,36.91,1.08,22.32
2020-09-04,25.41,0.0,31.95,2.2,21.46
2020-09-05,23.66,0.0,37.0,2.22,19.38
2020-09-06,23.69,0.0,46.23,1.6,20.12
2020-09-07,19.23,0.0,32.87,7.07,19.5
2020-09-08,14.34,0.0,32.26,3.43,21.97
2020-09-09,18.99,0.0,29.63,3.46,21.24
2020-09-10,22.44,0.0,30.19,2.0,20.59
2020-09-11,22.0,0.0,30.13,1.59,19.56
2020-09-12,17.36,0.0,45.01,1.65,13.36
2020-09-13,16.39,0.0,50.38,1.5,8.01
2020-09-14,17.0,0.0,57.22,1.24,6.56
2020-09-15,18.57,0.0,53.57,1.22,10.14
2020-09-16,18.73,0.0,46.07,1.19,7.67
2020-09-17,17.26,0.0,55.66,1.03,6.24
2020-09-18,17.35,0.38,57.12,1.08,5.94
2020-09-19,16.92,0.62,66.49,3.26,11.58
2020-09-20,16.73,0.0,61.77,1.86,16.78
2020-09-21,18.17,0.0,50.72,1.46,12.45
2020-09-22,19.59,0.01,47.7,1.88,16.35
2020-09-23,18.67,4.24,56.41,3.93,5.55
2020-09-24,15.96,0.32,63.16,4.34,14.79
2020-09-25,14.31,2.14,68.53,4.97,8.65
2020-09-26,13.29,0.16,64.63,3.12,15.69
2020-09-27,14.01,0.0,60.49,1.0,17.09
2020-09-28,15.84,0.0,46.53,1.91,17.46
2020-09-29,17.87,0.0,46.26,1.94,16.98
2020-09-30,18.77,0.0,41.25,2.25,15.97
2020-10-01,17.62,0.0,45.37,1.32,11.27
2020-10-02,19.85,0.0,42.53,0.75,14.44
2020-10-03,18.42,0.0,45.22,1.1,13.5
2020-10-04,16.99,0.0,53.38,1.72,14.36
2020-10-05,16.24,0.0,61.59,1.59,14.6
2020-10-06,18.39,0.0,52.46,1.42,14.98
2020-10-07,18.77,0.0,44.24,1.39,13.99
2020-10-08,16.37,0.0,63.04,2.46,11.61
2020-10-09,16.46,0.01,61.04,2.39,12.55
2020-10-10,13.12,8.25,68.58,5.71,7.85
2020-10-11,10.75,9.48,73.14,5.41,7.37
2020-10-12,12.13,0.01,59.59,3.41,13.35
2020-10-13,11.86,5.56,66.79,6.12,10.78
2020-10-14,10.54,0.13,63.38,3.48,12.23
2020-10-15,9.15,0.0,60.64,1.8,12.8
2020-10-16,12.69,0.03,67.64,4.73,7.66
2020-10-17,12.92,0.01,60.23,2.17,11.28
2020-10-18,11.81,0.56,71.33,1.69,9.64
2020-10-19,12.3,0.02,68.03,4.08,9.89
2020-10-20,9.8,0.0,59.96,1.48,10.76
2020-10-21,6.47,0.26,67.82,1.88,9.5
2020-10-22,4.03,0.0,50.18,2.62,11.89
2020-10-23,1.29,5.61,78.85,2.98,3.53
2020-10-24,0.02,0.08,55.14,5.85,9.48
2020-10-25,-2.71,0.01,45.0,3.42,10.72
2020-10-26,-0.31,0.0,47.1,1.21,9.05
2020-10-27,2.9,0.0,50.6,1.16,8.86
2020-10-28,7.3,0.0,68.98,1.02,5.31
2020-10-29,8.11,0.01,79.16,1.02,10.45
2020-10-30,7.76,0.21,70.24,3.88,9.37
2020-10-31,5.76,0.0,73.43,1.3,10.63
2020-11-01,7.03,0.0,60.79,2.48,10.35
2020-11-02,7.59,0.0,59.88,1.16,10.17
2020-11-03,6.11,0.61,74.53,1.89,4.76
2020-11-04,12.73,0.16,86.02,3.79,6.84
2020-11-05,11.02,11.02,87.51,2.93,3.43
2020-11-06,7.26,1.81,70.42,3.91,4.43
2020-11-07,2.68,0.07,55.25,3.41,8.77
2020-11-08,0.82,0.87,57.48,4.16,5.42
2020-11-09,-0.74,0.83,64.0,2.49,6.68
2020-11-10,0.95,4.24,91.84,2.43,5.43
2020-11-11,-0.99,0.0,79.5,1.54,8.03
2020-11-12,0.05,0.65,80.25,2.33,4.97
2020-11-13,3.82,9.12,77.89,6.18,4.19
2020-11-14,2.55,4.2,84.7,3.91,6.54
2020-11-15,5.18,0.19,83.75,4.2,7.52
2020-11-16,5.26,2.27,94.67,1.67,2.48
2020-11-17,7.44,0.36,83.31,3.53,3.09
2020-11-18,5.83,1.01,89.22,3.55,3.3
2020-11-19,4.57,0.79,78.5,3.91,7.29
2020-11-20,3.02,0.0,77.95,2.23,5.7
2020-11-21,0.68,0.0,77.87,1.93,6.41
2020-11-22,0.82,0.15,68.95,1.91,4.53
2020-11-23,1.09,2.92,88.47,0.93,2.78
2020-11-24,2.48,1.0,85.93,2.8,2.68
2020-11-25,1.69,0.07,93.35,2.5,4.66
2020-11-26,0.93,0.05,92.15,1.66,4.46
2020-11-27,1.09,0.03,79.1,2.31,4.01
2020-11-28,1.92,0.03,77.9,1.69,6.35
2020-11-29,1.27,0.03,84.43,2.25,5.31
2020-11-30,0.87,1.11,81.0,3.88,3.16
2020-12-01,-0.09,0.02,79.02,1.41,6.55
2020-12-02,-0.6,0.0,77.86,3.07,6.67
2020-12-03,0.29,0.0,72.5,1.46,6.28
2020-12-04,-0.68,0.0,77.78,1.89,5.93
2020-12-05,-0.87,0.01,83.05,2.37,5.22
2020-12-06,-1.49,0.0,78.53,1.2,2.97
2020-12-07,0.1,0.04,88.07,1.31,2.91
2020-12-08,2.22,0.02,75.97,1.29,2.62
2020-12-09,2.02,1.78,90.35,1.31,3.13
2020-12-10,0.01,0.33,95.46,2.12,3.03
2020-12-11,-0.87,1.52,96.5,1.21,2.12
2020-12-12,-2.32,0.03,91.7,1.99,2.5
2020-12-13,-0.93,0.72,85.3,1.99,1.72
2020-12-14,-0.24,0.2,95.71,1.09,2.28
2020-12-15,1.34,1.54,92.64,3.87,2.32
2020-12-16,1.56,3.42,94.05,3.28,1.9
2020-12-17,2.25,0.11,93.62,3.64,4.58
2020-12-18,1.96,0.79,91.15,3.26,2.35
2020-12-19,5.03,3.49,92.19,4.71,2.28
2020-12-20,5.75,0.94,93.14,3.76,3.3
2020-12-21,7.67,4.63,83.68,4.99,3.42
2020-12-22,1.1,0.02,62.67,4.36,6.03
2020-12-23,-1.85,0.0,68.31,1.39,5.21
2020-12-24,-1.11,0.0,68.83,2.07,5.66
2020-12-25,-0.07,4.81,78.27,2.18,2.67
2020-12-26,0.13,0.42,95.98,1.63,1.77
2020-12-27,0.44,0.08,92.0,2.08,1.7
2020-12-28,-2.34,0.01,87.47,1.9,2.84
2020-12-29,-2.37,1.26,85.5,1.12,0.97
2020-12-30,-0.62,14.56,93.59,2.11,0.83
2020-12-31,1.15,3.53,98.16,2.13,2.62
2021-01-01,1.8,1.22,91.72,2.64,1.95
2021-01-02,3.25,2.77,93.26,5.42,1.39
2021-01-03,3.64,2.21,83.49,3.91,5.77
2021-01-04,4.41,5.31,87.98,4.07,1.76
2021-01-05,3.14,0.56,81.59,3.48,2.48
2021-01-06,4.36,3.4,88.4,2.2,1.92
2021-01-07,2.81,0.19,93.68,1.84,3.0
2021-01-08,0.75,0.46,88.21,2.49,2.69
2021-01-09,0.5,0.03,90.46,1.28,2.2
2021-01-10,1.57,0.02,78.18,1.7,3.63
2021-01-11,1.54,0.37,79.94,2.1,2.57
2021-01-12,6.59,18.53,90.13,5.97,2.84
2021-01-13,5.64,0.58,68.72,6.63,7.19
2021-01-14,1.73,0.0,73.77,2.31,4.87
2021-01-15,0.38,0.1,84.26,1.17,4.43
2021-01-16,0.17,0.07,93.98,0.99,3.94
2021-01-17,1.1,0.41,91.72,1.38,4.94
2021-01-18,-0.59,0.02,85.31,2.05,7.22
2021-01-19,-0.84,0.0,85.02,1.69,4.59
2021-01-20,-0.27,0.0,74.08,0.88,4.57
2021-01-21,-0.08,0.33,80.77,1.68,4.95
2021-01-22,-2.08,0.0,72.93,3.47,7.84
2021-01-23,-4.14,0.0,60.05,1.87,7.69
2021-01-24,-1.51,0.25,72.32,0.9,3.96
2021-01-25,-1.34,0.51,82.95,0.67,3.62
2021-01-26,-1.25,0.13,76.12,2.36,4.43
2021-01-27,1.26,3.82,79.91,2.93,3.05
2021-01-28,2.33,0.02,81.95,1.27,4.55
2021-01-29,1.13,0.23,89.71,1.16,3.85
2021-01-30,2.6,0.15,81.53,2.83,4.72
2021-01-31,3.69,0.86,77.57,2.75,2.35
2021-02-01,6.26,0.31,72.05,2.75,2.75
2021-02-02,4.25,0.43,80.34,4.27,5.06
2021-02-03,1.4,0.54,79.29,1.37,8.03
2021-02-04,1.68,0.66,85.45,3.19,7.15
2021-02-05,4.56,0.16,77.48,3.94,9.96
2021-02-06,3.66,0.09,78.98,4.94,9.01
2021-02-07,2.26,0.33,71.62,3.12,7.6
2021-02-08,-1.25,0.06,58.48,2.95,7.13
2021-02-09,-2.6,0.0,52.55,2.63,7.36
2021-02-10,-2.22,0.0,54.11,2.28,10.15
2021-02-11,-5.94,0.22,45.03,6.47,7.35
2021-02-12,-8.56,1.11,50.73,5.4,5.58
2021-02-13,-6.79,3.22,69.39,4.22,4.06
2021-02-14,-4.99,2.95,71.31,2.39,4.65
2021-02-15,-3.81,6.09,86.9,1.97,3.25
2021-02-16,-2.11,1.0,92.89,1.31,3.93
2021-02-17,-0.83,0.04,75.65,1.46,6.83
2021-02-18,-2.43,1.73,86.33,3.01,4.22
2021-02-19,-0.39,0.58,93.72,1.6,4.08
2021-02-20,0.47,0.23,85.64,2.23,5.05
2021-02-21,2.59,0.35,90.11,6.15,4.18
2021-02-22,5.1,1.27,87.29,6.8,8.88
2021-02-23,2.87,0.23,70.14,4.3,11.99
2021-02-24,0.71,0.02,60.44,2.9,13.74
2021-02-25,2.18,1.76,69.34,5.91,12.3
2021-02-26,1.94,0.7,73.22,3.82,11.21
2021-02-27,1.49,0.08,58.52,2.89,13.46
2021-02-28,3.86,0.05,77.72,3.05,13.01
2021-03-01,5.36,0.0,62.44,2.59,12.79
2021-03-02,5.23,0.0,69.62,2.36,13.82
2021-03-03,6.82,0.0,61.22,1.69,14.55
2021-03-04,5.06,0.0,73.38,2.21,11.63
2021-03-05,8.79,0.0,61.11,4.09,7.68
2021-03-06,4.94,0.08,65.15,2.47,13.97
2021-03-07,4.03,0.08,60.94,3.05,10.25
2021-03-08,3.83,0.08,58.58,2.42,13.11
2021-03-09,3.94,0.1,66.35,1.71,12.01
2021-03-10,4.24,0.18,64.06,1.1,14.24
2021-03-11,4.77,0.0,63.57,1.95,17.28
2021-03-12,6.3,0.0,50.85,1.0,16.71
2021-03-13,6.76,0.0,58.78,1.43,14.84
2021-03-14,7.98,0.26,66.17,1.92,10.53
2021-03-15,6.52,0.07,63.09,2.55,10.76
2021-03-16,5.29,0.0,61.82,1.1,17.54
2021-03-17,8.15,0.0,62.07,1.42,16.17
2021-03-18,9.73,0.17,63.47,3.2,14.77
2021-03-19,7.34,0.38,68.43,2.91,15.37
2021-03-20,6.49,0.35,69.24,3.66,15.66
2021-03-21,3.99,0.56,69.95,3.38,8.67
2021-03-22,5.38,0.97,64.75,3.85,16.56
2021-03-23,5.35,0.0,55.92,2.27,19.95
2021-03-24,5.62,1.11,72.72,3.35,11.44
2021-03-25,5.55,0.66,70.32,2.28,14.18
2021-03-26,6.67,0.0,64.61,2.34,19.36
2021-03-27,8.18,0.13,66.81,2.05,18.77
2021-03-28,8.21,0.24,59.08,5.96,12.14
2021-03-29,4.39,0.01,45.89,4.71,18.59
2021-03-30,3.95,0.0,51.5,1.92,21.02
2021-03-31,7.75,0.0,48.37,2.1,20.88
2021-04-01,10.69,0.0,48.4,2.72,16.09
2021-04-02,11.31,0.0,50.02,1.84,18.63
2021-04-03,9.96,0.0,51.81,1.6,15.02
2021-04-04,8.11,0.56,58.47,2.63,11.96
2021-04-05,7.66,0.0,50.65,2.79,22.91
2021-04-06,8.45,0.0,58.63,1.64,22.69
2021-04-07,9.01,0.11,58.34,3.46,7.94
2021-04-08,6.99,0.1,52.06,4.02,21.6
2021-04-09,7.92,0.13,50.74,2.82,21.27
2021-04-10,5.69,0.07,48.4,4.94,20.78
2021-04-11,5.01,0.0,45.05,1.49,24.04
2021-04-12,7.08,0.0,41.7,3.74,20.24
2021-04-13,8.37,0.0,39.87,6.62,25.04
2021-04-14,11.24,0.0,42.79,5.53,24.89
2021-04-15,13.53,0.0,46.34,4.18,25.15
2021-04-16,13.75,0.0,43.76,3.39,25.5
2021-04-17,15.68,0.0,38.0,1.91,25.38
2021-04-18,16.18,0.0,38.06,3.58,24.63
2021-04-19,9.56,0.0,37.8,4.45,25.92
2021-04-20,10.38,0.0,41.51,3.49,26.14
2021-04-21,12.64,0.0,42.85,1.84,25.96
2021-04-22,13.93,0.1,49.67,2.96,22.46
2021-04-23,12.77,0.0,47.43,1.96,23.45
2021-04-24,9.65,1.55,68.73,1.99,9.52
2021-04-25,10.33,0.3,57.6,2.86,18.4
2021-04-26,10.92,0.03,51.73,2.3,23.8
2021-04-27,11.26,0.0,56.53,2.05,24.48
2021-04-28,13.67,0.0,51.77,2.15,18.43
2021-04-29,17.89,0.0,44.53,2.04,20.97
2021-04-30,16.69,0.07,54.68,3.0,20.87
2021-05-01,14.52,0.1,50.0,3.64,26.02
2021-05-02,12.78,0.0,45.37,2.28,26.46
2021-05-03,13.12,0.0,51.49,2.6,21.32
2021-05-04,14.07,0.0,49.55,1.86,27.25
2021-05-05,16.59,0.0,40.77,2.96,25.21
2021-05-06,19.1,0.0,41.56,5.15,23.4
2021-05-07,11.3,0.09,46.44,4.25,22.55
2021-05-08,10.69,0.0,46.83,3.0,25.32
2021-05-09,13.09,0.0,44.45,1.37,22.83
2021-05-10,15.86,0.0,39.44,1.26,25.17
2021-05-11,17.67,0.01,40.06,1.31,27.64
2021-05-12,18.02,0.0,40.84,1.35,18.79
2021-05-13,19.18,0.0,41.04,2.02,27.49
2021-05-14,20.22,0.0,36.21,1.51,26.35
2021-05-15,21.98,0.0,34.79,1.94,29.09
2021-05-16,21.89,0.0,39.73,1.72,28.91
2021-05-17,20.24,0.0,46.25,3.43,27.51
2021-05-18,13.73,0.0,38.44,4.33,28.72
2021-05-19,11.07,0.35,44.65,1.57,20.9
2021-05-20,10.23,0.92,56.53,2.7,15.83
2021-05-21,12.95,0.0,41.97,4.62,26.51
2021-05-22,13.27,0.38,45.24,3.41,19.3
2021-05-23,15.15,0.09,52.78,4.17,24.23
2021-05-24,15.42,0.06,52.7,4.6,23.45
2021-05-25,15.6,0.89,57.58,2.19,23.54
2021-05-26,16.49,0.0,49.06,2.79,29.41
2021-05-27,16.33,0.07,45.12,5.4,21.55
2021-05-28,14.57,0.0,47.74,3.1,25.88
2021-05-29,17.19,0.0,37.57,1.49,31.34
2021-05-30,19.49,0.0,37.47,1.74,26.05
2021-05-31,23.6,0.0,33.29,1.32,29.48
2021-06-01,27.02,0.0,35.01,1.18,29.83
2021-06-02,28.8,0.0,34.31,1.69,30.69
2021-06-03,26.8,0.0,40.73,2.8,30.27
2021-06-04,22.72,0.0,39.69,3.88,29.47
2021-06-05,17.49,0.01,41.21,5.11,29.13
2021-06-06,12.55,0.02,48.98,3.1,15.9
2021-06-07,13.52,0.02,47.99,2.85,25.21
2021-06-08,17.19,0.01,39.82,2.16,25.33
2021-06-09,17.12,0.24,45.25,1.87,25.02
2021-06-10,17.26,0.0,36.71,3.45,30.07
2021-06-11,17.2,0.84,45.63,2.16,17.46
2021-06-12,19.07,1.15,57.05,2.36,23.59
2021-06-13,24.09,0.07,44.26,1.95,26.51
2021-06-14,22.17,2.58,54.28,3.34,24.82
2021-06-15,17.25,5.1,59.76,2.83,23.29
2021-06-16,19.2,0.0,44.35,1.01,30.37
2021-06-17,23.39,0.0,27.31,1.16,31.34
2021-06-18,24.49,0.0,31.24,1.58,30.8
2021-06-19,23.09,0.0,42.36,3.42,29.89
2021-06-20,24.81,0.0,39.4,3.57,30.61
2021-06-21,26.83,0.0,36.56,2.02,31.08
2021-06-22,26.11,0.02,40.08,3.38,28.95
2021-06-23,26.24,0.0,39.71,2.93,28.62
2021-06-24,25.63,0.0,42.82,1.97,27.81
2021-06-25,29.51,0.0,32.33,2.28,30.46
2021-06-26,31.73,0.0,30.66,2.14,30.35
2021-06-27,33.12,0.0,30.73,3.83,31.03
2021-06-28,34.84,0.0,27.78,3.77,30.73
2021-06-29,34.78,0.0,30.31,2.38,30.49
2021-06-30,32.95,0.02,31.45,3.64,28.74
2021-07-01,28.59,0.08,37.52,3.87,23.25
2021-07-02,26.57,0.17,41.29,2.62,30.71
2021-07-03,27.51,0.0,39.13,2.41,30.05
2021-07-04,26.67,0.0,37.6,2.32,30.54
2021-07-05,26.88,0.0,39.55,2.29,30.23
2021-07-06,29.48,0.0,30.55,1.53,30.41
2021-07-07,27.9,0.03,31.64,3.34,25.05
2021-07-08,25.11,0.08,38.03,2.12,30.2
2021-07-09,26.53,0.0,38.46,1.71,30.3
2021-07-10,27.74,0.0,28.94,1.96,29.8
2021-07-11,27.19,0.0,34.99,1.51,30.41
2021-07-12,28.45,0.0,33.12,1.16,29.24
2021-07-13,28.75,0.0,36.53,1.09,27.34
2021-07-14,29.13,0.0,34.17,2.51,29.07
2021-07-15,25.63,0.0,39.25,3.22,30.07
2021-07-16,23.59,0.0,40.72,3.62,29.15
2021-07-17,23.99,0.0,38.67,1.93,29.72
2021-07-18,27.81,0.0,29.05,1.43,29.33
2021-07-19,27.96,0.0,28.71,1.38,21.56
2021-07-20,25.64,0.12,34.92,3.06,29.48
2021-07-21,22.53,0.23,37.15,3.73,28.48
2021-07-22,20.78,0.0,37.69,1.75,29.89
2021-07-23,23.35,0.0,35.47,1.86,28.5
2021-07-24,26.21,0.0,34.3,1.62,28.06
2021-07-25,27.2,0.0,36.85,2.0,28.35
2021-07-26,25.8,0.01,44.1,2.04,25.99
2021-07-27,25.18,0.0,44.14,2.1,16.32
2021-07-28,27.29,0.0,40.24,1.83,23.49
2021-07-29,31.12,0.0,24.78,1.1,27.13
2021-07-30,32.34,0.0,25.1,2.08,25.65
2021-07-31,30.01,1.24,38.18,3.29,20.59
2021-08-01,25.36,2.51,71.36,1.75,7.66
2021-08-02,29.08,0.0,43.46,1.1,18.57
2021-08-03,30.07,0.03,35.92,1.52,17.86
2021-08-04,29.42,0.02,32.73,2.07,20.52
2021-08-05,24.62,2.57,43.59,2.31,11.32
2021-08-06,24.37,0.0,48.86,3.66,23.56
2021-08-07,24.5,0.02,46.61,3.42,17.2
2021-08-08,19.55,0.65,47.52,3.49,15.73
2021-08-09,21.21,0.0,45.99,1.51,25.95
2021-08-10,25.43,0.0,38.39,1.44,22.11
2021-08-11,30.92,0.0,35.27,1.58,25.43
2021-08-12,29.65,0.0,26.89,3.44,25.44
2021-08-13,28.77,0.0,31.01,2.06,22.36
2021-08-14,28.87,0.0,31.74,1.59,17.89
2021-08-15,27.14,0.0,39.12,1.84,17.15
2021-08-16,25.97,0.0,41.73,2.74,21.17
2021-08-17,18.95,1.45,52.54,3.44,11.9
2021-08-18,19.78,0.04,42.62,2.87,24.11
2021-08-19,21.75,0.08,41.89,1.23,17.78
2021-08-20,19.66,0.14,54.64,2.21,14.0
2021-08-21,19.67,0.22,51.45,1.69,14.41
2021-08-22,19.17,0.0,48.43,3.92,21.79
2021-08-23,17.28,0.0,42.33,1.48,21.66
2021-08-24,19.04,0.0,36.35,2.46,24.25
2021-08-25,20.52,0.0,33.52,2.15,21.64
2021-08-26,19.85,0.04,45.72,2.61,17.55
2021-08-27,20.0,0.04,48.92,1.87,20.1
2021-08-28,21.61,0.0,36.13,1.22,23.53
2021-08-29,23.57,0.0,28.3,1.12,22.53
2021-08-30,20.45,0.0,37.77,3.24,22.69
2021-08-31,16.23,0.0,46.07,2.68,22.59
2021-09-01,16.63,0.0,42.37,1.86,22.24
2021-09-02,18.86,0.0,37.86,2.45,22.35
2021-09-03,21.8,0.0,28.13,1.07,21.59
2021-09-04,22.36,0.0,26.62,1.44,16.79
2021-09-05,23.23,0.0,39.25,2.17,19.6
2021-09-06,21.89,0.0,43.02,1.61,21.63
2021-09-07,22.86,0.0,32.09,2.33,18.08
2021-09-08,23.34,0.0,34.83,2.09,16.67
2021-09-09,23.49,0.04,43.82,1.79,15.94
2021-09-10,17.82,6.83,78.62,2.58,4.98
2021-09-11,17.15,0.5,59.64,1.71,19.76
2021-09-12,19.43,0.06,45.47,1.95,17.79
2021-09-13,16.92,0.0,52.12,1.74,19.51
2021-09-14,17.76,0.0,44.86,2.16,18.67
2021-09-15,17.23,0.0,49.97,3.68,17.26
2021-09-16,14.19,0.04,38.24,2.15,20.13
2021-09-17,15.23,1.2,35.85,3.17,7.98
2021-09-18,14.25,4.96,62.54,3.96,5.02
2021-09-19,13.68,0.58,66.06,3.15,15.73
2021-09-20,13.89,0.0,60.42,1.58,18.19
2021-09-21,16.19,0.0,45.32,2.56,18.63
2021-09-22,15.69,0.0,49.22,1.61,11.67
2021-09-23,16.95,0.0,54.82,1.6,17.68
2021-09-24,18.67,0.0,43.31,2.14,17.56
2021-09-25,19.97,0.0,39.97,1.72,16.98
2021-09-26,18.36,0.0,47.28,3.06,11.9
2021-09-27,16.54,7.42,66.14,4.27,6.39
2021-09-28,11.79,0.58,70.18,3.81,13.78
2021-09-29,11.64,0.0,63.38,2.19,12.96
2021-09-30,15.46,1.7,53.59,3.05,12.42
2021-10-01,13.0,0.34,58.34,1.54,15.57
2021-10-02,13.49,0.0,48.07,1.36,14.67
2021-10-03,15.17,0.0,54.97,1.29,15.6
2021-10-04,15.87,0.0,48.46,1.34,10.67
2021-10-05,15.37,0.0,55.51,3.08,8.97
2021-10-06,11.29,0.07,54.28,2.54,14.76
2021-10-07,10.24,0.0,55.99,1.17,15.24
2021-10-08,9.92,0.01,47.87,2.56,14.2
2021-10-09,9.82,0.0,61.67,2.4,12.2
2021-10-10,10.22,0.39,57.8,4.18,14.45
2021-10-11,7.11,0.0,48.03,3.29,14.44
2021-10-12,6.75,0.26,45.56,1.92,11.53
2021-10-13,6.67,2.18,67.7,1.55,7.2
2021-10-14,6.27,0.17,77.58,2.0,12.11
2021-10-15,10.15,0.01,71.54,2.38,5.53
2021-10-16,12.46,0.0,52.43,1.82,11.95
2021-10-17,11.9,0.0,50.06,1.9,9.94
2021-10-18,10.7,0.0,57.28,1.89,12.17
2021-10-19,10.5,0.0,66.26,1.98,11.9
2021-10-20,12.41,0.6,54.58,3.77,6.25
2021-10-21,13.2,0.0,58.58,2.96,9.57
2021-10-22,10.35,5.77,81.27,3.26,3.12
2021-10-23,8.94,0.54,82.49,2.61,7.83
2021-10-24,9.17,10.07,84.17,4.4,2.74
2021-10-25,9.45,1.2,67.72,3.96,10.59
2021-10-26,9.04,1.64,79.14,5.14,7.31
2021-10-27,8.77,0.09,72.19,3.8,8.77
2021-10-28,13.5,1.45,78.13,4.74,6.82
2021-10-29,10.83,4.41,68.93,3.73,8.16
2021-10-30,4.7,0.0,53.92,4.41,11.32
2021-10-31,4.76,0.0,49.74,4.13,10.28
2021-11-01,6.1,0.55,62.84,2.66,8.3
2021-11-02,7.36,1.03,84.78,0.97,4.73
2021-11-03,8.63,0.02,80.82,2.44,3.79
2021-11-04,10.6,5.98,78.68,4.31,3.4
2021-11-05,7.37,0.84,84.36,2.94,4.35
2021-11-06,5.66,1.05,77.37,3.85,6.79
2021-11-07,4.75,0.15,71.73,4.34,8.19
2021-11-08,5.05,0.0,56.84,2.99,8.86
2021-11-09,6.78,5.77,65.09,5.29,5.43
2021-11-10,4.79,0.73,74.79,2.55,7.97
2021-11-11,4.72,11.09,83.66,1.75,3.29
2021-11-12,8.44,9.06,96.87,2.26,2.33
2021-11-13,5.73,1.57,93.08,1.34,3.66
2021-11-14,13.12,0.69,83.67,6.18,5.35
2021-11-15,10.75,0.58,64.66,6.69,4.52
2021-11-16,3.24,0.07,64.13,3.44,7.24
2021-11-17,0.73,0.0,64.68,2.99,7.16
2021-11-18,2.66,5.79,70.51,2.2,1.79
2021-11-19,3.04,5.48,89.52,1.45,3.99
2021-11-20,1.32,0.05,80.72,0.95,3.72
2021-11-21,1.33,0.0,80.63,1.23,1.95
2021-11-22,0.69,0.67,76.53,1.57,3.28
2021-11-23,0.87,3.53,88.29,2.37,2.67
2021-11-24,0.56,0.1,89.54,1.56,4.89
2021-11-25,3.33,0.34,64.81,1.82,2.73
2021-11-26,5.93,1.05,89.35,2.7,5.89
2021-11-27,6.91,2.96,94.88,2.38,1.77
2021-11-28,10.63,0.03,87.63,4.21,4.09
2021-11-29,8.73,0.35,88.26,2.03,6.05
2021-11-30,8.39,1.12,86.62,4.19,4.27
2021-12-01,10.79,0.0,74.61,3.52,4.96
2021-12-02,7.06,0.01,74.07,2.11,3.61
2021-12-03,2.13,0.0,79.73,1.85,3.02
2021-12-04,2.03,2.02,91.57,2.48,4.0
2021-12-05,-1.26,0.0,60.87,2.32,5.47
2021-12-06,-0.69,1.21,79.4,1.91,2.69
2021-12-07,0.66,0.31,92.56,1.29,2.08
2021-12-08,3.04,0.11,79.56,3.97,5.78
2021-12-09,-1.07,0.34,93.12,2.66,3.45
2021-12-10,0.09,0.43,88.51,3.26,3.15
2021-12-11,5.2,3.3,76.73,7.62,4.72
2021-12-12,2.77,0.19,83.02,3.53,4.81
2021-12-13,3.3,0.87,88.09,2.99,2.17
2021-12-14,0.19,0.16,78.87,2.55,5.09
2021-12-15,-0.37,0.26,72.35,3.16,3.91
2021-12-16,-0.68,0.57,84.92,2.05,2.67
2021-12-17,-2.77,0.02,54.18,2.1,3.27
2021-12-18,1.84,8.34,87.7,4.12,0.9
2021-12-19,-0.41,1.11,89.74,2.16,2.19
2021-12-20,-1.91,3.53,83.13,2.48,1.45
2021-12-21,-2.11,1.33,85.06,2.0,2.52
2021-12-22,0.92,2.65,93.3,3.08,2.03
2021-12-23,1.61,0.56,91.52,5.0,4.05
2021-12-24,0.11,1.1,91.81,4.23,2.88
2021-12-25,0.07,0.12,81.95,4.56,2.92
2021-12-26,-3.86,0.4,87.03,2.2,4.08
2021-12-27,-6.94,0.04,69.63,2.18,5.02
2021-12-28,-6.78,0.24,67.28,1.96,4.89
2021-12-29,-8.41,0.32,62.34,3.67,5.51
2021-12-30,-7.29,6.28,83.93,3.09,3.42
2021-12-31,-10.24,0.1,68.28,2.65,6.27
2022-01-01,-10.27,0.0,75.55,1.99,2.41
2022-01-02,-4.2,0.7,81.02,3.02,2.03
2022-01-03,-0.12,4.01,94.33,4.65,1.24
2022-01-04,-1.47,1.73,97.49,2.58,3.58
2022-01-05,-2.84,2.35,80.34,2.77,2.19
2022-01-06,-0.5,13.88,95.72,3.2,1.73
2022-01-07,2.04,3.93,89.03,6.05,4.49
2022-01-08,-0.94,0.01,89.56,2.36,5.19
2022-01-09,-1.79,0.0,84.23,2.2,6.52
2022-01-10,-2.16,0.0,82.45,1.69,3.83
2022-01-11,1.59,1.5,93.5,2.07,3.24
2022-01-12,1.99,1.24,93.19,2.38,2.29
2022-01-13,0.76,0.0,90.38,1.05,5.37
2022-01-14,1.06,0.18,98.21,1.2,2.14
2022-01-15,0.37,0.03,91.54,0.87,3.6
2022-01-16,-0.86,0.03,90.97,1.24,2.56
2022-01-17,-1.04,0.06,89.89,1.19,3.41
2022-01-18,0.55,0.48,89.88,0.96,4.71
2022-01-19,1.32,1.08,94.57,0.98,3.58
2022-01-20,2.48,4.57,97.42,2.74,3.79
2022-01-21,0.61,0.04,93.69,0.69,5.58
2022-01-22,0.14,0.0,91.93,0.82,4.8
2022-01-23,-1.25,0.09,93.68,1.08,2.53
2022-01-24,-1.23,0.06,89.62,1.36,4.96
2022-01-25,-1.33,0.0,85.79,1.2,3.98
2022-01-26,-0.84,0.01,84.7,1.0,3.85
2022-01-27,-1.68,0.0,76.29,1.95,4.1
2022-01-28,-2.89,0.0,74.98,1.61,4.64
2022-01-29,-3.04,0.0,72.86,1.11,2.06
2022-01-30,-1.11,1.45,75.36,2.36,2.6
2022-01-31,0.24,0.04,82.5,3.5,8.64
2022-02-01,-0.84,0.04,80.64,1.74,6.38
2022-02-02,-4.54,0.63,61.18,2.3,3.95
2022-02-03,-1.91,0.02,89.38,0.96,4.79
2022-02-04,-0.38,0.07,92.86,2.3,3.54
2022-02-05,2.25,0.09,81.9,1.57,6.64
2022-02-06,1.36,0.0,87.55,1.26,6.03
2022-02-07,2.06,0.0,83.08,2.54,7.58
2022-02-08,2.05,0.09,87.23,1.58,6.26
2022-02-09,5.98,0.09,76.53,0.78,9.3
2022-02-10,3.47,0.04,88.47,1.56,8.84
2022-02-11,3.07,0.0,71.27,2.66,10.18
2022-02-12,2.3,0.0,68.44,2.44,11.47
2022-02-13,2.66,0.0,68.72,1.4,10.9
2022-02-14,3.53,0.6,79.08,2.16,7.22
2022-02-15,3.35,0.03,71.12,2.6,11.16
2022-02-16,3.16,0.08,69.22,3.17,12.07
2022-02-17,1.49,0.03,89.06,2.26,7.38
2022-02-18,3.49,0.01,79.57,1.63,10.27
2022-02-19,3.56,0.01,79.27,3.48,5.96
2022-02-20,0.57,1.61,90.57,2.33,9.65
2022-02-21,-2.44,0.86,58.72,6.07,7.23
2022-02-22,-8.24,0.02,42.45,7.81,12.55
2022-02-23,-7.57,0.22,41.23,2.89,12.87
2022-02-24,-5.33,0.8,64.65,1.57,9.52
2022-02-25,-4.32,0.0,66.05,1.21,10.25
2022-02-26,-1.31,0.01,62.69,2.5,10.71
2022-02-27,3.43,5.43,82.55,2.77,6.91
2022-02-28,8.1,9.84,93.12,5.18,6.6
2022-03-01,10.08,4.18,84.82,3.32,11.19
2022-03-02,7.46,6.21,91.54,1.02,5.74
2022-03-03,3.95,2.94,88.36,1.38,8.22
2022-03-04,2.15,0.02,79.39,1.47,13.59
2022-03-05,3.13,0.01,70.65,2.69,15.69
2022-03-06,3.72,0.0,57.0,2.57,16.17
2022-03-07,5.11,0.0,64.64,2.63,14.31
2022-03-08,4.21,0.84,55.38,3.79,10.81
2022-03-09,-1.27,0.0,45.57,3.49,16.19
2022-03-10,-0.56,0.0,47.99,2.11,13.12
2022-03-11,3.26,0.04,58.44,1.37,7.04
2022-03-12,8.39,0.67,50.37,1.28,12.83
2022-03-13,7.96,1.6,71.77,4.89,13.03
2022-03-14,8.21,6.76,74.36,2.87,10.56
2022-03-15,8.46,3.88,71.63,3.97,15.74
2022-03-16,6.35,0.03,65.7,2.77,17.61
2022-03-17,5.26,0.02,68.95,2.14,10.86
2022-03-18,6.49,0.01,73.81,2.29,12.09
2022-03-19,6.57,0.64,70.43,2.99,9.33
2022-03-20,4.13,0.03,63.3,2.76,16.84
2022-03-21,5.06,3.27,82.64,2.06,8.63
2022-03-22,8.61,0.14,80.68,1.64,10.46
2022-03-23,10.4,0.05,72.98,3.23,13.39
2022-03-24,7.93,0.01,61.24,2.6,15.29
2022-03-25,9.39,0.0,60.59,2.12,15.62
2022-03-26,11.08,0.0,67.39,1.92,16.6
2022-03-27,12.67,0.0,64.33,2.18,15.71
2022-03-28,12.73,0.19,62.42,2.21,16.5
2022-03-29,11.48,0.0,48.56,2.42,20.42
2022-03-30,9.41,0.0,58.46,4.1,18.95
2022-03-31,6.17,0.01,63.56,1.86,19.42
2022-04-01,6.35,0.31,63.98,1.79,19.4
2022-04-02,8.76,1.24,56.71,3.24,20.93
2022-04-03,8.68,0.77,56.07,3.45,16.28
2022-04-04,8.29,3.29,58.56,7.62,20.56
2022-04-05,5.66,0.01,51.22,4.83,20.98
2022-04-06,6.15,0.0,57.17,1.6,22.93
2022-04-07,11.22,0.0,50.04,3.09,20.17
2022-04-08,10.52,0.03,50.2,4.63,20.61
2022-04-09,5.61,0.03,51.46,4.19,19.61
2022-04-10,3.02,2.82,72.88,2.02,17.27
2022-04-11,1.38,7.1,76.21,5.28,5.7
2022-04-12,2.01,0.52,63.81,2.19,13.02
2022-04-13,2.85,0.88,58.67,3.81,20.21
2022-04-14,1.38,3.35,69.93,1.76,9.04
2022-04-15,2.25,0.26,59.4,1.42,15.94
2022-04-16,2.04,1.23,70.47,3.15,11.43
2022-04-17,5.18,0.06,59.45,2.64,21.56
2022-04-18,6.64,2.05,66.73,3.21,10.52
2022-04-19,5.66,0.35,67.24,3.39,20.2
2022-04-20,6.86,2.86,71.65,2.03,15.2
2022-04-21,8.92,2.63,67.68,2.49,15.49
2022-04-22,8.95,0.02,56.03,2.16,23.16
2022-04-23,9.43,0.0,60.32,1.54,24.98
2022-04-24,11.71,0.0,50.51,2.15,23.62
2022-04-25,11.66,0.97,65.16,2.74,12.62
2022-04-26,9.59,0.57,55.96,3.4,22.08
2022-04-27,7.74,0.14,59.19,1.99,20.06
2022-04-28,8.03,0.09,61.47,1.11,16.83
2022-04-29,9.4,0.02,57.77,2.67,21.03
2022-04-30,9.36,2.88,70.26,1.75,10.38
2022-05-01,12.08,0.1,60.24,1.86,21.7
2022-05-02,9.87,0.77,75.81,2.41,9.43
2022-05-03,12.59,0.1,58.81,2.5,25.77
2022-05-04,14.48,0.01,58.47,1.78,20.83
2022-05-05,11.83,8.83,76.03,3.08,9.76
2022-05-06,10.67,3.33,74.63,2.79,14.46
2022-05-07,10.14,1.41,60.97,4.56,22.15
2022-05-08,7.68,0.08,55.46,2.65,22.57
2022-05-09,8.28,0.0,54.47,2.59,22.18
2022-05-10,9.08,0.05,56.19,1.79,26.09
2022-05-11,10.42,0.0,49.47,2.08,27.17
2022-05-12,9.39,1.23,64.16,3.6,17.52
2022-05-13,8.99,0.08,49.79,3.21,27.2
2022-05-14,11.14,3.22,71.49,1.96,13.12
2022-05-15,14.99,0.69,68.74,2.07,13.74
2022-05-16,14.27,0.01,59.23,3.24,23.05
2022-05-17,12.27,0.0,50.68,2.09,23.44
2022-05-18,11.89,1.61,56.57,5.16,21.78
2022-05-19,9.85,0.06,48.56,4.1,22.87
2022-05-20,10.48,0.76,61.56,1.44,19.24
2022-05-21,10.97,0.62,63.62,1.9,19.7
2022-05-22,14.02,0.0,49.91,1.45,27.66
2022-05-23,16.23,0.49,47.76,2.44,18.41
2022-05-24,14.22,0.05,53.67,1.99,18.87
2022-05-25,15.83,0.36,63.89,1.79,20.77
2022-05-26,18.12,1.22,54.41,1.42,20.32
2022-05-27,14.94,0.77,66.47,3.51,13.51
2022-05-28,11.93,0.65,64.8,1.74,19.66
2022-05-29,12.49,1.09,65.46,3.21,15.54
2022-05-30,10.88,1.63,72.61,1.55,15.76
2022-05-31,16.58,0.02,55.78,1.7,25.1
2022-06-01,18.1,0.46,56.1,1.59,21.01
2022-06-02,19.67,7.71,65.92,1.36,20.32
2022-06-03,17.72,6.18,72.64,2.45,17.47
2022-06-04,14.5,1.87,72.6,2.05,13.52
2022-06-05,17.16,5.48,66.87,3.01,20.48
2022-06-06,15.92,0.61,54.51,2.37,29.93
2022-06-07,17.52,0.01,56.39,2.01,28.37
2022-06-08,20.02,0.02,49.25,2.21,24.06
2022-06-09,19.04,2.16,52.57,2.29,11.75
2022-06-10,17.59,8.35,79.63,3.3,17.46
2022-06-11,18.57,2.1,66.53,3.14,28.01
2022-06-12,15.42,12.09,63.23,2.98,19.08
2022-06-13,11.32,8.73,66.99,4.5,13.39
2022-06-14,13.09,0.01,56.85,4.28,16.75
2022-06-15,14.86,0.0,60.52,2.26,22.88
2022-06-16,17.94,0.11,59.53,2.21,22.84
2022-06-17,17.82,0.29,60.36,2.21,14.86
2022-06-18,15.52,1.15,61.0,2.57,21.43
2022-06-19,15.3,1.62,62.37,2.09,17.97
2022-06-20,17.64,0.43,57.26,2.15,24.06
2022-06-21,19.78,0.0,53.0,2.18,30.11
2022-06-22,22.38,0.0,48.19,2.8,29.93
2022-06-23,18.94,0.0,42.74,2.1,32.16
2022-06-24,19.62,0.0,40.13,3.08,31.0
2022-06-25,21.54,0.0,39.92,3.6,31.64
2022-06-26,24.01,0.0,39.05,3.07,31.93
2022-06-27,27.52,0.0,35.15,2.32,30.71
2022-06-28,24.4,0.0,37.18,4.4,30.75
2022-06-29,20.59,0.0,46.25,2.48,28.51
2022-06-30,22.68,0.0,43.74,1.55,28.3
2022-07-01,24.68,0.0,38.55,1.45,28.54
2022-07-02,24.45,0.93,43.87,1.61,26.14
2022-07-03,20.14,5.39,62.83,2.85,19.6
2022-07-04,18.63,1.61,53.21,2.54,19.84
2022-07-05,22.25,0.37,50.74,1.54,26.61
2022-07-06,22.91,1.23,57.13,2.19,19.29
2022-07-07,21.75,3.55,61.84,1.55,18.83
2022-07-08,23.44,0.0,48.61,2.15,26.14
2022-07-09,22.88,0.0,44.67,2.9,26.41
2022-07-10,22.34,0.0,47.95,2.33,28.51
2022-07-11,25.55,0.0,45.46,1.32,30.18
2022-07-12,28.04,0.33,39.97,1.49,29.9
2022-07-13,25.17,0.23,42.59,2.31,25.03
2022-07-14,24.2,0.0,42.14,1.72,30.54
2022-07-15,25.66,0.0,35.53,2.26,30.36
2022-07-16,24.3,0.17,46.3,2.24,29.64
2022-07-17,22.09,0.0,42.97,2.92,30.38
2022-07-18,21.04,0.01,45.52,3.15,28.77
2022-07-19,25.18,0.0,34.87,1.67,29.24
2022-07-20,27.28,0.0,35.69,1.46,29.83
2022-07-21,26.22,0.0,38.25,2.33,28.07
2022-07-22,24.29,0.0,45.08,2.52,29.25
2022-07-23,24.43,0.0,42.12,1.86,27.29
2022-07-24,26.99,0.0,35.12,0.89,28.41
2022-07-25,30.3,0.0,31.64,1.27,27.67
2022-07-26,31.53,0.0,33.15,1.7,28.04
2022-07-27,32.47,0.0,31.3,1.16,27.45
2022-07-28,32.65,0.0,34.84,1.17,27.11
2022-07-29,32.48,0.0,33.98,1.18,28.07
2022-07-30,31.07,0.0,27.91,1.81,28.56
2022-07-31,31.49,0.0,28.37,1.79,26.97
2022-08-01,28.12,0.01,33.96,3.0,17.32
2022-08-02,25.81,0.0,35.2,3.21,28.29
2022-08-03,25.56,0.0,33.87,3.42,28.17
2022-08-04,22.03,0.0,43.15,3.73,27.79
2022-08-05,21.95,0.0,38.57,1.49,26.44
2022-08-06,23.96,0.0,33.89,1.77,27.55
2022-08-07,26.55,0.0,27.49,1.38,27.35
2022-08-08,29.09,0.0,27.22,1.47,26.85
2022-08-09,27.35,2.32,42.42,1.88,13.54
2022-08-10,26.75,0.88,56.27,1.75,20.99
2022-08-11,27.17,0.06,40.74,2.09,24.56
2022-08-12,26.69,0.36,40.98,2.44,23.97
2022-08-13,22.92,0.02,44.5,3.07,26.58
2022-08-14,23.14,0.0,41.0,1.51,26.0
2022-08-15,26.2,0.0,28.5,1.2,25.63
2022-08-16,28.03,0.0,29.04,0.98,24.94
2022-08-17,29.12,0.0,31.96,2.02,24.53
2022-08-18,29.84,0.0,34.32,3.56,19.98
2022-08-19,27.19,13.21,54.23,2.76,13.77
2022-08-20,26.97,0.12,54.89,1.67,18.66
2022-08-21,25.78,0.0,41.3,2.72,23.93
2022-08-22,26.84,0.98,39.71,1.34,20.95
2022-08-23,26.53,0.01,41.63,1.04,18.56
2022-08-24,27.12,0.02,44.43,3.48,18.82
2022-08-25,27.42,0.06,48.38,2.13,21.13
2022-08-26,25.81,0.0,45.3,2.87,22.3
2022-08-27,19.86,0.0,47.98,4.1,19.32
2022-08-28,19.44,0.0,45.39,1.38,23.07
2022-08-29,22.6,0.0,38.31,1.79,23.19
2022-08-30,26.2,0.0,34.91,2.04,21.79
2022-08-31,27.09,0.0,36.72,2.99,16.91
2022-09-01,24.42,0.1,45.86,1.37,21.22
2022-09-02,25.58,0.0,32.25,2.49,19.69
2022-09-03,21.8,0.85,48.15,1.94,8.43
2022-09-04,21.79,0.0,46.03,2.46,21.36
2022-09-05,21.78,0.0,42.35,1.76,22.38
2022-09-06,23.16,0.0,30.7,1.53,21.65
2022-09-07,23.84,0.0,32.39,2.91,17.06
2022-09-08,18.77,0.01,39.6,2.97,22.02
2022-09-09,19.07,0.0,37.98,4.01,21.66
2022-09-10,19.03,0.0,35.26,3.27,21.26
2022-09-11,19.86,0.0,34.46,1.06,10.2
2022-09-12,19.12,0.12,47.15,1.26,5.71
2022-09-13,20.01,0.15,52.57,1.26,13.75
2022-09-14,19.48,0.36,55.11,2.13,10.37
2022-09-15,18.16,0.0,57.84,1.45,13.94
2022-09-16,17.63,0.01,53.8,2.81,15.22
2022-09-17,15.24,3.36,49.09,1.68,14.93
2022-09-18,16.8,1.03,62.51,2.21,12.35
2022-09-19,18.25,0.0,61.51,1.45,17.28
2022-09-20,17.86,0.0,37.83,4.85,18.62
2022-09-21,17.26,0.0,42.64,3.16,13.51
2022-09-22,17.07,0.17,52.51,3.82,15.02
2022-09-23,15.45,0.0,57.12,1.9,15.61
2022-09-24,18.02,0.0,45.17,0.83,17.0
2022-09-25,18.97,0.0,43.56,2.14,16.84
2022-09-26,20.33,0.0,40.75,2.05,16.96
2022-09-27,20.84,0.0,36.67,2.09,16.74
2022-09-28,18.28,0.87,50.31,2.12,10.1
2022-09-29,16.5,1.67,66.21,1.92,7.75
2022-09-30,16.42,0.13,69.13,1.22,11.85
2022-10-01,18.38,0.0,61.19,2.81,15.45
2022-10-02,19.51,0.0,51.49,1.25,15.38
2022-10-03,19.91,0.0,50.5,1.82,14.32
2022-10-04,19.82,0.0,50.62,1.45,14.57
2022-10-05,18.43,0.0,57.1,1.31,14.44
2022-10-06,18.99,0.0,50.18,2.16,14.23
2022-10-07,18.75,0.0,52.79,2.44,11.77
2022-10-08,18.93,0.0,49.72,1.18,13.55
2022-10-09,17.73,0.0,49.34,1.15,13.65
2022-10-10,16.89,0.0,52.35,2.62,10.1
2022-10-11,16.36,0.0,52.94,2.31,14.39
2022-10-12,16.39,0.0,52.74,1.33,13.4
2022-10-13,16.5,0.0,46.32,1.99,13.74
2022-10-14,16.38,0.0,43.23,1.0,12.73
2022-10-15,16.49,0.0,47.42,3.26,13.2
2022-10-16,15.23,0.0,44.16,3.12,13.49
2022-10-17,14.78,0.0,41.26,1.1,13.35
2022-10-18,14.21,0.0,50.34,1.1,12.62
2022-10-19,13.67,0.0,57.49,1.14,12.05
2022-10-20,12.56,0.13,62.02,1.16,5.13
2022-10-21,8.1,6.48,74.99,2.75,3.13
2022-10-22,7.8,2.89,61.97,1.98,10.95
2022-10-23,6.82,0.04,60.28,2.03,10.36
2022-10-24,7.2,3.45,75.32,4.19,6.57
2022-10-25,7.24,0.92,76.74,3.88,7.25
2022-10-26,7.45,1.01,67.07,2.98,9.3
2022-10-27,8.29,0.0,66.97,3.98,10.07
2022-10-28,9.88,0.45,63.72,3.28,6.58
2022-10-29,9.51,0.0,75.77,1.84,9.94
2022-10-30,10.24,0.33,80.25,3.38,5.45
2022-10-31,11.28,4.56,79.47,4.66,4.64
2022-11-01,5.76,10.36,86.3,1.22,3.69
2022-11-02,3.64,0.43,79.71,2.37,7.62
2022-11-03,2.54,2.64,83.09,2.79,4.82
2022-11-04,6.85,10.11,90.32,6.8,2.17
2022-11-05,6.01,0.31,62.55,5.59,8.92
2022-11-06,5.05,3.18,74.96,4.04,2.59
2022-11-07,3.08,1.67,82.44,3.66,5.54
2022-11-08,0.79,0.0,65.3,5.38,6.68
2022-11-09,-1.98,0.0,60.29,3.3,9.43
2022-11-10,-1.71,0.0,66.34,1.61,7.2
2022-11-11,-0.62,0.0,77.2,2.55,4.72
2022-11-12,0.28,0.0,69.95,1.67,7.72
2022-11-13,-1.16,0.0,81.83,1.17,5.17
2022-11-14,-0.76,0.0,75.51,2.08,5.19
2022-11-15,-0.77,0.0,81.12,2.4,4.99
2022-11-16,-1.09,0.0,78.16,2.47,3.09
2022-11-17,-0.5,0.0,55.1,4.76,7.95
2022-11-18,-2.95,0.0,49.1,2.78,8.21
2022-11-19,-3.02,0.0,60.51,2.47,7.16
2022-11-20,-3.23,0.0,72.41,1.22,5.1
2022-11-21,-1.79,0.0,63.23,0.98,6.26
2022-11-22,-1.42,6.82,79.58,1.57,1.27
2022-11-23,-0.24,0.16,97.38,1.49,4.37
2022-11-24,0.17,0.01,85.28,1.9,5.79
2022-11-25,-0.04,1.39,84.02,1.24,0.96
2022-11-26,-0.98,0.12,92.15,2.03,3.88
2022-11-27,0.85,0.22,77.81,3.66,6.83
2022-11-28,-2.35,0.47,70.67,2.99,4.2
2022-11-29,-6.01,1.6,72.86,2.19,3.04
2022-11-30,1.02,7.19,93.48,3.92,2.36
2022-12-01,-2.86,0.16,81.62,2.27,4.5
2022-12-02,-6.5,0.0,76.46,1.28,3.01
2022-12-03,-4.27,0.0,77.61,3.45,6.1
2022-12-04,-6.25,1.27,83.52,3.39,2.27
2022-12-05,-4.27,0.17,86.14,0.6,3.96
2022-12-06,-3.96,0.1,92.44,1.26,3.64
2022-12-07,-3.01,0.09,95.48,1.17,3.61
2022-12-08,-1.66,8.67,93.08,2.35,2.13
2022-12-09,-1.7,2.14,92.5,2.52,3.48
2022-12-10,1.24,8.51,94.05,3.49,1.74
2022-12-11,-0.36,0.48,95.47,2.37,3.29
2022-12-12,-2.95,0.02,86.72,3.54,5.86
2022-12-13,-5.76,0.0,79.05,1.61,4.24
2022-12-14,-3.54,0.98,85.09,1.81,5.47
2022-12-15,-7.82,0.0,87.19,2.92,5.19
2022-12-16,-5.9,0.0,88.73,1.34,3.68
2022-12-17,-6.03,0.03,90.85,0.75,4.5
2022-12-18,-2.95,0.2,91.71,2.71,4.37
2022-12-19,-7.15,0.3,71.41,3.03,4.59
2022-12-20,-8.45,1.57,87.86,2.99,4.56
2022-12-21,-14.05,0.0,67.3,5.04,5.76
2022-12-22,-17.69,0.03,71.52,5.32,5.66
2022-12-23,-12.34,4.26,92.5,2.24,4.16
2022-12-24,-7.09,5.82,96.9,1.49,3.25
2022-12-25,-0.22,2.28,99.35,1.02,1.91
2022-12-26,1.83,10.17,98.73,2.26,3.4
2022-12-27,4.76,8.32,89.74,6.85,1.37
2022-12-28,1.43,0.23,87.88,4.06,3.16
2022-12-29,0.28,0.86,93.87,1.54,2.59
2022-12-30,1.99,4.91,95.53,2.68,4.3
2022-12-31,1.28,0.83,94.27,2.09,4.09
2023-01-01,-0.01,0.15,92.51,0.91,3.16
2023-01-02,-0.94,0.02,87.89,1.79,3.94
2023-01-03,-1.15,0.06,80.71,0.75,3.63
2023-01-04,-0.73,0.17,84.38,3.28,4.48
2023-01-05,1.64,0.44,88.76,4.01,4.48
2023-01-06,1.91,0.05,92.69,1.55,5.13
2023-01-07,3.15,1.21,80.91,2.72,2.62
2023-01-08,2.89,3.42,88.83,2.48,0.97
2023-01-09,1.3,3.63,91.7,2.26,1.44
2023-01-10,1.59,0.1,91.47,2.64,5.86
2023-01-11,2.54,0.32,88.4,1.8,4.0
2023-01-12,5.04,12.51,90.83,3.05,2.57
2023-01-13,5.57,1.04,87.23,1.89,2.03
2023-01-14,4.97,1.58,89.32,2.36,3.34
2023-01-15,3.09,0.56,92.83,2.65,4.3
2023-01-16,2.85,0.63,86.37,1.32,4.22
2023-01-17,0.33,0.06,91.16,1.01,3.07
2023-01-18,1.71,3.18,92.96,2.3,2.42
2023-01-19,-0.17,0.06,81.61,1.33,7.26
2023-01-20,-0.71,0.0,87.82,1.08,4.98
2023-01-21,-0.52,1.92,83.15,1.82,4.92
2023-01-22,0.35,0.13,79.82,0.76,6.5
2023-01-23,-0.07,0.0,82.57,1.27,3.87
2023-01-24,0.12,0.06,82.8,0.73,4.46
2023-01-25,0.4,0.01,87.64,0.37,6.63
2023-01-26,1.0,0.21,92.52,1.23,4.82
2023-01-27,2.36,1.34,87.29,3.35,7.98
2023-01-28,-2.23,0.05,56.84,6.5,5.78
2023-01-29,-7.6,0.0,47.47,3.94,8.63
2023-01-30,-6.68,0.0,56.26,1.5,8.09
2023-01-31,-3.22,0.22,61.14,0.74,4.15
2023-02-01,-1.29,0.02,72.1,0.9,3.58
2023-02-02,-1.35,0.0,78.55,1.44,7.04
2023-02-03,0.57,0.03,79.87,2.67,3.83
2023-02-04,3.09,0.35,87.99,1.93,4.96
2023-02-05,2.22,3.24,90.58,2.45,4.0
2023-02-06,3.2,0.06,84.85,3.55,4.36
2023-02-07,3.0,1.59,89.38,4.47,4.07
2023-02-08,2.3,0.01,70.48,2.6,10.13
2023-02-09,1.46,0.0,72.56,2.47,6.89
2023-02-10,1.83,0.0,83.22,1.84,8.13
2023-02-11,2.73,0.0,76.6,1.21,10.37
2023-02-12,2.82,0.01,79.95,2.01,8.12
2023-02-13,2.9,0.15,78.09,3.8,8.48
2023-02-14,0.67,0.33,73.59,2.67,10.64
2023-02-15,-0.19,0.0,71.23,1.48,10.97
2023-02-16,1.13,0.0,56.39,1.77,9.29
2023-02-17,1.75,0.04,73.14,2.36,9.67
2023-02-18,2.87,0.33,78.46,1.97,11.21
2023-02-19,3.62,0.07,79.01,3.67,9.41
2023-02-20,5.83,0.55,79.15,5.8,7.75
2023-02-21,2.75,0.54,66.34,4.58,7.81
2023-02-22,-5.21,1.32,54.24,7.31,6.53
2023-02-23,-9.37,0.12,48.33,7.65,8.72
2023-02-24,-7.56,0.0,56.78,2.56,10.77
2023-02-25,-3.87,0.0,67.31,1.18,11.03
2023-02-26,-0.21,1.33,72.11,4.1,9.77
2023-02-27,0.19,0.98,76.22,2.46,8.21
2023-02-28,0.65,1.31,77.44,2.69,8.1
2023-03-01,-0.2,0.01,72.39,2.01,12.58
2023-03-02,1.57,0.49,71.32,5.34,14.39
2023-03-03,0.98,0.11,76.32,3.69,14.13
2023-03-04,2.14,0.41,62.38,2.84,10.53
2023-03-05,2.02,2.54,73.4,1.54,10.06
2023-03-06,0.93,3.01,72.33,1.72,6.33
2023-03-07,2.07,0.01,66.31,1.94,14.91
2023-03-08,2.24,1.16,71.49,2.36,13.42
2023-03-09,2.12,0.2,68.92,3.2,14.9
2023-03-10,0.96,8.87,81.47,3.45,3.28
2023-03-11,1.96,0.07,76.4,2.06,16.32
2023-03-12,4.09,0.73,78.06,2.51,12.6
2023-03-13,5.54,5.62,90.25,4.06,6.54
2023-03-14,2.58,0.12,73.3,2.56,15.9
2023-03-15,3.06,0.02,64.9,2.53,17.65
2023-03-16,3.47,0.0,60.76,2.62,17.22
2023-03-17,5.27,0.0,59.72,2.41,17.15
2023-03-18,7.25,0.0,55.16,2.04,17.93
2023-03-19,6.98,0.0,60.2,2.28,13.12
2023-03-20,6.46,4.0,79.99,1.41,7.24
2023-03-21,6.5,0.09,66.83,2.36,17.02
2023-03-22,6.43,0.0,56.51,2.79,19.67
2023-03-23,5.62,0.79,69.62,4.12,12.61
2023-03-24,3.33,0.18,68.53,2.78,14.12
2023-03-25,1.29,0.17,71.93,1.6,15.17
2023-03-26,3.38,0.04,61.2,1.27,12.29
2023-03-27,3.76,0.05,66.03,2.72,12.43
2023-03-28,6.05,0.1,59.88,4.36,13.01
2023-03-29,6.04,0.54,72.4,2.06,11.8
2023-03-30,6.64,0.07,68.48,1.99,16.05
2023-03-31,4.52,1.54,75.87,3.87,12.2
2023-04-01,5.33,1.84,65.18,5.05,16.05
2023-04-02,2.82,1.02,76.73,2.17,15.19
2023-04-03,3.23,1.11,68.75,1.11,14.68
2023-04-04,3.69,0.19,60.65,1.39,17.33
2023-04-05,4.96,0.0,53.01,2.08,21.31
2023-04-06,7.57,0.13,58.68,3.03,12.28
2023-04-07,8.9,4.94,78.94,3.34,8.65
2023-04-08,7.86,0.0,66.57,2.84,13.3
2023-04-09,11.25,4.15,70.14,3.07,8.9
2023-04-10,10.79,9.61,89.17,1.52,6.78
2023-04-11,6.76,3.53,63.03,4.3,19.27
2023-04-12,5.3,0.04,55.61,1.26,19.4
2023-04-13,6.19,0.03,57.7,1.75,19.73
2023-04-14,7.19,0.1,55.46,1.26,19.48
2023-04-15,9.35,0.0,50.76,1.52,15.98
2023-04-16,8.79,1.44,64.89,3.05,9.46
2023-04-17,6.37,1.37,64.45,2.19,20.24
2023-04-18,6.01,0.35,60.73,3.9,20.61
2023-04-19,5.19,0.39,64.32,2.6,18.97
2023-04-20,4.81,3.6,69.23,2.78,15.83
2023-04-21,7.68,0.39,66.69,1.94,19.29
2023-04-22,10.57,0.01,59.06,1.78,20.98
2023-04-23,11.72,2.86,67.31,3.09,11.81
2023-04-24,9.91,0.76,62.96,2.89,18.52
2023-04-25,10.53,0.0,61.86,1.88,25.37
2023-04-26,14.5,0.0,56.2,2.21,21.49
2023-04-27,15.4,0.0,47.31,2.31,24.19
2023-04-28,16.74,0.0,47.8,2.25,26.58
2023-04-29,20.06,0.0,47.79,1.43,25.21
2023-04-30,19.53,0.0,55.0,2.61,24.55
2023-05-01,15.33,1.14,61.72,1.83,19.5
2023-05-02,15.22,0.06,68.09,1.69,24.48
2023-05-03,21.34,0.01,59.51,1.74,25.74
2023-05-04,17.33,8.69,69.75,3.82,21.96
2023-05-05,12.25,1.54,70.89,2.33,6.62
2023-05-06,12.91,0.19,61.09,2.12,12.71
2023-05-07,13.07,0.13,59.64,2.68,22.74
2023-05-08,14.13,0.54,56.12,2.12,21.19
2023-05-09,12.62,2.18,72.39,2.0,18.28
2023-05-10,15.8,0.4,54.06,1.05,24.93
2023-05-11,17.73,0.01,47.52,0.9,26.36
2023-05-12,20.31,0.0,40.49,1.47,28.77
2023-05-13,21.88,0.0,46.45,4.26,28.35
2023-05-14,22.99,0.0,48.32,4.65,27.8
2023-05-15,23.16,0.22,53.79,2.7,23.89
2023-05-16,20.61,1.45,64.49,1.36,17.62
2023-05-17,21.93,0.07,59.94,1.28,25.28
2023-05-18,23.93,0.01,54.05,1.76,25.04
2023-05-19,25.97,0.0,46.88,0.96,26.48
2023-05-20,25.25,0.1,54.63,1.72,27.34
2023-05-21,22.41,0.65,55.59,3.92,21.99
2023-05-22,15.65,0.12,48.81,3.54,20.36
2023-05-23,15.33,0.04,50.92,1.58,26.25
2023-05-24,17.9,0.26,38.95,1.32,24.46
2023-05-25,18.83,0.14,42.58,1.43,21.98
2023-05-26,20.26,0.09,50.96,1.51,23.35
2023-05-27,20.73,2.42,49.22,1.17,20.57
2023-05-28,21.41,0.09,52.71,1.47,28.07
2023-05-29,20.95,0.0,46.98,2.32,30.1
2023-05-30,19.4,0.0,46.94,2.75,28.0
2023-05-31,16.73,0.0,44.97,3.1,30.64
2023-06-01,16.6,0.0,45.54,1.67,30.89
2023-06-02,20.11,0.0,35.55,1.26,30.75
2023-06-03,22.18,0.0,39.1,1.5,31.17
2023-06-04,22.98,0.0,40.01,1.85,30.97
2023-06-05,22.3,0.0,32.76,2.53,31.7
2023-06-06,24.01,0.0,30.84,2.82,31.57
2023-06-07,25.64,0.0,35.68,1.55,26.78
2023-06-08,22.06,1.03,57.08,2.31,15.79
2023-06-09,19.95,1.46,67.47,3.21,9.16
2023-06-10,18.71,0.12,60.6,2.54,15.0
2023-06-11,22.45,0.0,51.95,1.09,25.49
2023-06-12,25.44,0.21,50.33,1.63,27.31
2023-06-13,23.25,0.1,49.5,3.83,24.93
2023-06-14,17.66,0.01,43.87,3.96,25.03
2023-06-15,19.01,0.0,44.46,1.98,28.41
2023-06-16,21.13,0.1,47.53,2.55,23.21
2023-06-17,19.21,0.03,48.52,3.42,27.02
2023-06-18,15.26,0.0,41.05,4.02,25.98
2023-06-19,13.85,0.16,48.38,2.95,25.31
2023-06-20,13.05,0.39,58.76,2.32,16.02
2023-06-21,16.39,0.1,50.55,1.54,21.74
2023-06-22,19.53,0.0,41.92,2.17,25.53
2023-06-23,21.98,0.0,41.08,2.66,29.8
2023-06-24,21.87,0.02,48.32,2.08,29.62
2023-06-25,23.07,0.0,45.29,2.17,27.81
2023-06-26,23.42,0.56,46.69,2.15,25.33
2023-06-27,21.97,1.49,61.53,2.29,23.3
2023-06-28,23.62,0.33,55.94,1.58,26.77
2023-06-29,26.66,0.03,45.47,2.0,29.21
2023-06-30,25.91,0.0,40.38,2.12,30.99
2023-07-01,24.16,0.0,35.72,3.09,31.43
2023-07-02,23.0,0.0,32.4,2.51,31.69
2023-07-03,23.56,0.0,30.63,2.87,31.24
2023-07-04,24.74,0.0,32.65,1.92,28.7
2023-07-05,25.68,0.0,33.49,1.4,25.11
2023-07-06,26.84,0.0,34.15,1.54,25.22
2023-07-07,28.46,0.0,34.77,1.6,26.85
2023-07-08,27.19,0.0,38.72,2.37,27.3
2023-07-09,27.62,0.05,39.73,2.53,24.65
2023-07-10,23.98,2.73,50.31,3.02,19.07
2023-07-11,22.6,0.0,41.28,2.01,30.06
2023-07-12,24.64,0.0,38.44,2.5,27.43
2023-07-13,24.64,0.0,40.61,1.9,29.63
2023-07-14,27.09,0.0,34.84,1.58,29.77
2023-07-15,29.73,0.0,25.69,1.41,29.97
2023-07-16,28.87,0.0,32.77,2.11,26.63
2023-07-17,23.16,0.0,40.71,4.32,30.07
2023-07-18,23.36,0.0,36.73,1.17,29.95
2023-07-19,26.54,0.0,32.01,1.69,29.56
2023-07-20,29.88,0.0,28.82,1.56,28.89
2023-07-21,28.0,0.0,39.29,2.42,28.76
2023-07-22,26.13,0.0,39.76,2.23,29.46
2023-07-23,27.71,0.0,35.78,2.06,28.82
2023-07-24,25.59,0.0,36.26,3.38,23.58
2023-07-25,22.72,0.0,39.9,3.36,24.88
2023-07-26,22.19,0.0,38.21,1.61,29.14
2023-07-27,24.5,0.0,28.44,1.43,26.68
2023-07-28,24.82,0.0,36.43,1.69,27.3
2023-07-29,26.38,0.01,32.81,2.06,27.52
2023-07-30,23.23,0.03,41.83,2.63,25.31
2023-07-31,22.58,0.0,37.8,1.94,28.19
2023-08-01,24.86,0.0,30.42,1.51,28.27
2023-08-02,26.07,0.0,28.75,1.69,28.05
2023-08-03,24.86,0.0,39.45,2.34,27.03
2023-08-04,24.49,0.01,44.89,2.73,20.12
2023-08-05,23.2,2.34,57.34,1.8,9.81
2023-08-06,22.42,2.3,66.38,1.8,18.43
2023-08-07,20.13,7.76,76.57,1.47,12.06
2023-08-08,22.57,0.0,54.31,2.18,22.42
2023-08-09,23.75,0.25,44.44,2.86,20.38
2023-08-10,21.87,0.01,47.69,2.05,26.7
2023-08-11,23.02,0.0,44.25,2.13,26.51
2023-08-12,24.01,0.0,45.8,1.66,23.96
2023-08-13,27.85,0.0,37.26,1.87,25.21
2023-08-14,30.59,0.0,33.26,1.63,25.53
2023-08-15,31.43,0.0,32.49,1.45,24.9
2023-08-16,30.24,0.0,33.86,1.39,25.6
2023-08-17,29.75,0.01,28.59,2.04,18.45
2023-08-18,24.88,0.0,32.96,3.96,26.16
2023-08-19,21.64,0.0,32.03,2.75,25.51
2023-08-20,22.46,0.0,38.36,2.05,22.27
2023-08-21,23.45,0.41,62.38,1.77,10.81
2023-08-22,19.75,2.11,57.7,2.88,14.85
2023-08-23,18.92,0.0,47.01,2.28,22.27
2023-08-24,20.8,0.0,38.35,2.46,22.25
2023-08-25,20.57,1.12,52.9,3.46,13.26
2023-08-26,25.04,0.0,46.76,2.77,20.93
2023-08-27,27.45,0.0,36.95,1.94,21.76
2023-08-28,27.58,0.0,34.23,1.82,21.69
2023-08-29,22.18,2.53,54.27,4.08,5.63
2023-08-30,19.36,0.89,54.44,3.97,8.31
2023-08-31,16.46,0.75,64.07,1.65,12.1
2023-09-01,19.93,1.88,59.12,1.29,18.88
2023-09-02,22.37,0.0,49.24,1.49,20.49
2023-09-03,22.39,0.26,48.34,2.91,12.72
2023-09-04,18.62,0.05,47.46,2.95,15.86
2023-09-05,17.89,0.0,53.59,2.2,21.54
2023-09-06,18.88,0.0,43.32,1.94,16.93
2023-09-07,19.25,0.08,54.27,1.63,19.88
2023-09-08,19.95,0.0,48.74,1.67,20.93
2023-09-09,21.04,0.0,41.08,2.18,20.85
2023-09-10,23.93,0.0,37.22,2.21,19.38
2023-09-11,21.17,0.0,48.63,1.6,12.98
2023-09-12,19.46,0.0,52.62,2.35,15.97
2023-09-13,19.59,0.0,51.73,1.71,20.29
2023-09-14,20.29,0.0,40.98,1.42,20.04
2023-09-15,20.94,0.0,33.46,1.79,20.3
2023-09-16,22.99,0.0,29.03,1.45,19.32
2023-09-17,18.22,0.0,40.11,1.86,11.55
2023-09-18,17.83,0.0,43.59,3.21,18.61
2023-09-19,14.82,0.0,48.6,1.68,17.08
2023-09-20,12.73,3.09,68.42,1.69,8.4
2023-09-21,14.94,0.35,56.45,3.95,13.72
2023-09-22,13.8,0.0,70.62,1.95,12.74
2023-09-23,15.36,0.24,53.83,2.18,12.22
2023-09-24,15.91,0.48,55.93,1.51,11.96
2023-09-25,17.35,1.11,52.02,3.39,7.91
2023-09-26,14.92,2.9,66.17,3.69,10.14
2023-09-27,12.89,3.74,65.98,4.75,8.5
2023-09-28,12.0,0.18,68.92,2.62,11.95
2023-09-29,10.37,0.16,66.84,1.34,12.58
2023-09-30,11.83,0.01,55.8,2.78,16.09
2023-10-01,12.96,0.01,56.99,2.77,16.47
2023-10-02,13.18,2.76,67.29,2.2,10.16
2023-10-03,14.99,0.24,70.32,1.82,14.16
2023-10-04,15.83,0.01,62.04,1.69,14.69
2023-10-05,17.53,0.0,58.12,1.28,15.38
2023-10-06,16.6,0.0,54.59,2.56,15.46
2023-10-07,17.5,0.0,52.59,2.38,15.15
2023-10-08,17.05,0.0,55.46,1.75,14.47
2023-10-09,15.56,0.0,58.39,2.68,8.18
2023-10-10,12.13,2.25,79.39,2.33,4.8
2023-10-11,9.23,1.27,84.95,2.73,8.79
2023-10-12,10.45,0.01,74.44,1.78,12.09
2023-10-13,12.27,0.0,59.86,1.84,12.32
2023-10-14,14.23,0.07,57.67,1.74,9.48
2023-10-15,15.8,0.0,56.05,1.63,8.14
2023-10-16,14.35,1.59,68.15,3.65,4.52
2023-10-17,11.52,0.01,63.12,1.75,11.03
2023-10-18,13.51,0.0,54.37,1.44,13.14
2023-10-19,15.24,0.0,54.15,1.57,12.85
2023-10-20,16.35,0.0,58.89,0.8,11.49
2023-10-21,14.54,0.0,72.65,1.1,9.36
2023-10-22,13.66,0.01,67.16,1.33,9.46
2023-10-23,9.92,0.0,62.04,2.46,10.95
2023-10-24,5.38,2.67,79.0,2.12,7.63
2023-10-25,4.35,6.62,73.82,3.25,3.38
2023-10-26,1.21,0.14,54.97,1.94,6.39
2023-10-27,0.4,0.05,59.17,2.35,9.48
2023-10-28,0.41,0.0,50.62,1.1,10.97
2023-10-29,0.5,0.0,54.48,2.33,10.49
2023-10-30,2.48,0.0,56.5,2.42,10.73
2023-10-31,2.84,0.0,61.35,1.92,8.51
2023-11-01,4.13,4.3,63.4,1.09,6.84
2023-11-02,6.56,8.8,94.3,1.92,3.67
2023-11-03,8.09,0.28,82.99,1.23,5.77
2023-11-04,10.38,10.6,94.74,2.73,2.36
2023-11-05,8.89,0.99,82.91,1.7,5.57
2023-11-06,8.02,6.1,90.21,3.31,2.57
2023-11-07,7.86,2.67,77.37,4.1,6.4
2023-11-08,4.82,0.0,79.4,1.16,8.77
2023-11-09,2.47,0.1,77.59,1.81,5.36
2023-11-10,3.69,0.2,84.44,1.93,3.36
2023-11-11,7.43,0.43,70.37,5.0,7.01
2023-11-12,7.24,0.0,81.54,2.19,4.51
2023-11-13,6.16,0.73,77.6,1.67,5.83
2023-11-14,3.62,0.21,84.67,1.76,7.57
2023-11-15,2.47,2.65,91.49,1.34,2.97
2023-11-16,0.38,0.03,79.76,2.09,7.52
2023-11-17,2.09,0.0,79.06,2.36,4.71
2023-11-18,2.41,0.35,91.25,2.1,3.71
2023-11-19,3.81,2.66,82.35,3.77,6.41
2023-11-20,2.24,0.12,83.53,2.43,4.82
2023-11-21,2.77,0.09,68.57,2.08,5.81
2023-11-22,3.96,1.69,80.55,1.35,6.63
2023-11-23,1.28,0.0,78.14,3.77,7.42
2023-11-24,0.6,0.0,65.5,2.59,7.62
2023-11-25,-1.39,0.0,74.29,1.29,5.83
2023-11-26,-1.45,0.0,76.8,2.28,3.37
2023-11-27,-1.25,0.0,74.71,1.96,4.47
2023-11-28,-1.97,0.0,74.73,1.11,4.74
2023-11-29,-3.51,0.04,78.01,1.02,2.34
2023-11-30,-2.59,0.81,76.93,1.12,2.31
2023-12-01,-2.29,5.14,95.7,2.22,1.44
2023-12-02,1.68,3.9,93.56,4.21,5.11
2023-12-03,1.88,4.42,97.77,2.1,1.81
2023-12-04,2.56,6.08,99.13,1.66,2.12
2023-12-05,8.79,12.83,97.13,3.23,0.98
2023-12-06,8.31,8.36,91.83,1.8,1.93
2023-12-07,4.25,5.01,87.75,4.17,3.54
2023-12-08,0.85,0.07,86.11,1.46,6.05
2023-12-09,-0.32,4.75,90.89,2.41,2.11
2023-12-10,3.75,5.63,98.94,1.8,2.04
2023-12-11,3.71,0.66,96.46,1.79,3.31
2023-12-12,2.11,0.13,91.91,2.09,3.42
2023-12-13,-0.49,0.0,87.99,2.41,2.95
2023-12-14,1.49,0.0,79.23,1.55,3.57
2023-12-15,0.48,0.0,84.65,1.57,4.12
2023-12-16,-1.09,0.0,89.56,1.02,1.26
2023-12-17,-0.36,0.0,86.33,1.96,2.99
2023-12-18,0.77,2.82,83.02,1.54,2.64
2023-12-19,2.51,4.39,97.18,1.46,1.1
2023-12-20,2.32,0.41,96.18,0.84,2.57
2023-12-21,2.55,0.06,97.06,1.44,2.19
2023-12-22,1.04,3.0,96.17,2.46,2.19
2023-12-23,-2.07,0.07,94.06,1.21,6.04
2023-12-24,-2.32,0.0,82.58,2.56,3.7
2023-12-25,-0.67,1.04,78.81,1.91,3.62
2023-12-26,1.13,1.5,93.74,2.12,2.38
2023-12-27,1.51,1.53,88.04,2.95,3.07
2023-12-28,1.3,0.0,93.95,1.78,4.44
2023-12-29,2.76,0.0,92.04,2.39,3.4
2023-12-30,2.42,1.03,94.87,1.18,3.28
2023-12-31,1.52,0.15,96.42,1.12,2.42
2024-01-01,0.68,0.06,96.09,2.05,3.11
2024-01-02,1.2,1.9,89.11,2.47,3.11
2024-01-03,1.12,1.58,94.51,1.35,2.38
2024-01-04,1.75,1.6,96.32,1.62,2.07
2024-01-05,2.21,0.21,92.17,3.16,3.61
2024-01-06,1.12,1.73,83.2,3.35,3.3
2024-01-07,-2.11,0.01,77.48,1.93,5.65
2024-01-08,-0.98,4.95,88.22,2.12,1.84
2024-01-09,2.65,4.8,88.76,7.21,3.52
2024-01-10,-0.89,0.28,84.27,2.22,4.33
2024-01-11,-2.1,1.39,64.69,4.54,4.34
2024-01-12,-14.19,0.01,37.98,5.83,4.89
2024-01-13,-15.78,0.01,46.11,5.29,4.89
2024-01-14,-12.09,0.04,62.22,1.62,4.78
2024-01-15,-11.6,0.0,59.81,3.72,5.51
2024-01-16,-9.02,1.86,73.55,2.67,4.32
2024-01-17,-7.88,5.05,95.76,1.54,2.42
2024-01-18,-8.14,1.19,81.51,4.8,2.93
2024-01-19,-4.97,1.72,88.21,4.36,3.1
2024-01-20,-1.04,1.78,94.68,2.86,2.22
2024-01-21,1.08,4.31,98.83,1.13,2.65
2024-01-22,2.24,2.23,97.71,1.85,2.47
2024-01-23,1.89,1.69,98.41,1.34,3.36
2024-01-24,1.26,2.7,97.62,1.62,1.96
2024-01-25,1.21,0.38,98.27,1.15,3.79
2024-01-26,2.18,1.02,89.62,1.42,6.45
2024-01-27,3.12,7.17,99.77,1.5,2.56
2024-01-28,6.53,1.91,94.83,2.32,5.08
2024-01-29,5.6,0.01,92.47,1.99,6.91
2024-01-30,4.67,0.08,94.6,2.03,4.13
2024-01-31,7.05,1.38,83.86,2.68,1.59
2024-02-01,6.73,1.84,90.72,1.46,2.97
2024-02-02,4.13,0.13,93.68,0.93,3.98
2024-02-03,2.21,0.39,90.74,0.65,4.76
2024-02-04,3.24,0.34,87.81,1.97,4.47
2024-02-05,4.32,3.17,89.38,3.17,3.54
2024-02-06,2.72,0.21,94.59,1.37,4.39
2024-02-07,2.47,0.13,87.02,1.09,4.98
2024-02-08,2.58,0.08,79.51,1.52,5.1
2024-02-09,1.86,0.25,72.68,1.7,8.82
2024-02-10,1.23,0.0,78.66,1.58,9.06
2024-02-11,2.9,0.68,83.78,2.24,7.66
2024-02-12,4.22,0.7,85.86,2.84,6.87
2024-02-13,0.99,0.0,75.81,2.15,10.44
2024-02-14,0.46,0.39,65.81,4.84,9.44
2024-02-15,-1.46,3.98,77.06,4.25,3.81
2024-02-16,-1.89,0.0,68.37,3.44,12.17
2024-02-17,-1.33,0.0,73.61,2.96,10.51
2024-02-18,0.57,1.41,88.04,1.41,5.21
2024-02-19,1.31,2.41,93.06,3.17,4.51
2024-02-20,2.43,0.73,95.0,1.43,5.22
2024-02-21,4.5,0.44,89.71,1.75,5.44
2024-02-22,5.39,0.13,78.3,0.94,10.06
2024-02-23,4.98,0.0,81.34,1.7,11.58
2024-02-24,5.76,0.0,77.41,2.26,7.04
2024-02-25,6.08,3.53,84.82,5.83,8.16
2024-02-26,2.74,0.53,61.16,3.57,12.8
2024-02-27,1.03,0.28,64.04,3.26,11.29
2024-02-28,5.5,5.6,87.96,6.1,6.99
2024-02-29,5.95,3.14,71.33,5.55,4.46
2024-03-01,2.45,0.6,75.04,3.37,10.91
2024-03-02,1.9,2.48,75.92,4.05,7.77
2024-03-03,0.27,0.16,77.09,2.32,11.52
2024-03-04,1.58,0.47,67.28,3.02,9.11
2024-03-05,1.23,0.12,62.96,0.98,15.13
2024-03-06,0.31,0.0,59.5,1.45,16.38
2024-03-07,0.95,0.0,63.08,1.5,15.11
2024-03-08,3.21,0.0,63.07,2.17,11.97
2024-03-09,4.11,0.32,68.81,3.66,8.81
2024-03-10,6.25,0.84,72.82,4.57,8.74
2024-03-11,5.93,1.11,76.21,2.88,9.61
2024-03-12,6.13,0.32,70.55,4.51,11.91
2024-03-13,5.58,0.01,58.73,1.66,16.81
2024-03-14,6.7,0.0,53.47,0.97,17.47
2024-03-15,8.33,0.0,61.41,2.1,17.3
2024-03-16,11.2,0.0,61.73,2.58,17.66
2024-03-17,12.36,0.0,63.45,1.64,17.92
2024-03-18,14.49,0.0,52.64,1.19,18.3
2024-03-19,13.77,0.0,59.62,1.82,18.3
2024-03-20,11.35,0.2,66.07,2.49,16.32
2024-03-21,10.33,0.07,64.31,3.19,15.11
2024-03-22,10.47,0.46,65.54,1.67,9.58
2024-03-23,9.91,0.66,69.45,2.69,6.71
2024-03-24,7.24,0.75,63.65,2.98,16.23
2024-03-25,5.87,0.07,69.32,1.82,14.12
2024-03-26,7.35,0.38,67.41,2.1,16.42
2024-03-27,5.93,7.19,82.53,2.95,5.94
2024-03-28,6.79,0.54,72.58,2.95,14.24
2024-03-29,7.5,0.06,63.86,1.63,16.95
2024-03-30,8.02,0.01,57.92,2.27,20.94
2024-03-31,9.4,0.04,48.75,3.2,21.35
2024-04-01,10.08,0.01,66.23,1.09,18.9
2024-04-02,13.79,0.01,67.38,2.09,19.55
2024-04-03,9.26,0.26,57.33,2.92,14.92
2024-04-04,7.36,2.35,68.46,1.86,8.08
2024-04-05,4.27,4.79,83.77,1.77,6.12
2024-04-06,6.72,0.37,66.7,2.7,13.45
2024-04-07,7.32,0.01,64.92,1.99,17.9
2024-04-08,8.51,0.59,63.36,2.88,16.39
2024-04-09,10.37,0.43,63.86,4.18,21.27
2024-04-10,9.11,0.0,57.04,1.01,22.05
2024-04-11,10.44,0.09,57.75,1.46,15.74
2024-04-12,12.3,0.09,64.97,1.0,17.64
2024-04-13,16.35,0.0,53.58,0.96,21.02
2024-04-14,16.82,0.0,51.95,2.7,23.09
2024-04-15,11.61,0.0,54.97,3.77,20.3
2024-04-16,8.29,0.0,48.13,3.08,19.79
2024-04-17,7.83,0.03,50.56,1.57,20.82
2024-04-18,8.25,0.13,51.32,2.0,21.79
2024-04-19,8.9,0.0,49.48,4.25,25.33
2024-04-20,11.43,0.15,46.86,3.31,25.41
2024-04-21,9.12,0.0,53.3,3.17,21.55
2024-04-22,9.29,0.0,50.32,1.46,26.03
2024-04-23,11.21,0.0,46.57,1.74,21.18
2024-04-24,10.67,0.0,52.6,1.89,17.07
2024-04-25,9.79,1.01,75.19,2.71,14.63
2024-04-26,11.68,0.32,68.22,1.94,18.31
2024-04-27,9.48,0.45,71.96,3.01,16.31
2024-04-28,10.4,0.03,62.67,4.07,17.46
2024-04-29,6.62,1.2,64.92,3.18,18.14
2024-04-30,5.33,0.21,66.8,1.88,21.31
2024-05-01,7.84,0.02,59.45,2.42,24.72
2024-05-02,11.32,0.0,44.55,0.97,23.77
2024-05-03,12.95,0.0,49.25,2.81,24.03
2024-05-04,13.21,0.16,57.33,3.87,7.01
2024-05-05,9.49,11.77,84.85,3.16,6.23
2024-05-06,10.17,0.52,62.88,4.16,22.98
2024-05-07,9.99,0.06,53.12,4.22,23.43
2024-05-08,12.45,0.0,51.94,1.95,26.25
2024-05-09,16.68,0.0,51.12,1.97,28.58
2024-05-10,19.52,0.0,52.24,1.89,28.63
2024-05-11,21.65,0.0,44.77,1.83,27.97
2024-05-12,21.0,0.0,45.92,2.06,29.16
2024-05-13,17.5,0.0,51.0,3.35,25.59
2024-05-14,17.85,0.0,49.66,2.14,27.0
2024-05-15,19.73,0.0,51.71,2.29,23.81
2024-05-16,18.28,0.07,56.69,3.96,25.75
2024-05-17,12.66,0.08,47.99,4.11,27.22
2024-05-18,12.83,0.56,49.7,2.45,20.32
2024-05-19,12.37,0.17,50.62,2.17,19.55
2024-05-20,13.64,0.01,51.1,2.38,25.58
2024-05-21,10.14,5.01,75.13,3.08,14.41
2024-05-22,10.54,2.09,66.0,2.84,18.23
2024-05-23,12.74,0.04,62.33,2.36,25.24
2024-05-24,13.27,0.01,59.4,2.23,21.82
2024-05-25,12.35,0.06,57.19,3.13,22.18
2024-05-26,13.4,0.0,59.16,2.01,18.49
2024-05-27,18.18,0.03,52.38,1.38,24.47
2024-05-28,16.87,3.34,57.43,2.72,16.36
2024-05-29,12.48,0.27,55.07,3.89,24.7
2024-05-30,12.98,0.0,51.07,1.58,29.24
2024-05-31,16.17,0.0,41.45,1.61,29.54
2024-06-01,16.78,0.01,52.33,2.21,19.01
2024-06-02,14.61,10.33,70.3,3.4,14.0
2024-06-03,15.33,5.36,58.27,5.17,26.04
2024-06-04,15.49,0.9,61.16,5.3,21.77
2024-06-05,15.19,0.11,45.86,1.79,31.9
2024-06-06,21.07,0.0,40.19,1.6,28.7
2024-06-07,21.79,0.0,40.69,2.72,31.89
2024-06-08,22.9,0.0,38.92,2.12,27.26
2024-06-09,20.44,0.38,55.99,2.05,16.5
2024-06-10,20.5,0.0,53.06,2.27,30.35
2024-06-11,20.36,0.0,43.09,3.97,31.15
2024-06-12,16.63,0.0,40.87,1.95,32.17
2024-06-13,19.39,0.0,37.49,1.67,27.29
2024-06-14,17.2,0.0,46.07,3.21,20.92
2024-06-15,14.06,0.35,48.31,4.21,24.58
2024-06-16,12.71,0.01,51.76,2.01,26.44
2024-06-17,12.98,1.93,56.7,2.78,20.15
2024-06-18,14.74,0.12,53.94,1.95,25.84
2024-06-19,18.36,0.0,47.3,2.95,29.8
2024-06-20,21.7,0.0,39.49,3.32,30.73
2024-06-21,24.45,0.0,33.14,1.8,30.19
2024-06-22,24.87,0.0,35.04,1.53,22.41
2024-06-23,21.28,0.0,44.55,3.74,29.49
2024-06-24,19.22,0.0,44.51,1.71,31.03
2024-06-25,23.62,0.0,36.75,1.68,31.42
2024-06-26,23.06,0.07,39.41,3.68,19.85
2024-06-27,18.0,0.38,52.9,4.02,24.19
2024-06-28,19.43,0.0,50.14,1.62,28.34
2024-06-29,20.19,6.12,59.58,1.37,21.36
2024-06-30,21.46,0.06,54.42,2.85,24.42
2024-07-01,20.85,0.0,49.18,3.08,26.82
2024-07-02,20.47,0.0,46.71,3.2,30.51
2024-07-03,21.24,0.0,43.84,2.66,30.63
2024-07-04,23.96,0.0,41.93,1.35,30.8
2024-07-05,27.06,0.0,34.58,1.42,30.85
2024-07-06,27.19,0.0,41.96,1.47,30.57
2024-07-07,28.93,0.0,31.83,1.6,30.59
2024-07-08,30.14,0.0,31.15,1.18,30.21
2024-07-09,32.06,0.0,30.16,1.39,29.85
2024-07-10,31.8,0.0,27.06,2.09,29.45
2024-07-11,26.98,0.0,38.05,2.06,30.76
2024-07-12,27.58,0.0,40.61,1.48,29.87
2024-07-13,29.84,0.0,34.77,1.49,29.65
2024-07-14,28.8,0.0,34.95,2.5,30.31
2024-07-15,25.77,0.0,41.91,1.87,29.97
2024-07-16,28.15,0.0,34.59,1.64,28.41
2024-07-17,27.31,0.6,37.62,2.75,18.96
2024-07-18,28.86,0.0,39.39,1.32,27.5
2024-07-19,27.42,0.0,38.89,1.76,29.68
2024-07-20,28.52,0.0,32.67,1.28,29.3
2024-07-21,30.57,0.02,31.89,2.46,22.1
2024-07-22,27.38,0.07,45.48,3.87,21.68
2024-07-23,23.88,0.0,36.38,1.42,29.78
2024-07-24,24.66,0.0,35.59,2.9,28.67
2024-07-25,20.55,0.01,40.67,3.7,27.94
2024-07-26,20.93,0.0,38.74,1.37,27.75
2024-07-27,22.17,0.0,36.0,1.3,25.4
2024-07-28,22.16,0.0,46.12,2.55,25.11
2024-07-29,21.71,1.06,52.32,2.88,14.74
2024-07-30,23.6,0.05,49.27,2.34,24.21
2024-07-31,24.69,0.0,46.13,1.69,27.48
2024-08-01,29.03,0.0,31.9,1.2,26.73
2024-08-02,30.64,0.0,34.72,1.79,21.71
2024-08-03,27.72,0.25,44.0,2.33,13.92
2024-08-04,27.28,0.68,41.94,2.94,23.04
2024-08-05,26.98,0.1,46.87,1.93,21.61
2024-08-06,25.92,0.0,40.89,1.93,24.37
2024-08-07,26.4,0.26,35.58,1.6,25.25
2024-08-08,26.33,0.0,37.25,3.85,24.3
2024-08-09,27.07,0.0,36.6,3.24,22.32
2024-08-10,26.27,0.02,39.53,2.37,21.72
2024-08-11,25.09,0.08,41.17,1.62,21.19
2024-08-12,23.71,0.01,38.0,3.04,22.6
2024-08-13,20.48,0.01,45.01,3.03,23.71
2024-08-14,21.56,0.0,45.68,2.14,24.75
2024-08-15,22.11,0.12,47.85,2.78,21.73
2024-08-16,21.96,0.04,50.1,2.78,20.47
2024-08-17,24.63,0.03,39.91,3.47,23.37
2024-08-18,22.87,0.3,45.67,3.02,23.99
2024-08-19,22.51,0.0,39.18,2.02,20.72
2024-08-20,21.27,0.08,45.34,2.89,21.86
2024-08-21,19.23,0.01,52.41,2.03,19.99
2024-08-22,21.57,0.03,46.83,2.0,15.81
2024-08-23,17.35,1.44,62.8,4.07,9.5
2024-08-24,15.0,0.06,62.36,2.19,13.33
2024-08-25,17.69,0.01,55.08,1.18,21.99
2024-08-26,20.76,0.0,43.69,1.74,22.52
2024-08-27,18.3,0.0,41.77,4.15,21.4
2024-08-28,16.64,0.0,45.44,2.11,23.39
2024-08-29,19.86,0.0,34.51,1.53,23.17
2024-08-30,22.59,0.0,29.41,1.35,22.89
2024-08-31,24.47,0.0,27.85,2.01,23.05
2024-09-01,26.2,0.0,29.7,1.75,21.73
2024-09-02,23.76,0.02,37.88,2.01,10.88
2024-09-03,21.69,0.0,51.39,2.32,20.42
2024-09-04,24.05,0.0,41.08,1.2,21.19
2024-09-05,25.47,0.0,33.59,2.24,20.31
2024-09-06,25.54,0.0,33.36,1.86,18.38
2024-09-07,25.17,0.0,36.22,1.76,15.94
2024-09-08,23.36,0.0,43.32,1.55,12.55
2024-09-09,22.41,0.0,50.11,2.23,15.46
2024-09-10,21.28,0.01,49.54,1.97,16.83
2024-09-11,18.51,1.98,51.59,2.65,12.77
2024-09-12,18.39,0.82,52.66,3.69,13.36
2024-09-13,17.2,0.0,55.66,1.72,18.36
2024-09-14,16.1,0.28,54.84,2.07,16.61
2024-09-15,15.22,1.04,71.06,0.98,11.24
2024-09-16,17.73,0.13,61.82,2.17,15.82
2024-09-17,16.19,0.06,57.33,1.36,16.71
2024-09-18,15.89,0.03,61.91,1.78,18.48
2024-09-19,16.34,0.0,59.01,3.1,17.93
2024-09-20,14.83,0.0,51.54,3.02,18.29
2024-09-21,15.03,0.0,41.26,2.05,16.25
2024-09-22,14.99,0.0,58.31,1.96,15.24
2024-09-23,17.54,0.0,60.98,1.89,16.74
2024-09-24,21.31,0.0,49.07,1.1,16.71
2024-09-25,19.5,0.87,57.42,3.99,13.77
2024-09-26,14.03,0.0,56.93,2.46,15.98
2024-09-27,15.54,0.0,49.17,2.23,17.15
2024-09-28,17.38,0.0,60.25,2.38,15.97
2024-09-29,12.12,0.0,50.38,4.38,17.17
2024-09-30,10.42,0.0,53.46,1.21,16.42
2024-10-01,13.93,0.0,44.47,2.27,15.78
2024-10-02,11.54,0.0,56.7,2.41,16.52
2024-10-03,10.6,0.0,55.15,1.75,14.43
2024-10-04,9.8,1.04,60.36,2.93,6.12
2024-10-05,11.17,0.02,62.2,1.64,14.81
2024-10-06,12.36,0.0,49.79,2.23,14.87
2024-10-07,13.77,0.0,51.61,0.95,15.02
2024-10-08,14.13,0.0,57.93,1.65,13.73
2024-10-09,12.19,0.02,68.84,2.33,8.26
2024-10-10,9.67,0.01,63.28,1.05,14.4
2024-10-11,9.73,0.0,51.11,1.77,11.22
2024-10-12,10.92,0.0,52.96,1.69,13.13
2024-10-13,11.65,0.0,57.34,0.85,12.9
2024-10-14,12.21,0.0,65.25,1.36,12.48
2024-10-15,12.8,0.73,74.98,1.23,8.83
2024-10-16,10.24,1.63,70.58,2.99,8.64
2024-10-17,7.03,0.2,72.85,1.13,12.38
2024-10-18,6.75,0.09,68.92,2.25,6.3
2024-10-19,11.39,0.3,72.37,2.59,8.33
2024-10-20,12.77,0.3,75.8,2.45,11.22
2024-10-21,10.06,4.95,79.33,3.3,10.15
2024-10-22,7.48,0.08,72.26,1.05,12.28
2024-10-23,4.88,0.0,71.42,1.7,10.91
2024-10-24,4.67,0.04,74.83,1.68,11.36
2024-10-25,5.75,0.0,61.26,2.26,8.48
2024-10-26,8.05,0.1,70.39,1.11,9.29
2024-10-27,9.13,1.22,73.57,3.9,8.25
2024-10-28,6.59,0.69,79.51,2.85,7.12
2024-10-29,4.9,0.01,80.5,1.25,10.0
2024-10-30,4.54,1.48,76.53,1.93,5.66
2024-10-31,4.92,1.89,81.14,2.18,5.49
2024-11-01,6.42,10.24,90.7,3.72,2.69
2024-11-02,6.3,2.34,81.52,3.13,7.46
2024-11-03,4.53,0.15,81.08,1.29,7.78
2024-11-04,5.52,3.67,81.13,5.06,5.77
2024-11-05,3.71,0.0,70.1,1.83,9.47
2024-11-06,3.05,0.0,66.8,1.34,9.17
2024-11-07,2.87,0.0,67.15,1.39,9.22
2024-11-08,3.15,0.0,74.99,1.03,6.53
2024-11-09,2.77,1.0,83.64,1.06,3.81
2024-11-10,5.82,1.27,81.89,1.02,2.6
2024-11-11,6.47,0.76,85.29,2.91,3.61
2024-11-12,6.74,0.24,79.2,3.93,7.99
2024-11-13,5.34,12.84,88.65,3.79,2.12
2024-11-14,6.17,1.04,85.59,3.78,5.92
2024-11-15,4.49,0.51,81.94,1.51,6.18
2024-11-16,1.44,2.61,86.2,3.12,4.82
2024-11-17,5.69,2.68,87.81,5.32,3.54
2024-11-18,2.26,0.31,81.58,4.35,5.96
2024-11-19,2.2,1.66,75.25,4.15,4.58
2024-11-20,4.64,8.74,83.43,4.33,2.38
2024-11-21,4.54,0.24,88.75,1.24,3.31
2024-11-22,5.17,21.18,95.76,2.41,2.8
2024-11-23,3.26,2.27,93.01,1.15,2.85
2024-11-24,2.2,2.33,93.19,1.95,2.24
2024-11-25,3.42,1.0,88.72,1.58,3.88
2024-11-26,1.87,0.07,87.27,1.22,3.06
2024-11-27,0.03,0.07,84.68,1.05,3.61
2024-11-28,-1.02,0.0,89.83,0.91,1.91
2024-11-29,-1.63,0.05,87.74,0.72,2.46
2024-11-30,-1.19,0.01,82.67,0.57,2.31
2024-12-01,-0.36,0.0,83.51,1.04,4.07
2024-12-02,-0.64,0.0,88.38,0.89,2.89
2024-12-03,-1.6,0.0,84.11,1.73,2.81
2024-12-04,-1.26,0.03,86.92,1.26,1.42
2024-12-05,-1.72,0.14,81.82,0.75,1.87
2024-12-06,-2.43,0.07,82.31,0.84,1.4
2024-12-07,-1.26,5.07,92.93,2.63,1.99
2024-12-08,-0.63,1.84,97.86,2.72,3.76
2024-12-09,-2.14,0.05,93.22,0.93,3.81
2024-12-10,-1.76,0.02,93.11,0.77,2.46
2024-12-11,-2.21,0.0,91.75,1.21,2.22
2024-12-12,-0.41,0.47,85.3,1.46,3.2
2024-12-13,0.59,4.65,94.41,2.04,2.2
2024-12-14,1.94,2.01,96.8,2.49,2.94
2024-12-15,0.6,0.09,90.94,2.59,5.71
2024-12-16,0.43,4.47,93.72,1.76,1.41
2024-12-17,0.61,9.38,94.94,1.55,1.43
2024-12-18,3.36,3.61,94.56,3.86,5.58
2024-12-19,2.05,0.06,93.47,2.1,2.09
2024-12-20,2.41,0.02,93.29,1.62,1.51
2024-12-21,1.14,2.54,94.52,2.27,1.26
2024-12-22,3.37,4.76,95.08,1.39,2.77
2024-12-23,3.35,0.78,92.68,2.18,3.17
2024-12-24,2.49,9.72,94.25,1.68,1.45
2024-12-25,1.5,7.95,92.79,2.61,1.61
2024-12-26,3.94,7.83,88.68,5.79,2.53
2024-12-27,3.27,4.31,92.74,1.88,2.35
2024-12-28,4.36,0.38,95.0,4.09,4.8
2024-12-29,2.78,7.32,94.74,2.53,1.9
2024-12-30,1.48,0.22,89.46,2.1,4.73
2024-12-31,0.42,0.09,88.76,1.08,2.92
2025-01-01,-0.01,1.51,87.77,1.31,2.76
2025-01-02,0.16,1.95,94.2,2.0,1.82
2025-01-03,0.45,14.14,94.8,2.82,1.75
2025-01-04,0.24,3.16,96.57,1.39,2.89
2025-01-05,0.18,3.15,96.42,1.07,3.79
2025-01-06,-2.09,0.05,93.66,2.45,4.71
2025-01-07,-1.3,0.27,86.88,1.62,2.7
2025-01-08,-1.22,0.8,91.31,0.98,2.98
2025-01-09,-1.15,0.26,92.31,1.52,2.4
2025-01-10,-1.07,0.93,93.73,1.29,3.71
2025-01-11,0.21,0.06,92.37,1.98,6.37
2025-01-12,-1.24,0.0,82.84,1.3,6.38
2025-01-13,-1.02,0.0,89.33,1.32,3.73
2025-01-14,-0.6,0.0,89.78,1.16,3.93
2025-01-15,-0.31,0.0,87.64,0.8,5.4
2025-01-16,-2.09,0.03,92.07,1.39,3.4
2025-01-17,-3.32,0.0,82.6,2.62,7.33
2025-01-18,-4.13,0.0,73.95,2.2,6.28
2025-01-19,-3.79,0.0,73.88,2.51,7.42
2025-01-20,-5.11,0.0,74.6,1.54,7.52
2025-01-21,-3.11,0.0,68.39,1.01,7.97
2025-01-22,-2.98,0.0,75.25,1.25,7.77
2025-01-23,-1.33,0.0,76.57,1.39,3.77
2025-01-24,-2.04,0.0,76.25,3.06,8.49
2025-01-25,-3.61,0.0,75.37,3.44,8.73
2025-01-26,-2.46,0.0,68.92,1.83,8.76
2025-01-27,-1.71,0.0,68.8,1.48,8.95
2025-01-28,-2.56,0.0,75.56,1.3,8.42
2025-01-29,-2.41,0.0,75.95,1.1,8.33
2025-01-30,-1.7,0.0,79.0,0.97,5.45
2025-01-31,2.12,6.05,94.32,3.64,4.85
2025-02-01,1.21,0.12,80.19,4.22,8.45
2025-02-02,0.06,0.09,81.84,2.79,8.73
2025-02-03,0.55,0.57,77.83,2.56,6.31
2025-02-04,-2.93,1.09,61.39,4.62,4.65
2025-02-05,-2.83,0.34,68.59,1.89,4.7
2025-02-06,-1.56,0.26,85.66,2.22,4.82
2025-02-07,-3.82,0.11,72.93,3.12,10.31
2025-02-08,-3.17,1.04,89.29,2.01,5.68
2025-02-09,-2.85,0.08,69.86,1.91,9.07
2025-02-10,-6.68,0.01,64.52,4.02,11.0
2025-02-11,-8.78,0.0,60.66,3.0,11.47
2025-02-12,-9.18,0.0,67.6,3.44,11.74
2025-02-13,-7.54,1.82,77.34,3.66,6.12
2025-02-14,-3.81,2.4,91.0,1.68,5.27
2025-02-15,-1.34,2.64,91.57,1.55,4.46
2025-02-16,0.0,3.52,93.24,1.29,4.5
2025-02-17,0.71,3.35,91.02,0.82,6.54
2025-02-18,0.41,0.31,92.76,0.97,6.74
2025-02-19,-0.06,8.21,95.78,1.46,2.84
2025-02-20,0.34,0.17,91.56,1.34,6.44
2025-02-21,1.42,0.53,84.71,1.21,6.25
2025-02-22,3.59,5.33,92.48,2.11,5.49
2025-02-23,5.6,11.68,95.74,2.97,5.4
2025-02-24,5.21,3.62,92.99,2.84,4.69
2025-02-25,5.65,0.85,76.8,7.08,8.16
2025-02-26,4.36,0.04,73.61,1.14,12.77
2025-02-27,4.07,0.0,75.37,1.05,14.01
2025-02-28,5.51,0.0,77.31,0.95,12.28
2025-03-01,5.29,0.04,81.98,1.49,14.48
2025-03-02,2.66,0.03,87.73,1.28,9.3
2025-03-03,5.27,0.04,75.39,1.94,12.42
2025-03-04,2.4,0.39,91.5,1.85,8.13
2025-03-05,3.68,0.03,78.72,1.71,13.81
2025-03-06,3.26,0.01,74.48,3.69,15.85
2025-03-07,3.55,0.01,68.77,1.83,12.52
2025-03-08,5.19,0.0,69.36,1.82,8.83
2025-03-09,7.38,0.5,68.38,3.23,9.47
2025-03-10,6.03,0.33,73.08,2.32,13.83
2025-03-11,4.27,0.13,73.44,1.47,9.32
2025-03-12,6.42,6.38,85.9,2.8,7.97
2025-03-13,5.21,1.32,69.55,5.0,13.87
2025-03-14,3.42,0.43,67.51,1.84,14.52
2025-03-15,4.26,3.64,78.52,5.1,12.2
2025-03-16,3.96,1.29,81.2,3.01,12.47
2025-03-17,3.99,0.57,74.55,2.33,16.02
2025-03-18,3.5,0.41,68.59,1.92,16.82
2025-03-19,4.49,0.23,69.98,3.15,9.42
2025-03-20,5.03,0.52,80.73,5.22,13.71
2025-03-21,6.08,3.82,85.05,5.61,8.7
2025-03-22,5.13,0.05,70.63,3.25,16.16
2025-03-23,5.77,13.36,91.48,4.52,9.85
2025-03-24,9.22,0.66,85.11,2.66,10.47
2025-03-25,13.41,0.27,73.63,1.38,17.28
2025-03-26,14.76,0.11,76.39,2.43,16.26
2025-03-27,11.0,1.49,75.9,1.74,11.09
2025-03-28,8.04,2.84,80.76,3.51,10.04
2025-03-29,6.96,0.09,70.99,1.6,20.59
2025-03-30,7.76,1.58,68.71,3.69,15.1
2025-03-31,6.2,1.3,78.39,2.55,12.28
2025-04-01,5.73,3.62,77.26,1.91,12.47
2025-04-02,6.64,0.1,68.91,2.28,16.79
2025-04-03,6.8,0.15,68.44,1.32,18.21
2025-04-04,7.37,0.0,57.86,1.35,21.69
2025-04-05,8.64,0.0,56.19,1.53,21.15
2025-04-06,10.89,1.73,65.82,2.01,16.71
2025-04-07,10.79,9.48,77.55,4.15,12.79
2025-04-08,8.11,0.67,76.02,4.73,11.89
2025-04-09,9.14,0.06,65.18,2.59,21.04
2025-04-10,11.44,0.19,69.92,2.69,14.81
2025-04-11,10.04,0.02,65.34,1.89,23.6
2025-04-12,7.04,0.0,59.06,3.67,19.59
2025-04-13,7.63,0.0,52.81,1.15,24.21
2025-04-14,10.83,0.0,46.93,1.97,23.78
2025-04-15,11.85,0.0,53.75,2.06,23.13
2025-04-16,10.51,0.0,50.95,4.51,25.11
2025-04-17,9.59,0.0,48.07,2.26,25.5
2025-04-18,10.3,0.0,49.76,1.85,24.74
2025-04-19,9.58,3.36,66.48,2.31,21.98
2025-04-20,8.63,0.18,69.65,2.12,16.78
2025-04-21,8.46,0.06,64.3,2.55,21.45
2025-04-22,7.72,0.03,62.63,1.09,23.92
2025-04-23,9.94,0.0,53.32,1.24,26.12
2025-04-24,12.95,0.0,51.54,1.71,26.12
2025-04-25,16.01,0.0,52.82,2.79,24.19
2025-04-26,13.66,0.01,60.08,2.22,23.13
2025-04-27,12.59,0.04,62.53,2.7,24.49
2025-04-28,11.38,0.11,62.24,2.69,20.97
2025-04-29,11.34,1.91,65.11,3.21,24.5
2025-04-30,11.32,0.0,59.23,1.6,25.97
2025-05-01,15.66,0.0,50.25,1.53,27.1
2025-05-02,17.82,0.0,48.23,2.16,27.04
2025-05-03,9.73,1.88,71.12,3.48,12.46
2025-05-04,9.5,0.0,55.24,1.95,26.57
2025-05-05,12.12,0.0,50.23,1.44,28.36
2025-05-06,15.42,0.0,45.14,2.71,28.75
2025-05-07,15.42,0.0,46.02,2.67,22.78
2025-05-08,12.27,0.01,47.6,1.87,27.69
2025-05-09,15.7,0.0,39.62,1.48,24.5
2025-05-10,16.51,0.04,48.69,2.77,18.24
2025-05-11,11.92,4.28,73.02,1.49,12.84
2025-05-12,10.44,0.8,71.28,2.12,23.42
2025-05-13,10.63,2.45,75.42,2.03,17.67
2025-05-14,12.14,0.03,60.81,3.42,21.37
2025-05-15,11.29,0.5,60.67,2.94,21.42
2025-05-16,12.43,0.44,64.6,2.19,16.02
2025-05-17,11.79,7.21,77.35,1.96,15.14
2025-05-18,10.58,0.43,59.92,3.71,22.62
2025-05-19,9.78,3.22,76.54,2.43,15.48
2025-05-20,11.46,0.08,62.09,2.96,25.55
2025-05-21,12.04,0.06,59.08,1.78,27.48
2025-05-22,11.62,3.02,67.56,1.81,19.53
2025-05-23,14.48,0.0,57.9,1.49,25.05
2025-05-24,17.31,0.01,52.99,1.61,28.51
2025-05-25,18.5,4.17,56.3,2.94,28.0
2025-05-26,16.92,1.38,60.38,3.03,23.24
2025-05-27,16.67,0.0,55.4,1.71,26.5
2025-05-28,22.05,0.0,46.64,1.95,29.88
2025-05-29,19.74,0.13,52.39,3.46,20.3
2025-05-30,20.55,0.0,44.86,1.04,30.96
2025-05-31,20.79,0.0,47.01,3.89,28.79
2025-06-01,17.0,0.0,43.84,2.92,31.36
2025-06-02,16.3,0.0,40.73,2.38,28.35
2025-06-03,18.0,0.0,47.72,2.22,26.06
2025-06-04,18.06,0.0,43.97,1.79,27.43
2025-06-05,20.38,0.01,45.51,1.79,28.62
2025-06-06,21.99,0.0,46.73,2.51,27.43
2025-06-07,23.03,0.0,51.27,1.37,29.13
2025-06-08,25.72,0.0,37.24,1.86,30.93
2025-06-09,26.62,0.0,43.77,1.82,31.2
2025-06-10,25.57,0.0,40.18,1.66,29.11
2025-06-11,21.63,0.0,48.65,2.67,26.99
2025-06-12,19.02,0.01,45.94,3.64,28.95
2025-06-13,17.25,0.01,45.48,2.68,30.52
2025-06-14,17.01,0.0,45.09,2.7,30.98
2025-06-15,19.71,0.0,36.49,1.67,31.09
2025-06-16,21.97,0.0,28.46,2.26,27.03
2025-06-17,19.81,0.0,41.64,2.48,28.89
2025-06-18,19.77,0.0,49.28,3.74,30.58
2025-06-19,15.96,0.0,48.51,2.25,25.37
2025-06-20,15.72,0.07,47.68,3.34,23.29
2025-06-21,11.51,1.07,70.06,2.95,14.36
2025-06-22,15.45,0.39,59.33,1.93,24.28
2025-06-23,18.45,0.12,57.47,1.17,25.72
2025-06-24,22.87,0.03,42.3,1.73,25.63
2025-06-25,21.72,0.18,46.87,2.92,26.16
2025-06-26,19.18,0.54,54.12,2.5,22.27
2025-06-27,19.07,0.12,52.22,3.12,25.94
2025-06-28,19.08,0.01,48.5,2.51,28.95
2025-06-29,23.31,0.0,41.46,1.35,30.75
2025-06-30,26.79,0.0,33.38,1.51,30.17
2025-07-01,27.62,0.0,34.12,1.56,30.02
2025-07-02,25.36,0.01,40.73,3.48,28.97
2025-07-03,20.34,0.0,42.04,2.84,31.4
2025-07-04,18.54,0.02,58.16,3.13,17.72
2025-07-05,21.09,0.06,51.93,2.38,25.02
2025-07-06,21.25,0.0,44.39,2.59,29.74
2025-07-07,24.75,0.0,41.09,1.17,30.07
2025-07-08,27.43,0.0,33.91,2.32,29.92
2025-07-09,22.7,0.0,48.43,4.12,26.66
2025-07-10,21.69,0.0,47.1,3.05,27.96
2025-07-11,22.85,0.0,42.99,1.54,29.85
2025-07-12,25.71,0.0,43.85,1.96,29.08
2025-07-13,26.86,0.0,43.3,2.1,28.85
2025-07-14,25.86,0.0,42.95,3.3,28.79
2025-07-15,22.25,0.0,46.77,4.95,29.08
2025-07-16,23.55,0.0,39.07,2.18,29.79
2025-07-17,26.06,0.0,35.59,1.92,29.29
2025-07-18,24.33,0.0,38.98,2.48,22.32
2025-07-19,20.87,0.0,44.98,3.0,26.63
2025-07-20,18.38,0.08,47.48,2.83,19.97
2025-07-21,17.52,3.93,63.98,1.44,14.47
2025-07-22,19.16,0.31,58.56,1.8,21.87
2025-07-23,23.42,0.0,40.3,1.46,26.89
2025-07-24,24.38,0.0,37.87,2.46,28.84
2025-07-25,21.42,0.0,50.71,3.31,28.31
2025-07-26,20.69,0.0,46.14,2.85,27.5
2025-07-27,20.22,0.0,42.14,2.52,27.48
2025-07-28,23.04,0.0,40.67,2.27,27.84
2025-07-29,25.32,0.0,38.38,1.54,27.52
2025-07-30,27.85,0.0,39.96,2.14,23.78
2025-07-31,27.79,0.68,47.58,2.05,17.43
2025-08-01,24.42,0.37,56.07,1.7,16.58
2025-08-02,24.08,0.0,46.83,2.07,26.12
2025-08-03,21.29,0.01,52.55,2.2,22.89
2025-08-04,18.05,0.0,52.32,2.34,23.61
2025-08-05,19.1,0.0,50.49,1.84,25.5
2025-08-06,16.39,3.55,73.52,2.49,13.51
2025-08-07,17.45,1.67,58.43,2.56,20.82
2025-08-08,19.33,0.0,52.41,2.07,26.06
2025-08-09,21.86,0.0,45.48,1.42,25.2
2025-08-10,26.76,0.0,44.99,1.73,25.63
2025-08-11,27.1,0.0,46.16,1.59,25.3
2025-08-12,27.79,0.0,38.83,2.47,25.63
2025-08-13,24.23,0.0,47.94,3.57,26.12
2025-08-14,21.53,0.0,51.26,1.79,24.61
2025-08-15,18.14,0.6,61.09,3.4,13.84
2025-08-16,20.51,2.07,61.49,1.59,21.01
2025-08-17,18.66,0.0,51.44,2.11,24.81
2025-08-18,18.16,0.31,56.0,3.07,18.85
2025-08-19,20.61,0.0,41.83,2.74,24.51
2025-08-20,21.24,0.0,50.42,2.48,23.06
2025-08-21,21.84,0.0,42.98,1.05,25.01
2025-08-22,24.3,0.0,37.02,2.36,24.28
2025-08-23,26.0,0.0,35.29,2.31,21.68
2025-08-24,26.73,0.0,37.25,2.34,21.12
2025-08-25,27.37,0.01,42.53,2.19,19.82
2025-08-26,24.2,1.29,57.4,2.56,10.66
2025-08-27,21.23,5.71,79.77,1.65,6.38
2025-08-28,23.93,0.07,57.5,1.52,14.44
2025-08-29,24.69,0.0,48.01,1.51,20.53
2025-08-30,23.7,0.01,45.62,1.56,19.97
2025-08-31,25.48,0.01,43.47,1.79,16.55
2025-09-01,25.74,0.03,45.49,1.79,16.33
2025-09-02,26.3,0.0,42.32,1.15,20.37
2025-09-03,26.13,0.0,37.63,1.45,18.48
2025-09-04,26.37,0.0,41.0,0.73,16.15
2025-09-05,24.5,0.0,45.02,2.07,12.2
2025-09-06,21.15,0.56,56.26,1.51,10.11
2025-09-07,22.47,0.19,60.4,2.58,17.12
2025-09-08,19.93,0.11,55.5,1.32,18.38
2025-09-09,21.5,0.32,45.28,1.94,16.06
2025-09-10,19.99,0.15,62.78,2.07,17.69
2025-09-11,19.99,0.23,60.93,2.16,17.65
2025-09-12,19.41,0.09,63.24,1.07,17.55
2025-09-13,20.53,0.08,55.19,2.16,17.59
2025-09-14,15.32,2.71,67.05,2.36,8.62
2025-09-15,14.03,0.34,63.37,1.59,14.61
2025-09-16,18.61,0.0,56.05,2.85,19.27
2025-09-17,21.84,0.0,45.92,1.4,19.09
2025-09-18,20.34,0.0,53.84,1.67,18.12
2025-09-19,21.75,0.0,58.42,1.49,18.17
2025-09-20,20.11,0.01,55.71,2.83,17.72
2025-09-21,13.88,1.32,63.5,2.97,12.66
2025-09-22,12.8,0.0,62.1,1.11,17.93
2025-09-23,17.15,0.0,45.51,2.09,17.97
2025-09-24,19.45,0.0,38.82,1.18,17.5
2025-09-25,17.45,0.0,47.31,3.08,16.96
2025-09-26,13.58,0.0,51.9,2.22,17.02
2025-09-27,16.78,0.0,46.08,1.4,14.61
2025-09-28,17.25,0.0,45.32,1.52,14.44
2025-09-29,15.66,0.17,58.56,1.52,7.11
2025-09-30,14.82,0.13,66.33,1.9,14.95
2025-10-01,13.34,1.63,72.6,1.51,8.09
2025-10-02,12.88,0.34,71.65,1.72,13.0
2025-10-03,12.52,0.0,57.96,2.87,15.29
2025-10-04,12.76,0.04,59.28,2.69,14.2
2025-10-05,11.87,0.0,51.36,2.47,15.36
2025-10-06,10.98,0.0,55.9,1.26,14.94
2025-10-07,13.58,0.0,52.1,1.57,14.88
2025-10-08,14.15,0.0,54.02,1.67,13.03
2025-10-09,13.19,0.0,67.29,1.78,12.52
2025-10-10,14.65,0.19,61.69,2.51,10.49
2025-10-11,10.06,3.18,77.82,2.52,5.61
2025-10-12,7.6,3.86,85.11,3.07,3.9
2025-10-13,6.76,0.98,63.2,5.17,12.74
2025-10-14,6.73,0.0,58.72,2.58,13.48
2025-10-15,7.0,0.0,69.03,1.86,13.11
2025-10-16,7.22,0.07,72.56,1.84,11.74
2025-10-17,8.55,0.0,68.73,3.56,12.22
2025-10-18,5.55,4.03,80.0,1.49,6.38
2025-10-19,8.24,7.42,80.58,4.83,9.4
2025-10-20,7.51,0.03,79.9,2.39,8.54
2025-10-21,8.32,0.0,70.8,1.19,11.32
2025-10-22,7.75,0.0,69.74,1.47,8.99
2025-10-23,10.29,0.03,71.19,1.05,8.67
2025-10-24,10.09,0.59,65.04,3.08,4.89
2025-10-25,8.77,5.89,80.88,5.02,3.75
2025-10-26,6.08,2.61,83.71,4.56,5.39
2025-10-27,4.87,0.15,82.13,3.02,10.46
2025-10-28,5.42,0.03,66.74,2.41,4.87
2025-10-29,5.9,4.39,77.81,2.23,10.49
2025-10-30,4.53,0.0,80.67,2.68,8.1
2025-10-31,3.39,0.73,81.55,2.24,3.63
2025-11-01,8.45,2.22,82.97,3.52,6.92
2025-11-02,6.51,0.04,75.17,2.5,8.66
2025-11-03,4.79,8.58,82.97,2.43,3.98
2025-11-04,5.94,1.95,83.08,2.65,3.96
2025-11-05,8.3,2.61,84.31,3.82,2.86
2025-11-06,10.16,5.08,79.87,5.34,4.17
2025-11-07,6.23,0.04,83.77,4.06,9.37
2025-11-08,5.61,0.0,72.15,2.54,8.41
2025-11-09,5.97,0.0,68.74,1.99,6.91
2025-11-10,3.45,1.38,87.74,0.68,3.08
2025-11-11,4.84,0.12,90.43,0.96,6.5
2025-11-12,7.08,0.76,90.69,1.68,5.82
2025-11-13,7.21,5.43,89.91,1.12,2.77
2025-11-14,9.28,0.6,85.47,3.59,3.39
2025-11-15,9.2,0.88,87.74,1.83,6.49
2025-11-16,8.17,5.55,91.47,1.26,4.08
2025-11-17,7.1,2.35,89.84,1.54,2.53
2025-11-18,3.42,0.09,89.41,2.02,4.35
2025-11-19,3.34,0.0,80.91,2.38,6.24
2025-11-20,3.08,0.04,89.47,1.22,5.45
2025-11-21,2.05,0.04,89.42,1.44,1.85
2025-11-22,2.55,0.05,84.89,1.03,2.84
2025-11-23,6.04,1.59,85.98,1.72,3.64
2025-11-24,3.12,0.09,82.18,2.42,7.2
2025-11-25,1.62,7.31,85.66,2.29,2.36
2025-11-26,3.2,1.35,91.68,2.0,2.05
2025-11-27,2.45,14.12,95.45,2.1,1.03
2025-11-28,1.73,1.47,79.77,2.3,6.57
2025-11-29,-1.09,0.02,75.65,3.88,3.11
2025-11-30,-2.22,0.18,79.03,1.63,5.58
2025-12-01,-1.2,0.64,81.43,0.96,2.71
2025-12-02,-0.62,0.13,87.76,0.62,4.39
2025-12-03,-0.9,0.05,92.38,1.06,1.88
2025-12-04,-0.39,2.92,95.83,0.73,1.86
2025-12-05,0.86,1.99,98.95,2.13,1.31
2025-12-06,4.38,0.07,92.84,4.57,5.66
2025-12-07,4.49,2.72,96.54,3.2,1.97
2025-12-08,7.35,5.75,94.48,6.46,1.97
2025-12-09,6.16,5.05,89.41,3.03,1.84
2025-12-10,9.55,2.57,88.57,7.06,3.86
2025-12-11,8.59,2.53,87.13,3.28,2.99
2025-12-12,5.46,0.16,86.33,1.05,2.79
2025-12-13,5.37,0.0,88.74,0.92,5.13
2025-12-14,4.12,0.15,81.68,1.52,2.53
2025-12-15,8.55,5.28,89.14,4.99,3.57
2025-12-16,8.03,1.96,90.34,4.5,3.88
2025-12-17,6.17,3.58,70.17,7.26,5.56
2025-12-18,4.46,8.29,92.18,4.82,0.93
2025-12-19,3.18,0.2,80.51,4.73,5.83
2025-12-20,1.89,0.03,87.19,4.87,5.54
2025-12-21,1.06,1.16,90.97,2.16,2.68
2025-12-22,3.15,0.82,90.17,3.08,4.0
2025-12-23,3.29,0.84,91.54,2.26,3.11
2025-12-24,3.45,1.19,94.48,2.29,1.37
2025-12-25,1.88,1.55,94.4,2.04,2.15
2025-12-26,1.17,6.97,95.69,3.24,2.82
2025-12-27,-3.0,0.14,61.2,3.0,5.58
2025-12-28,-2.5,0.0,64.5,1.48,5.5
2025-12-29,-1.28,0.0,77.81,2.21,4.96
2025-12-30,-0.49,0.0,84.62,2.55,5.38
2025-12-31,-0.41,0.0,88.86,1.59,5.69
2026-01-01,-1.06,5.21,93.07,1.57,2.44
2026-01-02,0.36,4.55,97.14,1.55,2.47
2026-01-03,2.29,2.4,97.49,1.43,3.76
2026-01-04,2.65,4.65,97.54,2.29,2.87
2026-01-05,1.47,0.14,94.18,2.71,5.41
2026-01-06,1.63,2.54,94.79,5.13,1.95
2026-01-07,1.22,0.75,91.81,4.27,3.26
2026-01-08,0.52,0.1,86.48,3.58,5.72
2026-01-09,1.34,0.03,91.23,1.47,3.27
2026-01-10,1.65,0.0,84.35,1.43,4.57
2026-01-11,1.78,0.04,82.1,1.12,2.49
2026-01-12,3.18,0.07,85.69,1.54,4.96
2026-01-13,4.71,0.03,87.36,1.33,4.93
2026-01-14,2.16,0.06,94.42,1.53,6.41
2026-01-15,0.63,0.03,90.51,2.09,6.05
2026-01-16,-1.03,0.01,85.78,2.66,4.42
2026-01-17,-0.99,0.0,85.65,1.97,2.46
2026-01-18,-1.78,0.0,80.55,2.17,2.31
2026-01-19,-1.69,0.03,80.39,1.52,2.76
2026-01-20,-2.14,0.01,77.14,1.76,3.49
2026-01-21,-2.42,0.0,76.64,1.93,2.21
2026-01-22,-2.11,0.01,75.27,1.0,2.23
2026-01-23,-2.06,0.0,63.21,3.12,7.31
2026-01-24,-5.81,0.0,66.0,1.66,8.35
2026-01-25,-4.55,0.0,66.02,1.36,8.3
2026-01-26,-3.28,0.0,75.8,1.16,5.91
2026-01-27,-0.8,0.0,82.96,1.95,6.53
2026-01-28,0.82,0.69,90.24,1.39,4.91
2026-01-29,2.71,1.34,89.92,1.3,3.83
2026-01-30,1.79,0.27,93.96,1.11,2.47
2026-01-31,2.28,0.08,94.56,1.61,3.8
2026-02-01,2.24,0.49,92.65,2.04,2.6
2026-02-02,2.04,1.67,96.41,1.42,4.88
2026-02-03,3.5,0.05,93.16,1.9,4.9
2026-02-04,3.56,0.04,92.64,1.43,5.73
2026-02-05,3.71,0.07,87.74,2.12,6.55
2026-02-06,1.17,0.11,90.28,1.1,3.49
2026-02-07,2.19,3.62,91.86,1.43,2.98
2026-02-08,4.52,1.19,95.13,1.38,4.43
2026-02-09,3.27,2.39,87.34,2.85,9.3
2026-02-10,4.07,0.02,74.6,2.13,10.09
2026-02-11,3.12,0.0,70.3,1.65,10.82
2026-02-12,1.87,0.0,83.94,1.17,8.12
2026-02-13,2.93,1.38,90.03,2.07,4.69
2026-02-14,3.71,1.6,85.76,1.5,7.27
2026-02-15,2.63,1.6,87.25,1.58,7.04
2026-02-16,1.21,4.21,90.08,2.08,2.96
2026-02-17,0.65,0.27,81.05,2.41,6.69
2026-02-18,-0.72,0.09,80.9,2.47,10.94
2026-02-19,-2.05,0.84,75.88,2.52,6.06
2026-02-20,-2.38,0.0,58.01,2.4,8.44
2026-02-21,1.29,0.0,72.5,3.31,10.09
2026-02-22,4.25,1.72,77.66,2.49,4.66
2026-02-23,3.93,7.3,96.24,1.36,5.59
2026-02-24,2.16,5.75,90.03,1.47,6.37
2026-02-25,1.53,0.09,79.94,2.48,12.34
2026-02-26,3.09,0.03,78.54,3.72,13.53
2026-02-27,3.94,0.01,77.64,2.96,12.89
2026-02-28,4.15,0.0,72.17,1.3,13.23
2026-03-01,5.44,0.0,69.02,1.12,14.78
2026-03-02,6.06,0.0,68.01,1.02,14.66
2026-03-03,7.07,0.08,81.7,2.09,10.82
2026-03-04,5.85,7.18,93.95,2.12,6.3
2026-03-05,5.7,0.02,74.52,2.56,15.15
2026-03-06,6.36,0.66,84.2,2.63,14.23
2026-03-07,9.67,0.03,76.05,3.23,12.35
2026-03-08,7.3,0.09,72.16,6.12,15.35
2026-03-09,3.43,0.06,62.21,4.2,14.85
2026-03-10,3.01,0.1,60.42,4.09,16.99
2026-03-11,5.0,2.81,86.66,6.47,5.09
2026-03-12,5.91,3.5,72.85,5.18,10.97
2026-03-13,2.26,15.81,93.55,1.28,3.53
2026-03-14,2.31,0.43,72.68,3.16,17.17
2026-03-15,1.71,0.2,72.22,1.54,11.29
2026-03-16,3.38,0.91,90.15,1.17,11.22
2026-03-17,8.8,0.84,87.74,1.85,10.5
2026-03-18,9.9,1.88,90.17,1.73,10.64
2026-03-19,12.86,1.21,75.84,3.62,10.53
2026-03-20,12.15,0.95,80.48,2.88,8.67
2026-03-21,8.55,0.56,63.66,2.32,19.32
2026-03-22,4.71,0.0,67.59,1.63,19.45
2026-03-23,5.04,0.0,59.26,1.61,12.85
2026-03-24,7.93,3.73,75.62,3.09,5.17
2026-03-25,8.01,0.02,65.93,4.14,19.28
2026-03-26,4.22,0.0,63.24,2.12,21.03
2026-03-27,6.05,0.0,55.36,1.96,21.15
2026-03-28,7.0,0.0,59.17,2.2,17.88
2026-03-29,6.35,0.12,71.66,3.0,10.74
2026-03-30,4.49,0.0,48.9,2.1,21.93
2026-03-31,5.14,0.15,66.56,2.3,15.53
2026-04-01,6.67,10.4,86.8,2.61,7.48
2026-04-02,6.43,0.23,72.21,3.73,11.67
2026-04-03,6.8,0.01,66.72,2.41,19.39
2026-04-04,7.32,0.0,71.0,1.69,22.1
2026-04-05,11.77,0.0,62.27,1.3,18.22
2026-04-06,12.22,0.11,64.15,2.52,21.19
2026-04-07,10.0,0.0,58.06,3.24,23.54
2026-04-08,8.12,0.0,60.53,1.73,23.44
2026-04-09,11.02,0.0,54.46,1.31,23.69
2026-04-10,11.83,0.92,60.29,2.13,16.99
2026-04-11,10.86,1.98,74.61,2.79,11.43
2026-04-12,9.13,3.8,78.83,3.27,16.26
2026-04-13,10.48,0.86,65.58,3.99,20.21
2026-04-14,6.86,2.58,77.16,5.15,7.42
2026-04-15,7.72,3.13,63.49,4.5,20.36
2026-04-16,5.65,0.1,64.47,3.01,20.39
2026-04-17,6.44,0.02,65.89,1.86,23.76
2026-04-18,8.43,0.0,56.13,2.16,24.56
2026-04-19,11.8,0.0,60.05,1.93,20.96
2026-04-20,13.47,0.0,64.01,2.05,18.56
2026-04-21,11.8,0.92,71.89,2.63,20.34
2026-04-22,9.27,15.26,78.91,4.28,10.5
2026-04-23,9.07,0.31,55.73,3.47,20.06
2026-04-24,6.78,0.0,46.07,2.66,27.39
2026-04-25,5.82,0.0,50.11,1.7,24.33
2026-04-26,8.78,0.0,48.1,2.0,24.06
2026-04-27,9.68,0.01,63.77,2.47,22.52
2026-04-28,10.57,0.01,65.86,2.38,22.43
2026-04-29,11.3,0.0,62.68,1.69,23.96
2026-04-30,13.11,0.0,54.91,1.49,26.58
2026-05-01,15.96,0.0,45.66,1.77,25.06
2026-05-02,13.16,1.35,76.16,2.94,23.77
2026-05-03,19.12,0.02,57.38,1.59,26.79
2026-05-04,18.85,0.0,58.91,2.5,25.42
2026-05-05,17.83,0.01,48.64,4.26,27.26
2026-05-06,16.97,0.0,58.91,3.7,22.42
2026-05-07,15.65,0.0,53.34,1.75,27.78
2026-05-08,14.29,0.0,53.63,3.08,19.57
2026-05-09,14.71,0.0,55.66,1.23,25.37
2026-05-10,15.89,0.0,57.12,2.46,15.4
2026-05-11,17.01,0.0,47.1,1.02,28.97
2026-05-12,20.6,0.14,46.13,2.35,24.58
2026-05-13,13.37,5.26,70.51,5.0,11.25
2026-05-14,11.69,0.1,64.45,3.78,20.37
2026-05-15,10.5,0.1,61.8,3.79,17.9
2026-05-16,8.97,1.35,68.0,3.23,19.33
2026-05-17,11.68,0.2,57.62,1.69,26.15
2026-05-18,13.12,0.19,59.09,1.33,23.1
2026-05-19,14.71,0.03,57.04,2.26,23.9
2026-05-20,15.41,0.0,56.51,1.46,26.79
2026-05-21,17.32,0.0,45.33,2.28,26.72
2026-05-22,19.67,0.0,43.29,1.53,26.82
2026-05-23,19.04,0.28,49.85,2.81,27.87
2026-05-24,17.21,0.0,50.17,1.99,26.87
2026-05-25,17.2,7.55,52.58,2.57,20.76
2026-05-26,12.84,5.62,69.67,1.62,15.77
2026-05-27,18.09,0.54,64.26,1.18,19.54
2026-05-28,23.02,2.39,60.21,1.61,27.74
2026-05-29,17.17,1.31,65.92,4.05,21.12
2026-05-30,13.46,0.04,52.14,2.98,27.53
2026-05-31,14.45,0.04,55.06,2.69,28.23
2026-06-01,16.11,0.01,63.44,2.4,17.43
2026-06-02,18.1,0.01,56.33,1.49,25.37
2026-06-03,17.21,0.46,62.49,2.32,11.78
2026-06-04,16.99,0.04,52.74,2.91,29.07
2026-06-05,15.81,0.0,48.88,3.11,29.82
2026-06-06,14.18,0.08,48.63,3.36,21.91
2026-06-07,13.43,0.45,53.43,2.75,26.37
2026-06-08,13.99,3.61,56.96,2.24,18.83
2026-06-09,15.11,1.53,60.23,5.21,25.05
2026-06-10,14.11,0.07,56.02,3.53,23.93
2026-06-11,16.12,0.0,51.95,2.4,31.17
2026-06-12,18.02,0.0,52.21,2.24,28.19
2026-06-13,20.83,0.0,48.07,3.29,30.2
2026-06-14,23.6,0.0,39.56,2.45,30.6
2026-06-15,25.32,0.0,33.63,2.66,27.07
2026-06-16,22.46,0.0,44.27,4.53,29.51
2026-06-17,20.17,0.0,42.71,2.58,28.57
2026-06-18,22.81,0.0,43.56,1.4,30.47
2026-06-19,24.25,0.0,39.37,2.09,29.42
2026-06-20,21.68,0.0,44.36,3.71,30.63
2026-06-21,20.68,0.0,44.59,1.85,28.63
2026-06-22,24.17,0.0,37.44,1.87,30.54
2026-06-23,25.2,0.0,35.64,1.52,24.09
2026-06-24,25.77,0.01,42.41,1.87,24.58
2026-06-25,22.48,0.15,44.18,3.11,19.4
2026-06-26,17.8,2.42,62.74,2.9,12.63
2026-06-27,15.93,0.15,53.44,3.22,12.58
2026-06-28,16.02,2.37,58.29,4.14,19.46
2026-06-29,15.03,2.28,67.74,3.69,25.56
2026-06-30,16.75,0.14,58.6,2.75,21.74
2026-07-01,16.17,0.0,52.87,2.96,29.26
2026-07-02,16.76,0.0,54.74,2.06,27.42
2026-07-03,20.65,0.0,52.04,2.01,28.23
2026-07-04,21.2,0.03,45.32,2.8,30.53
2026-07-05,21.03,0.39,46.59,1.81,30.65
2026-07-06,23.78,0.17,36.65,2.02,30.08
2026-07-07,26.62,0.0,40.87,1.48,29.18
2026-07-08,23.45,0.0,44.98,3.13,27.67
2026-07-09,22.09,0.01,47.0,2.37,29.51
2026-07-10,23.19,0.1,43.86,2.28,29.56
2026-07-11,23.16,0.03,44.03,2.77,29.25
2026-07-12,20.77,0.67,44.28,1.97,20.32
2026-07-13,25.83,0.0,31.97,1.64,29.62
2026-07-14,25.88,1.05,45.08,2.36,18.04
2026-07-15,28.34,0.01,47.46,0.9,28.14
2026-07-16,26.85,1.58,46.97,3.37,27.19
2026-07-17,23.54,0.0,40.11,2.75,29.32
2026-07-18,21.83,0.01,42.51,3.24,29.24
2026-07-19,24.6,0.0,42.45,1.44,29.18
2026-07-20,25.33,0.01,40.49,1.49,13.81
2026-07-21,29.06,0.03,38.76,1.22,25.99
2026-07-22,29.63,0.0,42.02,0.99,27.02
2026-07-23,28.47,0.0,44.1,2.55,25.43
2026-07-24,25.95,0.0,46.85,2.33,27.95
2026-07-25,23.3,0.15,48.81,3.72,27.59
2026-07-26,21.43,0.5,47.92,2.15,28.23
2026-07-27,22.78,0.0,40.82,1.78,27.75
2026-07-28,22.5,0.0,47.05,3.02,27.46
2026-07-29,22.48,0.0,40.63,1.72,27.69
2026-07-30,25.2,0.0,32.22,1.72,27.83
2026-07-31,26.6,0.0,34.1,0.87,27.11
2026-08-01,25.31,0.0,32.32,4.1,27.42
2026-08-02,20.63,0.0,37.17,2.58,24.69
2026-08-03,21.96,0.0,29.08,1.77,26.2
2026-08-04,23.92,0.0,26.46,1.03,25.95
2026-08-05,26.19,0.0,22.07,1.07,25.51
2026-08-06,27.31,0.0,22.45,1.4,25.15
2026-08-07,27.71,0.0,26.31,1.89,26.03
2026-08-08,26.69,0.0,34.21,1.62,18.38
2026-08-09,25.21,0.0,34.02,1.38,23.69
2026-08-10,24.6,0.0,39.14,1.82,23.6
2026-08-11,25.02,0.0,39.19,1.43,24.32
2026-08-12,24.74,2.07,43.18,2.01,21.77
2026-08-13,24.17,0.64,47.97,2.5,23.36
2026-08-14,23.99,0.0,40.46,2.04,24.51
2026-08-15,25.84,2.39,42.88,1.67,13.36
2026-08-16,26.38,0.55,47.19,0.99,22.71
2026-08-17,27.11,0.04,38.15,1.4,24.25
2026-08-18,26.29,0.0,35.15,1.93,24.24
2026-08-19,25.8,0.0,37.06,1.63,14.67
2026-08-20,27.89,0.0,23.22,0.9,24.14
2026-08-21,30.08,0.09,22.7,2.41,18.91
2026-08-22,29.07,1.82,33.59,2.95,11.51
2026-08-23,23.47,0.0,43.09,2.56,21.57
2026-08-24,24.82,0.0,36.87,1.63,23.36
2026-08-25,27.32,0.0,31.26,1.52,22.62
2026-08-26,26.73,0.13,32.45,2.26,21.45
2026-08-27,24.62,0.0,37.76,2.71,22.18
2026-08-28,21.71,0.0,41.03,1.38,21.6
2026-08-29,19.14,0.0,41.03,3.34,-999.0
2026-08-30,18.37,0.0,42.48,2.04,-999.0
2026-08-31,-999.0,-999.0,-999.0,-999.0,-999.0
2026-09-01,-999.0,-999.0,-999.0,-999.0,-999.0
